[1m[33mComponent HMR has been enabled, see https://angular.dev/hmr for more info.[39m[22m
[1m[33m[33m▲ [43;33m[[43;30mWARNING[43;33m][0m [1mNG8102: The left side of this nullish coalescing operation does not include 'null' or 'undefined' in its type, therefore the '??' operator can be safely removed.[0m [1m[35m[plugin angular-compiler][0m

    src/app/features/admin/avis/admin-avis-list/admin-avis-list.component.html:26:42:
[37m      26 │           [ngClass]="{ 'filled': star <= ([32mavis.note ?? 0[37m) }"
         ╵                                           [32m~~~~~~~~~~~~~~[0m

  Error occurs in the template of component AdminAvisListComponent.

    src/app/features/admin/avis/admin-avis-list/admin-avis-list.component.ts:10:15:
[37m      10 │   templateUrl: [32m'./admin-avis-list.component.html'[37m,
         ╵                [32m~~~~~~~~~~~~~~~~~~~~~~~~~~~~~~~~~~[0m


[33m▲ [43;33m[[43;30mWARNING[43;33m][0m [1mNG8107: The left side of this optional chain operation does not include 'null' or 'undefined' in its type, therefore the '?.' operator can be replaced with the '.' operator.[0m [1m[35m[plugin angular-compiler][0m

    src/app/features/admin/site-bookings/site-bookings.component.html:32:38:
[37m      32 │           <td>{{ booking.siteCamping?.[32mnom[37m }}</td>
         ╵                                       [32m~~~[0m

  Error occurs in the template of component SiteBookingsComponent.

    src/app/features/admin/site-bookings/site-bookings.component.ts:13:15:
[37m      13 │   templateUrl: [32m'./site-bookings.component.html'[37m,
         ╵                [32m~~~~~~~~~~~~~~~~~~~~~~~~~~~~~~~~[0m


[33m▲ [43;33m[[43;30mWARNING[43;33m][0m [1mNG8107: The left side of this optional chain operation does not include 'null' or 'undefined' in its type, therefore the '?.' operator can be replaced with the '.' operator.[0m [1m[35m[plugin angular-compiler][0m

    src/app/features/public/MarketPlace/liste-produit/liste-produit.component.html:25:33:
[37m      25 │           [src]="product.images?.[32mlength[37m
         ╵                                  [32m~~~~~~[0m

  Error occurs in the template of component ListeProduitComponent.

    src/app/features/public/MarketPlace/liste-produit/liste-produit.component.ts:13:15:
[37m      13 │   templateUrl: [32m'./liste-produit.component.html'[37m,
         ╵                [32m~~~~~~~~~~~~~~~~~~~~~~~~~~~~~~~~[0m


[33m▲ [43;33m[[43;30mWARNING[43;33m][0m [1mNG8102: The left side of this nullish coalescing operation does not include 'null' or 'undefined' in its type, therefore the '??' operator can be safely removed.[0m [1m[35m[plugin angular-compiler][0m

    src/app/features/public/camping-sites/camping-sites.component.html:47:42:
[37m      47 │ ...          <span class="info-value">{{ [32msite.capacite ?? 0[37m }}</span>
         ╵                                          [32m~~~~~~~~~~~~~~~~~~[0m

  Error occurs in the template of component CampingSitesComponent.

    src/app/features/public/camping-sites/camping-sites.component.ts:13:15:
[37m      13 │   templateUrl: [32m'./camping-sites.component.html'[37m,
         ╵                [32m~~~~~~~~~~~~~~~~~~~~~~~~~~~~~~~~[0m


[33m▲ [43;33m[[43;30mWARNING[43;33m][0m [1mTS-998113: AvisListComponent is not used within the template of CampingSitesComponent[0m [1m[35m[plugin angular-compiler][0m

    src/app/features/public/camping-sites/camping-sites.component.ts:12:40:
[37m      12 │ ...[CommonModule, RouterModule, [32mAvisListComponent[37m, AddAvisComponent],
         ╵                                 [32m~~~~~~~~~~~~~~~~~[0m


[33m▲ [43;33m[[43;30mWARNING[43;33m][0m [1mTS-998113: AddAvisComponent is not used within the template of CampingSitesComponent[0m [1m[35m[plugin angular-compiler][0m

    src/app/features/public/camping-sites/camping-sites.component.ts:12:59:
[37m      12 │ ...[CommonModule, RouterModule, AvisListComponent, [32mAddAvisComponent[37m],
         ╵                                                    [32m~~~~~~~~~~~~~~~~[0m


[33m▲ [43;33m[[43;30mWARNING[43;33m][0m [1mUnexpected "-xxl"[0m [1m[35m[plugin angular-compiler][0m [css-syntax-error]

    src/app/features/public/landing/landing-page/landing-page.component.css:7970:41:
[37m      7970 │   .u-expanded-width:not(.custom-expanded)[32m-xxl[37m {
           ╵                                          [32m~~~~[0m


[33m▲ [43;33m[[43;30mWARNING[43;33m][0m [1mUnexpected "-xl"[0m [1m[35m[plugin angular-compiler][0m [css-syntax-error]

    src/app/features/public/landing/landing-page/landing-page.component.css:7976:52:
[37m      7976 │   .u-xl-mode .u-expanded-width:not(.custom-expanded)[32m-xl[37m {
           ╵                                                     [32m~~~[0m


[33m▲ [43;33m[[43;30mWARNING[43;33m][0m [1mUnexpected "-xl"[0m [1m[35m[plugin angular-compiler][0m [css-syntax-error]

    src/app/features/public/landing/landing-page/landing-page.component.css:7982:53:
[37m      7982 │   .u-xxl-mode .u-expanded-width:not(.custom-expanded)[32m-xl[37m {
           ╵                                                      [32m~~~[0m


[33m▲ [43;33m[[43;30mWARNING[43;33m][0m [1mUnexpected "-lg"[0m [1m[35m[plugin angular-compiler][0m [css-syntax-error]

    src/app/features/public/landing/landing-page/landing-page.component.css:7988:41:
[37m      7988 │   .u-expanded-width:not(.custom-expanded)[32m-lg[37m {
           ╵                                          [32m~~~[0m


[33m▲ [43;33m[[43;30mWARNING[43;33m][0m [1mUnexpected "-md"[0m [1m[35m[plugin angular-compiler][0m [css-syntax-error]

    src/app/features/public/landing/landing-page/landing-page.component.css:7994:41:
[37m      7994 │   .u-expanded-width:not(.custom-expanded)[32m-md[37m {
           ╵                                          [32m~~~[0m


[33m▲ [43;33m[[43;30mWARNING[43;33m][0m [1mUnexpected "-sm"[0m [1m[35m[plugin angular-compiler][0m [css-syntax-error]

    src/app/features/public/landing/landing-page/landing-page.component.css:8000:41:
[37m      8000 │   .u-expanded-width:not(.custom-expanded)[32m-sm[37m {
           ╵                                          [32m~~~[0m


[33m▲ [43;33m[[43;30mWARNING[43;33m][0m [1mUnexpected "-xs"[0m [1m[35m[plugin angular-compiler][0m [css-syntax-error]

    src/app/features/public/landing/landing-page/landing-page.component.css:8006:41:
[37m      8006 │   .u-expanded-width:not(.custom-expanded)[32m-xs[37m {
           ╵                                          [32m~~~[0m


[33m▲ [43;33m[[43;30mWARNING[43;33m][0m [1mUnexpected "-xxl"[0m [1m[35m[plugin angular-compiler][0m [css-syntax-error]

    src/app/features/public/landing/landing-page/landing-page.component.css:8097:42:
[37m      8097 │   .u-expanded-height:not(.custom-expanded)[32m-xxl[37m {
           ╵                                           [32m~~~~[0m


[33m▲ [43;33m[[43;30mWARNING[43;33m][0m [1mUnexpected "-xl"[0m [1m[35m[plugin angular-compiler][0m [css-syntax-error]

    src/app/features/public/landing/landing-page/landing-page.component.css:8102:53:
[37m      8102 │   .u-xl-mode .u-expanded-height:not(.custom-expanded)[32m-xl[37m {
           ╵                                                      [32m~~~[0m


[33m▲ [43;33m[[43;30mWARNING[43;33m][0m [1mUnexpected "-xl"[0m [1m[35m[plugin angular-compiler][0m [css-syntax-error]

    src/app/features/public/landing/landing-page/landing-page.component.css:8107:54:
[37m      8107 │   .u-xxl-mode .u-expanded-height:not(.custom-expanded)[32m-xl[37m {
           ╵                                                       [32m~~~[0m


[33m▲ [43;33m[[43;30mWARNING[43;33m][0m [1mUnexpected "-lg"[0m [1m[35m[plugin angular-compiler][0m [css-syntax-error]

    src/app/features/public/landing/landing-page/landing-page.component.css:8112:42:
[37m      8112 │   .u-expanded-height:not(.custom-expanded)[32m-lg[37m {
           ╵                                           [32m~~~[0m


[33m▲ [43;33m[[43;30mWARNING[43;33m][0m [1mUnexpected "-md"[0m [1m[35m[plugin angular-compiler][0m [css-syntax-error]

    src/app/features/public/landing/landing-page/landing-page.component.css:8117:42:
[37m      8117 │   .u-expanded-height:not(.custom-expanded)[32m-md[37m {
           ╵                                           [32m~~~[0m


[33m▲ [43;33m[[43;30mWARNING[43;33m][0m [1mUnexpected "-sm"[0m [1m[35m[plugin angular-compiler][0m [css-syntax-error]

    src/app/features/public/landing/landing-page/landing-page.component.css:8122:42:
[37m      8122 │   .u-expanded-height:not(.custom-expanded)[32m-sm[37m {
           ╵                                           [32m~~~[0m


[33m▲ [43;33m[[43;30mWARNING[43;33m][0m [1mUnexpected "-xs"[0m [1m[35m[plugin angular-compiler][0m [css-syntax-error]

    src/app/features/public/landing/landing-page/landing-page.component.css:8127:42:
[37m      8127 │   .u-expanded-height:not(.custom-expanded)[32m-xs[37m {
           ╵                                           [32m~~~[0m


[33m▲ [43;33m[[43;30mWARNING[43;33m][0m [1mUnexpected "/"[0m [1m[35m[plugin angular-compiler][0m [css-syntax-error]

    src/app/features/public/landing/landing-page/landing-page.component.css:20063:155:
[37m      20063 │ ...E1MOmNvbS5hZG9iZS54bXAAAAAAADw[32m/[37meHBhY2tldCBiZWdpbj0i77u/IiBpZ...
            ╵                                  [32m^[0m


[33m▲ [43;33m[[43;30mWARNING[43;33m][0m [1mUnterminated string token[0m [1m[35m[plugin angular-compiler][0m [css-syntax-error]

    src/app/features/public/landing/landing-page/landing-page.component.css:20063:2701:
[37m      20063 │ ...BICAAAQEICGCX/hZgANzhlTFY6SDTAAAAAElFTkSuQmCC') 0 0 no-repeat;[32m[37m
            ╵                                                                  [32m^[0m


[33m▲ [43;33m[[43;30mWARNING[43;33m][0m [1mExpected identifier but found "."[0m [1m[35m[plugin angular-compiler][0m [css-syntax-error]

    src/app/features/public/landing/landing-page/landing-page.component.css:20070:2:
[37m      20070 │   [32m.[37mpswp--svg .pswp__button,
            ╵   [32m^[0m


[33m▲ [43;33m[[43;30mWARNING[43;33m][0m [1mUnterminated string token[0m [1m[35m[plugin angular-compiler][0m [css-syntax-error]

    src/app/features/public/landing/landing-page/landing-page.component.css:20071:2528:
[37m      20071 │ ...jEsNWwtMC45LDBsMC4xLTVMMTA5LDE5eiIvPg0KPC9nPg0KPC9zdmc+DQo=');[32m[37m
            ╵                                                                  [32m^[0m


[33m▲ [43;33m[[43;30mWARNING[43;33m][0m [1mUnexpected "}"[0m [1m[35m[plugin angular-compiler][0m [css-syntax-error]

    src/app/features/public/landing/landing-page/landing-page.component.css:20077:0:
[37m      20077 │ [32m}[37m
            ╵ [32m^[0m


[33m▲ [43;33m[[43;30mWARNING[43;33m][0m [1mExpected identifier but found whitespace[0m [1m[35m[plugin angular-compiler][0m [css-syntax-error]

    src/app/features/public/landing/landing-page/landing-page.component.css:20128:6:
[37m      20128 │   top:[32m[37m 35px;
            ╵       [32m^[0m


[33m▲ [43;33m[[43;30mWARNING[43;33m][0m [1mUnexpected "35px"[0m [1m[35m[plugin angular-compiler][0m [css-syntax-error]

    src/app/features/public/landing/landing-page/landing-page.component.css:20128:7:
[37m      20128 │   top: [32m35px[37m;
            ╵        [32m~~~~[0m


[33m▲ [43;33m[[43;30mWARNING[43;33m][0m [1mExpected identifier but found whitespace[0m [1m[35m[plugin angular-compiler][0m [css-syntax-error]

    src/app/features/public/landing/landing-page/landing-page.component.css:20214:10:
[37m      20214 │   display:[32m[37m block;
            ╵           [32m^[0m


[33m▲ [43;33m[[43;30mWARNING[43;33m][0m [1mUnexpected ";"[0m [1m[35m[plugin angular-compiler][0m [css-syntax-error]

    src/app/features/public/landing/landing-page/landing-page.component.css:20214:16:
[37m      20214 │   display: block[32m;[37m
            ╵                 [32m^[0m


[33m▲ [43;33m[[43;30mWARNING[43;33m][0m [1mUnexpected "}"[0m [1m[35m[plugin angular-compiler][0m [css-syntax-error]

    src/app/features/public/landing/landing-page/landing-page.component.css:23646:0:
[37m      23646 │ [32m}[37m
            ╵ [32m^[0m


[33m▲ [43;33m[[43;30mWARNING[43;33m][0m [1mNG8107: The left side of this optional chain operation does not include 'null' or 'undefined' in its type, therefore the '?.' operator can be replaced with the '.' operator.[0m [1m[35m[plugin angular-compiler][0m

    src/app/features/public/my-bookings/my-bookings.component.html:21:40:
[37m      21 │ ...[src]="booking.siteCamping?.[32mimageUrl[37m || 'assets/images/default-...
         ╵                                [32m~~~~~~~~[0m

  Error occurs in the template of component MyBookingsComponent.

    src/app/features/public/my-bookings/my-bookings.component.ts:11:15:
[37m      11 │   templateUrl: [32m'./my-bookings.component.html'[37m,
         ╵                [32m~~~~~~~~~~~~~~~~~~~~~~~~~~~~~~[0m


[33m▲ [43;33m[[43;30mWARNING[43;33m][0m [1mNG8107: The left side of this optional chain operation does not include 'null' or 'undefined' in its type, therefore the '?.' operator can be replaced with the '.' operator.[0m [1m[35m[plugin angular-compiler][0m

    src/app/features/public/my-bookings/my-bookings.component.html:22:40:
[37m      22 │             [alt]="booking.siteCamping?.[32mnom[37m"
         ╵                                         [32m~~~[0m

  Error occurs in the template of component MyBookingsComponent.

    src/app/features/public/my-bookings/my-bookings.component.ts:11:15:
[37m      11 │   templateUrl: [32m'./my-bookings.component.html'[37m,
         ╵                [32m~~~~~~~~~~~~~~~~~~~~~~~~~~~~~~[0m


[33m▲ [43;33m[[43;30mWARNING[43;33m][0m [1mNG8107: The left side of this optional chain operation does not include 'null' or 'undefined' in its type, therefore the '?.' operator can be replaced with the '.' operator.[0m [1m[35m[plugin angular-compiler][0m

    src/app/features/public/my-bookings/my-bookings.component.html:42:42:
[37m      42 │               <h3>{{ booking.siteCamping?.[32mnom[37m }}</h3>
         ╵                                           [32m~~~[0m

  Error occurs in the template of component MyBookingsComponent.

    src/app/features/public/my-bookings/my-bookings.component.ts:11:15:
[37m      11 │   templateUrl: [32m'./my-bookings.component.html'[37m,
         ╵                [32m~~~~~~~~~~~~~~~~~~~~~~~~~~~~~~[0m


[33m▲ [43;33m[[43;30mWARNING[43;33m][0m [1mNG8107: The left side of this optional chain operation does not include 'null' or 'undefined' in its type, therefore the '?.' operator can be replaced with the '.' operator.[0m [1m[35m[plugin angular-compiler][0m

    src/app/features/public/my-bookings/my-bookings.component.html:43:58:
[37m      43 │ ...   <p class="location">{{ booking.siteCamping?.[32mlocalisation[37m }}</p>
         ╵                                                   [32m~~~~~~~~~~~~[0m

  Error occurs in the template of component MyBookingsComponent.

    src/app/features/public/my-bookings/my-bookings.component.ts:11:15:
[37m      11 │   templateUrl: [32m'./my-bookings.component.html'[37m,
         ╵                [32m~~~~~~~~~~~~~~~~~~~~~~~~~~~~~~[0m


[33m▲ [43;33m[[43;30mWARNING[43;33m][0m [1mNG8107: The left side of this optional chain operation does not include 'null' or 'undefined' in its type, therefore the '?.' operator can be replaced with the '.' operator.[0m [1m[35m[plugin angular-compiler][0m

    src/app/features/public/my-bookings/my-bookings.component.html:87:74:
[37m      87 │ ...outerLink]="['/public/site-booking', booking.siteCamping?.[32midSite[37m]"
         ╵                                                              [32m~~~~~~[0m

  Error occurs in the template of component MyBookingsComponent.

    src/app/features/public/my-bookings/my-bookings.component.ts:11:15:
[37m      11 │   templateUrl: [32m'./my-bookings.component.html'[37m,
         ╵                [32m~~~~~~~~~~~~~~~~~~~~~~~~~~~~~~[0m


[33m▲ [43;33m[[43;30mWARNING[43;33m][0m [1mUnexpected "-xxl"[0m [css-syntax-error]

    src/assets/css/nicepage.css:7963:41:
[37m      7963 │   .u-expanded-width:not(.custom-expanded)[32m-xxl[37m {
           ╵                                          [32m~~~~[0m


[33m▲ [43;33m[[43;30mWARNING[43;33m][0m [1mUnexpected "-xl"[0m [css-syntax-error]

    src/assets/css/nicepage.css:7969:52:
[37m      7969 │   .u-xl-mode .u-expanded-width:not(.custom-expanded)[32m-xl[37m {
           ╵                                                     [32m~~~[0m


[33m▲ [43;33m[[43;30mWARNING[43;33m][0m [1mUnexpected "-xl"[0m [css-syntax-error]

    src/assets/css/nicepage.css:7975:53:
[37m      7975 │   .u-xxl-mode .u-expanded-width:not(.custom-expanded)[32m-xl[37m {
           ╵                                                      [32m~~~[0m


[33m▲ [43;33m[[43;30mWARNING[43;33m][0m [1mUnexpected "-lg"[0m [css-syntax-error]

    src/assets/css/nicepage.css:7981:41:
[37m      7981 │   .u-expanded-width:not(.custom-expanded)[32m-lg[37m {
           ╵                                          [32m~~~[0m


[33m▲ [43;33m[[43;30mWARNING[43;33m][0m [1mUnexpected "-md"[0m [css-syntax-error]

    src/assets/css/nicepage.css:7987:41:
[37m      7987 │   .u-expanded-width:not(.custom-expanded)[32m-md[37m {
           ╵                                          [32m~~~[0m


[33m▲ [43;33m[[43;30mWARNING[43;33m][0m [1mUnexpected "-sm"[0m [css-syntax-error]

    src/assets/css/nicepage.css:7993:41:
[37m      7993 │   .u-expanded-width:not(.custom-expanded)[32m-sm[37m {
           ╵                                          [32m~~~[0m


[33m▲ [43;33m[[43;30mWARNING[43;33m][0m [1mUnexpected "-xs"[0m [css-syntax-error]

    src/assets/css/nicepage.css:7999:41:
[37m      7999 │   .u-expanded-width:not(.custom-expanded)[32m-xs[37m {
           ╵                                          [32m~~~[0m


[33m▲ [43;33m[[43;30mWARNING[43;33m][0m [1mUnexpected "-xxl"[0m [css-syntax-error]

    src/assets/css/nicepage.css:8090:42:
[37m      8090 │   .u-expanded-height:not(.custom-expanded)[32m-xxl[37m {
           ╵                                           [32m~~~~[0m


[33m▲ [43;33m[[43;30mWARNING[43;33m][0m [1mUnexpected "-xl"[0m [css-syntax-error]

    src/assets/css/nicepage.css:8095:53:
[37m      8095 │   .u-xl-mode .u-expanded-height:not(.custom-expanded)[32m-xl[37m {
           ╵                                                      [32m~~~[0m


[33m▲ [43;33m[[43;30mWARNING[43;33m][0m [1mUnexpected "-xl"[0m [css-syntax-error]

    src/assets/css/nicepage.css:8100:54:
[37m      8100 │   .u-xxl-mode .u-expanded-height:not(.custom-expanded)[32m-xl[37m {
           ╵                                                       [32m~~~[0m


[33m▲ [43;33m[[43;30mWARNING[43;33m][0m [1mUnexpected "-lg"[0m [css-syntax-error]

    src/assets/css/nicepage.css:8105:42:
[37m      8105 │   .u-expanded-height:not(.custom-expanded)[32m-lg[37m {
           ╵                                           [32m~~~[0m


[33m▲ [43;33m[[43;30mWARNING[43;33m][0m [1mUnexpected "-md"[0m [css-syntax-error]

    src/assets/css/nicepage.css:8110:42:
[37m      8110 │   .u-expanded-height:not(.custom-expanded)[32m-md[37m {
           ╵                                           [32m~~~[0m


[33m▲ [43;33m[[43;30mWARNING[43;33m][0m [1mUnexpected "-sm"[0m [css-syntax-error]

    src/assets/css/nicepage.css:8115:42:
[37m      8115 │   .u-expanded-height:not(.custom-expanded)[32m-sm[37m {
           ╵                                           [32m~~~[0m


[33m▲ [43;33m[[43;30mWARNING[43;33m][0m [1mUnexpected "-xs"[0m [css-syntax-error]

    src/assets/css/nicepage.css:8120:42:
[37m      8120 │   .u-expanded-height:not(.custom-expanded)[32m-xs[37m {
           ╵                                           [32m~~~[0m


[33m▲ [43;33m[[43;30mWARNING[43;33m][0m [1mUnexpected "/"[0m [css-syntax-error]

    src/assets/css/nicepage.css:20056:155:
[37m      20056 │ ...E1MOmNvbS5hZG9iZS54bXAAAAAAADw[32m/[37meHBhY2tldCBiZWdpbj0i77u/IiBpZ...
            ╵                                  [32m^[0m


[33m▲ [43;33m[[43;30mWARNING[43;33m][0m [1mUnterminated string token[0m [css-syntax-error]

    src/assets/css/nicepage.css:20056:2701:
[37m      20056 │ ...BICAAAQEICGCX/hZgANzhlTFY6SDTAAAAAElFTkSuQmCC') 0 0 no-repeat;[32m[37m
            ╵                                                                  [32m^[0m


[33m▲ [43;33m[[43;30mWARNING[43;33m][0m [1mExpected identifier but found "."[0m [css-syntax-error]

    src/assets/css/nicepage.css:20063:2:
[37m      20063 │   [32m.[37mpswp--svg .pswp__button,
            ╵   [32m^[0m


[33m▲ [43;33m[[43;30mWARNING[43;33m][0m [1mUnterminated string token[0m [css-syntax-error]

    src/assets/css/nicepage.css:20064:2528:
[37m      20064 │ ...jEsNWwtMC45LDBsMC4xLTVMMTA5LDE5eiIvPg0KPC9nPg0KPC9zdmc+DQo=');[32m[37m
            ╵                                                                  [32m^[0m


[33m▲ [43;33m[[43;30mWARNING[43;33m][0m [1mUnexpected "}"[0m [css-syntax-error]

    src/assets/css/nicepage.css:20070:0:
[37m      20070 │ [32m}[37m
            ╵ [32m^[0m


[33m▲ [43;33m[[43;30mWARNING[43;33m][0m [1mExpected identifier but found whitespace[0m [css-syntax-error]

    src/assets/css/nicepage.css:20121:6:
[37m      20121 │   top:[32m[37m 35px;
            ╵       [32m^[0m


[33m▲ [43;33m[[43;30mWARNING[43;33m][0m [1mUnexpected "35px"[0m [css-syntax-error]

    src/assets/css/nicepage.css:20121:7:
[37m      20121 │   top: [32m35px[37m;
            ╵        [32m~~~~[0m


[33m▲ [43;33m[[43;30mWARNING[43;33m][0m [1mExpected identifier but found whitespace[0m [css-syntax-error]

    src/assets/css/nicepage.css:20207:10:
[37m      20207 │   display:[32m[37m block;
            ╵           [32m^[0m


[33m▲ [43;33m[[43;30mWARNING[43;33m][0m [1mUnexpected ";"[0m [css-syntax-error]

    src/assets/css/nicepage.css:20207:16:
[37m      20207 │   display: block[32m;[37m
            ╵                 [32m^[0m


[33m▲ [43;33m[[43;30mWARNING[43;33m][0m [1mUnexpected "}"[0m [css-syntax-error]

    src/assets/css/nicepage.css:23639:0:
[37m      23639 │ [32m}[37m
            ╵ [32m^[0m

[39m[22m
[1m[33m[33m▲ [43;33m[[43;30mWARNING[43;33m][0m [1mUnexpected "-xxl"[0m [css-syntax-error]

    src/assets/css/nicepage.css:7963:41:
[37m      7963 │   .u-expanded-width:not(.custom-expanded)[32m-xxl[37m {
           ╵                                          [32m~~~~[0m


[33m▲ [43;33m[[43;30mWARNING[43;33m][0m [1mUnexpected "-xl"[0m [css-syntax-error]

    src/assets/css/nicepage.css:7969:52:
[37m      7969 │   .u-xl-mode .u-expanded-width:not(.custom-expanded)[32m-xl[37m {
           ╵                                                     [32m~~~[0m


[33m▲ [43;33m[[43;30mWARNING[43;33m][0m [1mUnexpected "-xl"[0m [css-syntax-error]

    src/assets/css/nicepage.css:7975:53:
[37m      7975 │   .u-xxl-mode .u-expanded-width:not(.custom-expanded)[32m-xl[37m {
           ╵                                                      [32m~~~[0m


[33m▲ [43;33m[[43;30mWARNING[43;33m][0m [1mUnexpected "-lg"[0m [css-syntax-error]

    src/assets/css/nicepage.css:7981:41:
[37m      7981 │   .u-expanded-width:not(.custom-expanded)[32m-lg[37m {
           ╵                                          [32m~~~[0m


[33m▲ [43;33m[[43;30mWARNING[43;33m][0m [1mUnexpected "-md"[0m [css-syntax-error]

    src/assets/css/nicepage.css:7987:41:
[37m      7987 │   .u-expanded-width:not(.custom-expanded)[32m-md[37m {
           ╵                                          [32m~~~[0m


[33m▲ [43;33m[[43;30mWARNING[43;33m][0m [1mUnexpected "-sm"[0m [css-syntax-error]

    src/assets/css/nicepage.css:7993:41:
[37m      7993 │   .u-expanded-width:not(.custom-expanded)[32m-sm[37m {
           ╵                                          [32m~~~[0m


[33m▲ [43;33m[[43;30mWARNING[43;33m][0m [1mUnexpected "-xs"[0m [css-syntax-error]

    src/assets/css/nicepage.css:7999:41:
[37m      7999 │   .u-expanded-width:not(.custom-expanded)[32m-xs[37m {
           ╵                                          [32m~~~[0m


[33m▲ [43;33m[[43;30mWARNING[43;33m][0m [1mUnexpected "-xxl"[0m [css-syntax-error]

    src/assets/css/nicepage.css:8090:42:
[37m      8090 │   .u-expanded-height:not(.custom-expanded)[32m-xxl[37m {
           ╵                                           [32m~~~~[0m


[33m▲ [43;33m[[43;30mWARNING[43;33m][0m [1mUnexpected "-xl"[0m [css-syntax-error]

    src/assets/css/nicepage.css:8095:53:
[37m      8095 │   .u-xl-mode .u-expanded-height:not(.custom-expanded)[32m-xl[37m {
           ╵                                                      [32m~~~[0m


[33m▲ [43;33m[[43;30mWARNING[43;33m][0m [1mUnexpected "-xl"[0m [css-syntax-error]

    src/assets/css/nicepage.css:8100:54:
[37m      8100 │   .u-xxl-mode .u-expanded-height:not(.custom-expanded)[32m-xl[37m {
           ╵                                                       [32m~~~[0m


[33m▲ [43;33m[[43;30mWARNING[43;33m][0m [1mUnexpected "-lg"[0m [css-syntax-error]

    src/assets/css/nicepage.css:8105:42:
[37m      8105 │   .u-expanded-height:not(.custom-expanded)[32m-lg[37m {
           ╵                                           [32m~~~[0m


[33m▲ [43;33m[[43;30mWARNING[43;33m][0m [1mUnexpected "-md"[0m [css-syntax-error]

    src/assets/css/nicepage.css:8110:42:
[37m      8110 │   .u-expanded-height:not(.custom-expanded)[32m-md[37m {
           ╵                                           [32m~~~[0m


[33m▲ [43;33m[[43;30mWARNING[43;33m][0m [1mUnexpected "-sm"[0m [css-syntax-error]

    src/assets/css/nicepage.css:8115:42:
[37m      8115 │   .u-expanded-height:not(.custom-expanded)[32m-sm[37m {
           ╵                                           [32m~~~[0m


[33m▲ [43;33m[[43;30mWARNING[43;33m][0m [1mUnexpected "-xs"[0m [css-syntax-error]

    src/assets/css/nicepage.css:8120:42:
[37m      8120 │   .u-expanded-height:not(.custom-expanded)[32m-xs[37m {
           ╵                                           [32m~~~[0m


[33m▲ [43;33m[[43;30mWARNING[43;33m][0m [1mUnexpected "/"[0m [css-syntax-error]

    src/assets/css/nicepage.css:20056:155:
[37m      20056 │ ...E1MOmNvbS5hZG9iZS54bXAAAAAAADw[32m/[37meHBhY2tldCBiZWdpbj0i77u/IiBpZ...
            ╵                                  [32m^[0m


[33m▲ [43;33m[[43;30mWARNING[43;33m][0m [1mUnterminated string token[0m [css-syntax-error]

    src/assets/css/nicepage.css:20056:2701:
[37m      20056 │ ...BICAAAQEICGCX/hZgANzhlTFY6SDTAAAAAElFTkSuQmCC') 0 0 no-repeat;[32m[37m
            ╵                                                                  [32m^[0m


[33m▲ [43;33m[[43;30mWARNING[43;33m][0m [1mExpected identifier but found "."[0m [css-syntax-error]

    src/assets/css/nicepage.css:20063:2:
[37m      20063 │   [32m.[37mpswp--svg .pswp__button,
            ╵   [32m^[0m


[33m▲ [43;33m[[43;30mWARNING[43;33m][0m [1mUnterminated string token[0m [css-syntax-error]

    src/assets/css/nicepage.css:20064:2528:
[37m      20064 │ ...jEsNWwtMC45LDBsMC4xLTVMMTA5LDE5eiIvPg0KPC9nPg0KPC9zdmc+DQo=');[32m[37m
            ╵                                                                  [32m^[0m


[33m▲ [43;33m[[43;30mWARNING[43;33m][0m [1mUnexpected "}"[0m [css-syntax-error]

    src/assets/css/nicepage.css:20070:0:
[37m      20070 │ [32m}[37m
            ╵ [32m^[0m


[33m▲ [43;33m[[43;30mWARNING[43;33m][0m [1mExpected identifier but found whitespace[0m [css-syntax-error]

    src/assets/css/nicepage.css:20121:6:
[37m      20121 │   top:[32m[37m 35px;
            ╵       [32m^[0m


[33m▲ [43;33m[[43;30mWARNING[43;33m][0m [1mUnexpected "35px"[0m [css-syntax-error]

    src/assets/css/nicepage.css:20121:7:
[37m      20121 │   top: [32m35px[37m;
            ╵        [32m~~~~[0m


[33m▲ [43;33m[[43;30mWARNING[43;33m][0m [1mExpected identifier but found whitespace[0m [css-syntax-error]

    src/assets/css/nicepage.css:20207:10:
[37m      20207 │   display:[32m[37m block;
            ╵           [32m^[0m


[33m▲ [43;33m[[43;30mWARNING[43;33m][0m [1mUnexpected ";"[0m [css-syntax-error]

    src/assets/css/nicepage.css:20207:16:
[37m      20207 │   display: block[32m;[37m
            ╵                 [32m^[0m


[33m▲ [43;33m[[43;30mWARNING[43;33m][0m [1mUnexpected "}"[0m [css-syntax-error]

    src/assets/css/nicepage.css:23639:0:
[37m      23639 │ [32m}[37m
            ╵ [32m^[0m


[33m▲ [43;33m[[43;30mWARNING[43;33m][0m [1mNG8102: The left side of this nullish coalescing operation does not include 'null' or 'undefined' in its type, therefore the '??' operator can be safely removed.[0m [1m[35m[plugin angular-compiler][0m

    src/app/features/admin/avis/admin-avis-list/admin-avis-list.component.html:26:42:
[37m      26 │           [ngClass]="{ 'filled': star <= ([32mavis.note ?? 0[37m) }"
         ╵                                           [32m~~~~~~~~~~~~~~[0m

  Error occurs in the template of component AdminAvisListComponent.

    src/app/features/admin/avis/admin-avis-list/admin-avis-list.component.ts:10:15:
[37m      10 │   templateUrl: [32m'./admin-avis-list.component.html'[37m,
         ╵                [32m~~~~~~~~~~~~~~~~~~~~~~~~~~~~~~~~~~[0m


[33m▲ [43;33m[[43;30mWARNING[43;33m][0m [1mNG8107: The left side of this optional chain operation does not include 'null' or 'undefined' in its type, therefore the '?.' operator can be replaced with the '.' operator.[0m [1m[35m[plugin angular-compiler][0m

    src/app/features/admin/site-bookings/site-bookings.component.html:32:38:
[37m      32 │           <td>{{ booking.siteCamping?.[32mnom[37m }}</td>
         ╵                                       [32m~~~[0m

  Error occurs in the template of component SiteBookingsComponent.

    src/app/features/admin/site-bookings/site-bookings.component.ts:13:15:
[37m      13 │   templateUrl: [32m'./site-bookings.component.html'[37m,
         ╵                [32m~~~~~~~~~~~~~~~~~~~~~~~~~~~~~~~~[0m


[33m▲ [43;33m[[43;30mWARNING[43;33m][0m [1mNG8107: The left side of this optional chain operation does not include 'null' or 'undefined' in its type, therefore the '?.' operator can be replaced with the '.' operator.[0m [1m[35m[plugin angular-compiler][0m

    src/app/features/public/MarketPlace/liste-produit/liste-produit.component.html:25:33:
[37m      25 │           [src]="product.images?.[32mlength[37m
         ╵                                  [32m~~~~~~[0m

  Error occurs in the template of component ListeProduitComponent.

    src/app/features/public/MarketPlace/liste-produit/liste-produit.component.ts:13:15:
[37m      13 │   templateUrl: [32m'./liste-produit.component.html'[37m,
         ╵                [32m~~~~~~~~~~~~~~~~~~~~~~~~~~~~~~~~[0m


[33m▲ [43;33m[[43;30mWARNING[43;33m][0m [1mNG8102: The left side of this nullish coalescing operation does not include 'null' or 'undefined' in its type, therefore the '??' operator can be safely removed.[0m [1m[35m[plugin angular-compiler][0m

    src/app/features/public/camping-sites/camping-sites.component.html:47:42:
[37m      47 │ ...          <span class="info-value">{{ [32msite.capacite ?? 0[37m }}</span>
         ╵                                          [32m~~~~~~~~~~~~~~~~~~[0m

  Error occurs in the template of component CampingSitesComponent.

    src/app/features/public/camping-sites/camping-sites.component.ts:13:15:
[37m      13 │   templateUrl: [32m'./camping-sites.component.html'[37m,
         ╵                [32m~~~~~~~~~~~~~~~~~~~~~~~~~~~~~~~~[0m


[33m▲ [43;33m[[43;30mWARNING[43;33m][0m [1mTS-998113: AvisListComponent is not used within the template of CampingSitesComponent[0m [1m[35m[plugin angular-compiler][0m

    src/app/features/public/camping-sites/camping-sites.component.ts:12:40:
[37m      12 │ ...[CommonModule, RouterModule, [32mAvisListComponent[37m, AddAvisComponent],
         ╵                                 [32m~~~~~~~~~~~~~~~~~[0m


[33m▲ [43;33m[[43;30mWARNING[43;33m][0m [1mTS-998113: AddAvisComponent is not used within the template of CampingSitesComponent[0m [1m[35m[plugin angular-compiler][0m

    src/app/features/public/camping-sites/camping-sites.component.ts:12:59:
[37m      12 │ ...[CommonModule, RouterModule, AvisListComponent, [32mAddAvisComponent[37m],
         ╵                                                    [32m~~~~~~~~~~~~~~~~[0m


[33m▲ [43;33m[[43;30mWARNING[43;33m][0m [1mNG8107: The left side of this optional chain operation does not include 'null' or 'undefined' in its type, therefore the '?.' operator can be replaced with the '.' operator.[0m [1m[35m[plugin angular-compiler][0m

    src/app/features/public/my-bookings/my-bookings.component.html:21:40:
[37m      21 │ ...[src]="booking.siteCamping?.[32mimageUrl[37m || 'assets/images/default-...
         ╵                                [32m~~~~~~~~[0m

  Error occurs in the template of component MyBookingsComponent.

    src/app/features/public/my-bookings/my-bookings.component.ts:11:15:
[37m      11 │   templateUrl: [32m'./my-bookings.component.html'[37m,
         ╵                [32m~~~~~~~~~~~~~~~~~~~~~~~~~~~~~~[0m


[33m▲ [43;33m[[43;30mWARNING[43;33m][0m [1mNG8107: The left side of this optional chain operation does not include 'null' or 'undefined' in its type, therefore the '?.' operator can be replaced with the '.' operator.[0m [1m[35m[plugin angular-compiler][0m

    src/app/features/public/my-bookings/my-bookings.component.html:22:40:
[37m      22 │             [alt]="booking.siteCamping?.[32mnom[37m"
         ╵                                         [32m~~~[0m

  Error occurs in the template of component MyBookingsComponent.

    src/app/features/public/my-bookings/my-bookings.component.ts:11:15:
[37m      11 │   templateUrl: [32m'./my-bookings.component.html'[37m,
         ╵                [32m~~~~~~~~~~~~~~~~~~~~~~~~~~~~~~[0m


[33m▲ [43;33m[[43;30mWARNING[43;33m][0m [1mNG8107: The left side of this optional chain operation does not include 'null' or 'undefined' in its type, therefore the '?.' operator can be replaced with the '.' operator.[0m [1m[35m[plugin angular-compiler][0m

    src/app/features/public/my-bookings/my-bookings.component.html:42:42:
[37m      42 │               <h3>{{ booking.siteCamping?.[32mnom[37m }}</h3>
         ╵                                           [32m~~~[0m

  Error occurs in the template of component MyBookingsComponent.

    src/app/features/public/my-bookings/my-bookings.component.ts:11:15:
[37m      11 │   templateUrl: [32m'./my-bookings.component.html'[37m,
         ╵                [32m~~~~~~~~~~~~~~~~~~~~~~~~~~~~~~[0m


[33m▲ [43;33m[[43;30mWARNING[43;33m][0m [1mNG8107: The left side of this optional chain operation does not include 'null' or 'undefined' in its type, therefore the '?.' operator can be replaced with the '.' operator.[0m [1m[35m[plugin angular-compiler][0m

    src/app/features/public/my-bookings/my-bookings.component.html:43:58:
[37m      43 │ ...   <p class="location">{{ booking.siteCamping?.[32mlocalisation[37m }}</p>
         ╵                                                   [32m~~~~~~~~~~~~[0m

  Error occurs in the template of component MyBookingsComponent.

    src/app/features/public/my-bookings/my-bookings.component.ts:11:15:
[37m      11 │   templateUrl: [32m'./my-bookings.component.html'[37m,
         ╵                [32m~~~~~~~~~~~~~~~~~~~~~~~~~~~~~~[0m


[33m▲ [43;33m[[43;30mWARNING[43;33m][0m [1mNG8107: The left side of this optional chain operation does not include 'null' or 'undefined' in its type, therefore the '?.' operator can be replaced with the '.' operator.[0m [1m[35m[plugin angular-compiler][0m

    src/app/features/public/my-bookings/my-bookings.component.html:87:74:
[37m      87 │ ...outerLink]="['/public/site-booking', booking.siteCamping?.[32midSite[37m]"
         ╵                                                              [32m~~~~~~[0m

  Error occurs in the template of component MyBookingsComponent.

    src/app/features/public/my-bookings/my-bookings.component.ts:11:15:
[37m      11 │   templateUrl: [32m'./my-bookings.component.html'[37m,
         ╵                [32m~~~~~~~~~~~~~~~~~~~~~~~~~~~~~~[0m

[39m[22m
[1m[31m[31mX [41;31m[[41;97mERROR[41;31m][0m [1mTS2339: Property 'getProvidedQuizAnswer' does not exist on type 'FormationDetailComponent'.[0m [1m[35m[plugin angular-compiler][0m

    src/app/features/public/formations/formation-detail/formation-detail.component.ts:195:52:
[37m      195 │ ...r((_, index) => this.[32mgetProvidedQuizAnswer[37m(index).length > 0)....
          ╵                         [32m~~~~~~~~~~~~~~~~~~~~~[0m

[39m[22m
[1m[33m[33m▲ [43;33m[[43;30mWARNING[43;33m][0m [1mUnexpected "-xxl"[0m [css-syntax-error]

    src/assets/css/nicepage.css:7963:41:
[37m      7963 │   .u-expanded-width:not(.custom-expanded)[32m-xxl[37m {
           ╵                                          [32m~~~~[0m


[33m▲ [43;33m[[43;30mWARNING[43;33m][0m [1mUnexpected "-xl"[0m [css-syntax-error]

    src/assets/css/nicepage.css:7969:52:
[37m      7969 │   .u-xl-mode .u-expanded-width:not(.custom-expanded)[32m-xl[37m {
           ╵                                                     [32m~~~[0m


[33m▲ [43;33m[[43;30mWARNING[43;33m][0m [1mUnexpected "-xl"[0m [css-syntax-error]

    src/assets/css/nicepage.css:7975:53:
[37m      7975 │   .u-xxl-mode .u-expanded-width:not(.custom-expanded)[32m-xl[37m {
           ╵                                                      [32m~~~[0m


[33m▲ [43;33m[[43;30mWARNING[43;33m][0m [1mUnexpected "-lg"[0m [css-syntax-error]

    src/assets/css/nicepage.css:7981:41:
[37m      7981 │   .u-expanded-width:not(.custom-expanded)[32m-lg[37m {
           ╵                                          [32m~~~[0m


[33m▲ [43;33m[[43;30mWARNING[43;33m][0m [1mUnexpected "-md"[0m [css-syntax-error]

    src/assets/css/nicepage.css:7987:41:
[37m      7987 │   .u-expanded-width:not(.custom-expanded)[32m-md[37m {
           ╵                                          [32m~~~[0m


[33m▲ [43;33m[[43;30mWARNING[43;33m][0m [1mUnexpected "-sm"[0m [css-syntax-error]

    src/assets/css/nicepage.css:7993:41:
[37m      7993 │   .u-expanded-width:not(.custom-expanded)[32m-sm[37m {
           ╵                                          [32m~~~[0m


[33m▲ [43;33m[[43;30mWARNING[43;33m][0m [1mUnexpected "-xs"[0m [css-syntax-error]

    src/assets/css/nicepage.css:7999:41:
[37m      7999 │   .u-expanded-width:not(.custom-expanded)[32m-xs[37m {
           ╵                                          [32m~~~[0m


[33m▲ [43;33m[[43;30mWARNING[43;33m][0m [1mUnexpected "-xxl"[0m [css-syntax-error]

    src/assets/css/nicepage.css:8090:42:
[37m      8090 │   .u-expanded-height:not(.custom-expanded)[32m-xxl[37m {
           ╵                                           [32m~~~~[0m


[33m▲ [43;33m[[43;30mWARNING[43;33m][0m [1mUnexpected "-xl"[0m [css-syntax-error]

    src/assets/css/nicepage.css:8095:53:
[37m      8095 │   .u-xl-mode .u-expanded-height:not(.custom-expanded)[32m-xl[37m {
           ╵                                                      [32m~~~[0m


[33m▲ [43;33m[[43;30mWARNING[43;33m][0m [1mUnexpected "-xl"[0m [css-syntax-error]

    src/assets/css/nicepage.css:8100:54:
[37m      8100 │   .u-xxl-mode .u-expanded-height:not(.custom-expanded)[32m-xl[37m {
           ╵                                                       [32m~~~[0m


[33m▲ [43;33m[[43;30mWARNING[43;33m][0m [1mUnexpected "-lg"[0m [css-syntax-error]

    src/assets/css/nicepage.css:8105:42:
[37m      8105 │   .u-expanded-height:not(.custom-expanded)[32m-lg[37m {
           ╵                                           [32m~~~[0m


[33m▲ [43;33m[[43;30mWARNING[43;33m][0m [1mUnexpected "-md"[0m [css-syntax-error]

    src/assets/css/nicepage.css:8110:42:
[37m      8110 │   .u-expanded-height:not(.custom-expanded)[32m-md[37m {
           ╵                                           [32m~~~[0m


[33m▲ [43;33m[[43;30mWARNING[43;33m][0m [1mUnexpected "-sm"[0m [css-syntax-error]

    src/assets/css/nicepage.css:8115:42:
[37m      8115 │   .u-expanded-height:not(.custom-expanded)[32m-sm[37m {
           ╵                                           [32m~~~[0m


[33m▲ [43;33m[[43;30mWARNING[43;33m][0m [1mUnexpected "-xs"[0m [css-syntax-error]

    src/assets/css/nicepage.css:8120:42:
[37m      8120 │   .u-expanded-height:not(.custom-expanded)[32m-xs[37m {
           ╵                                           [32m~~~[0m


[33m▲ [43;33m[[43;30mWARNING[43;33m][0m [1mUnexpected "/"[0m [css-syntax-error]

    src/assets/css/nicepage.css:20056:155:
[37m      20056 │ ...E1MOmNvbS5hZG9iZS54bXAAAAAAADw[32m/[37meHBhY2tldCBiZWdpbj0i77u/IiBpZ...
            ╵                                  [32m^[0m


[33m▲ [43;33m[[43;30mWARNING[43;33m][0m [1mUnterminated string token[0m [css-syntax-error]

    src/assets/css/nicepage.css:20056:2701:
[37m      20056 │ ...BICAAAQEICGCX/hZgANzhlTFY6SDTAAAAAElFTkSuQmCC') 0 0 no-repeat;[32m[37m
            ╵                                                                  [32m^[0m


[33m▲ [43;33m[[43;30mWARNING[43;33m][0m [1mExpected identifier but found "."[0m [css-syntax-error]

    src/assets/css/nicepage.css:20063:2:
[37m      20063 │   [32m.[37mpswp--svg .pswp__button,
            ╵   [32m^[0m


[33m▲ [43;33m[[43;30mWARNING[43;33m][0m [1mUnterminated string token[0m [css-syntax-error]

    src/assets/css/nicepage.css:20064:2528:
[37m      20064 │ ...jEsNWwtMC45LDBsMC4xLTVMMTA5LDE5eiIvPg0KPC9nPg0KPC9zdmc+DQo=');[32m[37m
            ╵                                                                  [32m^[0m


[33m▲ [43;33m[[43;30mWARNING[43;33m][0m [1mUnexpected "}"[0m [css-syntax-error]

    src/assets/css/nicepage.css:20070:0:
[37m      20070 │ [32m}[37m
            ╵ [32m^[0m


[33m▲ [43;33m[[43;30mWARNING[43;33m][0m [1mExpected identifier but found whitespace[0m [css-syntax-error]

    src/assets/css/nicepage.css:20121:6:
[37m      20121 │   top:[32m[37m 35px;
            ╵       [32m^[0m


[33m▲ [43;33m[[43;30mWARNING[43;33m][0m [1mUnexpected "35px"[0m [css-syntax-error]

    src/assets/css/nicepage.css:20121:7:
[37m      20121 │   top: [32m35px[37m;
            ╵        [32m~~~~[0m


[33m▲ [43;33m[[43;30mWARNING[43;33m][0m [1mExpected identifier but found whitespace[0m [css-syntax-error]

    src/assets/css/nicepage.css:20207:10:
[37m      20207 │   display:[32m[37m block;
            ╵           [32m^[0m


[33m▲ [43;33m[[43;30mWARNING[43;33m][0m [1mUnexpected ";"[0m [css-syntax-error]

    src/assets/css/nicepage.css:20207:16:
[37m      20207 │   display: block[32m;[37m
            ╵                 [32m^[0m


[33m▲ [43;33m[[43;30mWARNING[43;33m][0m [1mUnexpected "}"[0m [css-syntax-error]

    src/assets/css/nicepage.css:23639:0:
[37m      23639 │ [32m}[37m
            ╵ [32m^[0m


[33m▲ [43;33m[[43;30mWARNING[43;33m][0m [1mNG8102: The left side of this nullish coalescing operation does not include 'null' or 'undefined' in its type, therefore the '??' operator can be safely removed.[0m [1m[35m[plugin angular-compiler][0m

    src/app/features/admin/avis/admin-avis-list/admin-avis-list.component.html:26:42:
[37m      26 │           [ngClass]="{ 'filled': star <= ([32mavis.note ?? 0[37m) }"
         ╵                                           [32m~~~~~~~~~~~~~~[0m

  Error occurs in the template of component AdminAvisListComponent.

    src/app/features/admin/avis/admin-avis-list/admin-avis-list.component.ts:10:15:
[37m      10 │   templateUrl: [32m'./admin-avis-list.component.html'[37m,
         ╵                [32m~~~~~~~~~~~~~~~~~~~~~~~~~~~~~~~~~~[0m


[33m▲ [43;33m[[43;30mWARNING[43;33m][0m [1mNG8107: The left side of this optional chain operation does not include 'null' or 'undefined' in its type, therefore the '?.' operator can be replaced with the '.' operator.[0m [1m[35m[plugin angular-compiler][0m

    src/app/features/admin/site-bookings/site-bookings.component.html:32:38:
[37m      32 │           <td>{{ booking.siteCamping?.[32mnom[37m }}</td>
         ╵                                       [32m~~~[0m

  Error occurs in the template of component SiteBookingsComponent.

    src/app/features/admin/site-bookings/site-bookings.component.ts:13:15:
[37m      13 │   templateUrl: [32m'./site-bookings.component.html'[37m,
         ╵                [32m~~~~~~~~~~~~~~~~~~~~~~~~~~~~~~~~[0m


[33m▲ [43;33m[[43;30mWARNING[43;33m][0m [1mNG8107: The left side of this optional chain operation does not include 'null' or 'undefined' in its type, therefore the '?.' operator can be replaced with the '.' operator.[0m [1m[35m[plugin angular-compiler][0m

    src/app/features/public/MarketPlace/liste-produit/liste-produit.component.html:25:33:
[37m      25 │           [src]="product.images?.[32mlength[37m
         ╵                                  [32m~~~~~~[0m

  Error occurs in the template of component ListeProduitComponent.

    src/app/features/public/MarketPlace/liste-produit/liste-produit.component.ts:13:15:
[37m      13 │   templateUrl: [32m'./liste-produit.component.html'[37m,
         ╵                [32m~~~~~~~~~~~~~~~~~~~~~~~~~~~~~~~~[0m


[33m▲ [43;33m[[43;30mWARNING[43;33m][0m [1mNG8102: The left side of this nullish coalescing operation does not include 'null' or 'undefined' in its type, therefore the '??' operator can be safely removed.[0m [1m[35m[plugin angular-compiler][0m

    src/app/features/public/camping-sites/camping-sites.component.html:47:42:
[37m      47 │ ...          <span class="info-value">{{ [32msite.capacite ?? 0[37m }}</span>
         ╵                                          [32m~~~~~~~~~~~~~~~~~~[0m

  Error occurs in the template of component CampingSitesComponent.

    src/app/features/public/camping-sites/camping-sites.component.ts:13:15:
[37m      13 │   templateUrl: [32m'./camping-sites.component.html'[37m,
         ╵                [32m~~~~~~~~~~~~~~~~~~~~~~~~~~~~~~~~[0m


[33m▲ [43;33m[[43;30mWARNING[43;33m][0m [1mTS-998113: AvisListComponent is not used within the template of CampingSitesComponent[0m [1m[35m[plugin angular-compiler][0m

    src/app/features/public/camping-sites/camping-sites.component.ts:12:40:
[37m      12 │ ...[CommonModule, RouterModule, [32mAvisListComponent[37m, AddAvisComponent],
         ╵                                 [32m~~~~~~~~~~~~~~~~~[0m


[33m▲ [43;33m[[43;30mWARNING[43;33m][0m [1mTS-998113: AddAvisComponent is not used within the template of CampingSitesComponent[0m [1m[35m[plugin angular-compiler][0m

    src/app/features/public/camping-sites/camping-sites.component.ts:12:59:
[37m      12 │ ...[CommonModule, RouterModule, AvisListComponent, [32mAddAvisComponent[37m],
         ╵                                                    [32m~~~~~~~~~~~~~~~~[0m


[33m▲ [43;33m[[43;30mWARNING[43;33m][0m [1mNG8107: The left side of this optional chain operation does not include 'null' or 'undefined' in its type, therefore the '?.' operator can be replaced with the '.' operator.[0m [1m[35m[plugin angular-compiler][0m

    src/app/features/public/my-bookings/my-bookings.component.html:21:40:
[37m      21 │ ...[src]="booking.siteCamping?.[32mimageUrl[37m || 'assets/images/default-...
         ╵                                [32m~~~~~~~~[0m

  Error occurs in the template of component MyBookingsComponent.

    src/app/features/public/my-bookings/my-bookings.component.ts:11:15:
[37m      11 │   templateUrl: [32m'./my-bookings.component.html'[37m,
         ╵                [32m~~~~~~~~~~~~~~~~~~~~~~~~~~~~~~[0m


[33m▲ [43;33m[[43;30mWARNING[43;33m][0m [1mNG8107: The left side of this optional chain operation does not include 'null' or 'undefined' in its type, therefore the '?.' operator can be replaced with the '.' operator.[0m [1m[35m[plugin angular-compiler][0m

    src/app/features/public/my-bookings/my-bookings.component.html:22:40:
[37m      22 │             [alt]="booking.siteCamping?.[32mnom[37m"
         ╵                                         [32m~~~[0m

  Error occurs in the template of component MyBookingsComponent.

    src/app/features/public/my-bookings/my-bookings.component.ts:11:15:
[37m      11 │   templateUrl: [32m'./my-bookings.component.html'[37m,
         ╵                [32m~~~~~~~~~~~~~~~~~~~~~~~~~~~~~~[0m


[33m▲ [43;33m[[43;30mWARNING[43;33m][0m [1mNG8107: The left side of this optional chain operation does not include 'null' or 'undefined' in its type, therefore the '?.' operator can be replaced with the '.' operator.[0m [1m[35m[plugin angular-compiler][0m

    src/app/features/public/my-bookings/my-bookings.component.html:42:42:
[37m      42 │               <h3>{{ booking.siteCamping?.[32mnom[37m }}</h3>
         ╵                                           [32m~~~[0m

  Error occurs in the template of component MyBookingsComponent.

    src/app/features/public/my-bookings/my-bookings.component.ts:11:15:
[37m      11 │   templateUrl: [32m'./my-bookings.component.html'[37m,
         ╵                [32m~~~~~~~~~~~~~~~~~~~~~~~~~~~~~~[0m


[33m▲ [43;33m[[43;30mWARNING[43;33m][0m [1mNG8107: The left side of this optional chain operation does not include 'null' or 'undefined' in its type, therefore the '?.' operator can be replaced with the '.' operator.[0m [1m[35m[plugin angular-compiler][0m

    src/app/features/public/my-bookings/my-bookings.component.html:43:58:
[37m      43 │ ...   <p class="location">{{ booking.siteCamping?.[32mlocalisation[37m }}</p>
         ╵                                                   [32m~~~~~~~~~~~~[0m

  Error occurs in the template of component MyBookingsComponent.

    src/app/features/public/my-bookings/my-bookings.component.ts:11:15:
[37m      11 │   templateUrl: [32m'./my-bookings.component.html'[37m,
         ╵                [32m~~~~~~~~~~~~~~~~~~~~~~~~~~~~~~[0m


[33m▲ [43;33m[[43;30mWARNING[43;33m][0m [1mNG8107: The left side of this optional chain operation does not include 'null' or 'undefined' in its type, therefore the '?.' operator can be replaced with the '.' operator.[0m [1m[35m[plugin angular-compiler][0m

    src/app/features/public/my-bookings/my-bookings.component.html:87:74:
[37m      87 │ ...outerLink]="['/public/site-booking', booking.siteCamping?.[32midSite[37m]"
         ╵                                                              [32m~~~~~~[0m

  Error occurs in the template of component MyBookingsComponent.

    src/app/features/public/my-bookings/my-bookings.component.ts:11:15:
[37m      11 │   templateUrl: [32m'./my-bookings.component.html'[37m,
         ╵                [32m~~~~~~~~~~~~~~~~~~~~~~~~~~~~~~[0m

[39m[22m
[1m[33m[33m▲ [43;33m[[43;30mWARNING[43;33m][0m [1mUnexpected "-xxl"[0m [css-syntax-error]

    src/assets/css/nicepage.css:7963:41:
[37m      7963 │   .u-expanded-width:not(.custom-expanded)[32m-xxl[37m {
           ╵                                          [32m~~~~[0m


[33m▲ [43;33m[[43;30mWARNING[43;33m][0m [1mUnexpected "-xl"[0m [css-syntax-error]

    src/assets/css/nicepage.css:7969:52:
[37m      7969 │   .u-xl-mode .u-expanded-width:not(.custom-expanded)[32m-xl[37m {
           ╵                                                     [32m~~~[0m


[33m▲ [43;33m[[43;30mWARNING[43;33m][0m [1mUnexpected "-xl"[0m [css-syntax-error]

    src/assets/css/nicepage.css:7975:53:
[37m      7975 │   .u-xxl-mode .u-expanded-width:not(.custom-expanded)[32m-xl[37m {
           ╵                                                      [32m~~~[0m


[33m▲ [43;33m[[43;30mWARNING[43;33m][0m [1mUnexpected "-lg"[0m [css-syntax-error]

    src/assets/css/nicepage.css:7981:41:
[37m      7981 │   .u-expanded-width:not(.custom-expanded)[32m-lg[37m {
           ╵                                          [32m~~~[0m


[33m▲ [43;33m[[43;30mWARNING[43;33m][0m [1mUnexpected "-md"[0m [css-syntax-error]

    src/assets/css/nicepage.css:7987:41:
[37m      7987 │   .u-expanded-width:not(.custom-expanded)[32m-md[37m {
           ╵                                          [32m~~~[0m


[33m▲ [43;33m[[43;30mWARNING[43;33m][0m [1mUnexpected "-sm"[0m [css-syntax-error]

    src/assets/css/nicepage.css:7993:41:
[37m      7993 │   .u-expanded-width:not(.custom-expanded)[32m-sm[37m {
           ╵                                          [32m~~~[0m


[33m▲ [43;33m[[43;30mWARNING[43;33m][0m [1mUnexpected "-xs"[0m [css-syntax-error]

    src/assets/css/nicepage.css:7999:41:
[37m      7999 │   .u-expanded-width:not(.custom-expanded)[32m-xs[37m {
           ╵                                          [32m~~~[0m


[33m▲ [43;33m[[43;30mWARNING[43;33m][0m [1mUnexpected "-xxl"[0m [css-syntax-error]

    src/assets/css/nicepage.css:8090:42:
[37m      8090 │   .u-expanded-height:not(.custom-expanded)[32m-xxl[37m {
           ╵                                           [32m~~~~[0m


[33m▲ [43;33m[[43;30mWARNING[43;33m][0m [1mUnexpected "-xl"[0m [css-syntax-error]

    src/assets/css/nicepage.css:8095:53:
[37m      8095 │   .u-xl-mode .u-expanded-height:not(.custom-expanded)[32m-xl[37m {
           ╵                                                      [32m~~~[0m


[33m▲ [43;33m[[43;30mWARNING[43;33m][0m [1mUnexpected "-xl"[0m [css-syntax-error]

    src/assets/css/nicepage.css:8100:54:
[37m      8100 │   .u-xxl-mode .u-expanded-height:not(.custom-expanded)[32m-xl[37m {
           ╵                                                       [32m~~~[0m


[33m▲ [43;33m[[43;30mWARNING[43;33m][0m [1mUnexpected "-lg"[0m [css-syntax-error]

    src/assets/css/nicepage.css:8105:42:
[37m      8105 │   .u-expanded-height:not(.custom-expanded)[32m-lg[37m {
           ╵                                           [32m~~~[0m


[33m▲ [43;33m[[43;30mWARNING[43;33m][0m [1mUnexpected "-md"[0m [css-syntax-error]

    src/assets/css/nicepage.css:8110:42:
[37m      8110 │   .u-expanded-height:not(.custom-expanded)[32m-md[37m {
           ╵                                           [32m~~~[0m


[33m▲ [43;33m[[43;30mWARNING[43;33m][0m [1mUnexpected "-sm"[0m [css-syntax-error]

    src/assets/css/nicepage.css:8115:42:
[37m      8115 │   .u-expanded-height:not(.custom-expanded)[32m-sm[37m {
           ╵                                           [32m~~~[0m


[33m▲ [43;33m[[43;30mWARNING[43;33m][0m [1mUnexpected "-xs"[0m [css-syntax-error]

    src/assets/css/nicepage.css:8120:42:
[37m      8120 │   .u-expanded-height:not(.custom-expanded)[32m-xs[37m {
           ╵                                           [32m~~~[0m


[33m▲ [43;33m[[43;30mWARNING[43;33m][0m [1mUnexpected "/"[0m [css-syntax-error]

    src/assets/css/nicepage.css:20056:155:
[37m      20056 │ ...E1MOmNvbS5hZG9iZS54bXAAAAAAADw[32m/[37meHBhY2tldCBiZWdpbj0i77u/IiBpZ...
            ╵                                  [32m^[0m


[33m▲ [43;33m[[43;30mWARNING[43;33m][0m [1mUnterminated string token[0m [css-syntax-error]

    src/assets/css/nicepage.css:20056:2701:
[37m      20056 │ ...BICAAAQEICGCX/hZgANzhlTFY6SDTAAAAAElFTkSuQmCC') 0 0 no-repeat;[32m[37m
            ╵                                                                  [32m^[0m


[33m▲ [43;33m[[43;30mWARNING[43;33m][0m [1mExpected identifier but found "."[0m [css-syntax-error]

    src/assets/css/nicepage.css:20063:2:
[37m      20063 │   [32m.[37mpswp--svg .pswp__button,
            ╵   [32m^[0m


[33m▲ [43;33m[[43;30mWARNING[43;33m][0m [1mUnterminated string token[0m [css-syntax-error]

    src/assets/css/nicepage.css:20064:2528:
[37m      20064 │ ...jEsNWwtMC45LDBsMC4xLTVMMTA5LDE5eiIvPg0KPC9nPg0KPC9zdmc+DQo=');[32m[37m
            ╵                                                                  [32m^[0m


[33m▲ [43;33m[[43;30mWARNING[43;33m][0m [1mUnexpected "}"[0m [css-syntax-error]

    src/assets/css/nicepage.css:20070:0:
[37m      20070 │ [32m}[37m
            ╵ [32m^[0m


[33m▲ [43;33m[[43;30mWARNING[43;33m][0m [1mExpected identifier but found whitespace[0m [css-syntax-error]

    src/assets/css/nicepage.css:20121:6:
[37m      20121 │   top:[32m[37m 35px;
            ╵       [32m^[0m


[33m▲ [43;33m[[43;30mWARNING[43;33m][0m [1mUnexpected "35px"[0m [css-syntax-error]

    src/assets/css/nicepage.css:20121:7:
[37m      20121 │   top: [32m35px[37m;
            ╵        [32m~~~~[0m


[33m▲ [43;33m[[43;30mWARNING[43;33m][0m [1mExpected identifier but found whitespace[0m [css-syntax-error]

    src/assets/css/nicepage.css:20207:10:
[37m      20207 │   display:[32m[37m block;
            ╵           [32m^[0m


[33m▲ [43;33m[[43;30mWARNING[43;33m][0m [1mUnexpected ";"[0m [css-syntax-error]

    src/assets/css/nicepage.css:20207:16:
[37m      20207 │   display: block[32m;[37m
            ╵                 [32m^[0m


[33m▲ [43;33m[[43;30mWARNING[43;33m][0m [1mUnexpected "}"[0m [css-syntax-error]

    src/assets/css/nicepage.css:23639:0:
[37m      23639 │ [32m}[37m
            ╵ [32m^[0m


[33m▲ [43;33m[[43;30mWARNING[43;33m][0m [1mNG8102: The left side of this nullish coalescing operation does not include 'null' or 'undefined' in its type, therefore the '??' operator can be safely removed.[0m [1m[35m[plugin angular-compiler][0m

    src/app/features/admin/avis/admin-avis-list/admin-avis-list.component.html:26:42:
[37m      26 │           [ngClass]="{ 'filled': star <= ([32mavis.note ?? 0[37m) }"
         ╵                                           [32m~~~~~~~~~~~~~~[0m

  Error occurs in the template of component AdminAvisListComponent.

    src/app/features/admin/avis/admin-avis-list/admin-avis-list.component.ts:10:15:
[37m      10 │   templateUrl: [32m'./admin-avis-list.component.html'[37m,
         ╵                [32m~~~~~~~~~~~~~~~~~~~~~~~~~~~~~~~~~~[0m


[33m▲ [43;33m[[43;30mWARNING[43;33m][0m [1mNG8107: The left side of this optional chain operation does not include 'null' or 'undefined' in its type, therefore the '?.' operator can be replaced with the '.' operator.[0m [1m[35m[plugin angular-compiler][0m

    src/app/features/admin/site-bookings/site-bookings.component.html:32:38:
[37m      32 │           <td>{{ booking.siteCamping?.[32mnom[37m }}</td>
         ╵                                       [32m~~~[0m

  Error occurs in the template of component SiteBookingsComponent.

    src/app/features/admin/site-bookings/site-bookings.component.ts:13:15:
[37m      13 │   templateUrl: [32m'./site-bookings.component.html'[37m,
         ╵                [32m~~~~~~~~~~~~~~~~~~~~~~~~~~~~~~~~[0m


[33m▲ [43;33m[[43;30mWARNING[43;33m][0m [1mNG8107: The left side of this optional chain operation does not include 'null' or 'undefined' in its type, therefore the '?.' operator can be replaced with the '.' operator.[0m [1m[35m[plugin angular-compiler][0m

    src/app/features/public/MarketPlace/liste-produit/liste-produit.component.html:25:33:
[37m      25 │           [src]="product.images?.[32mlength[37m
         ╵                                  [32m~~~~~~[0m

  Error occurs in the template of component ListeProduitComponent.

    src/app/features/public/MarketPlace/liste-produit/liste-produit.component.ts:13:15:
[37m      13 │   templateUrl: [32m'./liste-produit.component.html'[37m,
         ╵                [32m~~~~~~~~~~~~~~~~~~~~~~~~~~~~~~~~[0m


[33m▲ [43;33m[[43;30mWARNING[43;33m][0m [1mNG8102: The left side of this nullish coalescing operation does not include 'null' or 'undefined' in its type, therefore the '??' operator can be safely removed.[0m [1m[35m[plugin angular-compiler][0m

    src/app/features/public/camping-sites/camping-sites.component.html:47:42:
[37m      47 │ ...          <span class="info-value">{{ [32msite.capacite ?? 0[37m }}</span>
         ╵                                          [32m~~~~~~~~~~~~~~~~~~[0m

  Error occurs in the template of component CampingSitesComponent.

    src/app/features/public/camping-sites/camping-sites.component.ts:13:15:
[37m      13 │   templateUrl: [32m'./camping-sites.component.html'[37m,
         ╵                [32m~~~~~~~~~~~~~~~~~~~~~~~~~~~~~~~~[0m


[33m▲ [43;33m[[43;30mWARNING[43;33m][0m [1mTS-998113: AvisListComponent is not used within the template of CampingSitesComponent[0m [1m[35m[plugin angular-compiler][0m

    src/app/features/public/camping-sites/camping-sites.component.ts:12:40:
[37m      12 │ ...[CommonModule, RouterModule, [32mAvisListComponent[37m, AddAvisComponent],
         ╵                                 [32m~~~~~~~~~~~~~~~~~[0m


[33m▲ [43;33m[[43;30mWARNING[43;33m][0m [1mTS-998113: AddAvisComponent is not used within the template of CampingSitesComponent[0m [1m[35m[plugin angular-compiler][0m

    src/app/features/public/camping-sites/camping-sites.component.ts:12:59:
[37m      12 │ ...[CommonModule, RouterModule, AvisListComponent, [32mAddAvisComponent[37m],
         ╵                                                    [32m~~~~~~~~~~~~~~~~[0m


[33m▲ [43;33m[[43;30mWARNING[43;33m][0m [1mNG8107: The left side of this optional chain operation does not include 'null' or 'undefined' in its type, therefore the '?.' operator can be replaced with the '.' operator.[0m [1m[35m[plugin angular-compiler][0m

    src/app/features/public/my-bookings/my-bookings.component.html:21:40:
[37m      21 │ ...[src]="booking.siteCamping?.[32mimageUrl[37m || 'assets/images/default-...
         ╵                                [32m~~~~~~~~[0m

  Error occurs in the template of component MyBookingsComponent.

    src/app/features/public/my-bookings/my-bookings.component.ts:11:15:
[37m      11 │   templateUrl: [32m'./my-bookings.component.html'[37m,
         ╵                [32m~~~~~~~~~~~~~~~~~~~~~~~~~~~~~~[0m


[33m▲ [43;33m[[43;30mWARNING[43;33m][0m [1mNG8107: The left side of this optional chain operation does not include 'null' or 'undefined' in its type, therefore the '?.' operator can be replaced with the '.' operator.[0m [1m[35m[plugin angular-compiler][0m

    src/app/features/public/my-bookings/my-bookings.component.html:22:40:
[37m      22 │             [alt]="booking.siteCamping?.[32mnom[37m"
         ╵                                         [32m~~~[0m

  Error occurs in the template of component MyBookingsComponent.

    src/app/features/public/my-bookings/my-bookings.component.ts:11:15:
[37m      11 │   templateUrl: [32m'./my-bookings.component.html'[37m,
         ╵                [32m~~~~~~~~~~~~~~~~~~~~~~~~~~~~~~[0m


[33m▲ [43;33m[[43;30mWARNING[43;33m][0m [1mNG8107: The left side of this optional chain operation does not include 'null' or 'undefined' in its type, therefore the '?.' operator can be replaced with the '.' operator.[0m [1m[35m[plugin angular-compiler][0m

    src/app/features/public/my-bookings/my-bookings.component.html:42:42:
[37m      42 │               <h3>{{ booking.siteCamping?.[32mnom[37m }}</h3>
         ╵                                           [32m~~~[0m

  Error occurs in the template of component MyBookingsComponent.

    src/app/features/public/my-bookings/my-bookings.component.ts:11:15:
[37m      11 │   templateUrl: [32m'./my-bookings.component.html'[37m,
         ╵                [32m~~~~~~~~~~~~~~~~~~~~~~~~~~~~~~[0m


[33m▲ [43;33m[[43;30mWARNING[43;33m][0m [1mNG8107: The left side of this optional chain operation does not include 'null' or 'undefined' in its type, therefore the '?.' operator can be replaced with the '.' operator.[0m [1m[35m[plugin angular-compiler][0m

    src/app/features/public/my-bookings/my-bookings.component.html:43:58:
[37m      43 │ ...   <p class="location">{{ booking.siteCamping?.[32mlocalisation[37m }}</p>
         ╵                                                   [32m~~~~~~~~~~~~[0m

  Error occurs in the template of component MyBookingsComponent.

    src/app/features/public/my-bookings/my-bookings.component.ts:11:15:
[37m      11 │   templateUrl: [32m'./my-bookings.component.html'[37m,
         ╵                [32m~~~~~~~~~~~~~~~~~~~~~~~~~~~~~~[0m


[33m▲ [43;33m[[43;30mWARNING[43;33m][0m [1mNG8107: The left side of this optional chain operation does not include 'null' or 'undefined' in its type, therefore the '?.' operator can be replaced with the '.' operator.[0m [1m[35m[plugin angular-compiler][0m

    src/app/features/public/my-bookings/my-bookings.component.html:87:74:
[37m      87 │ ...outerLink]="['/public/site-booking', booking.siteCamping?.[32midSite[37m]"
         ╵                                                              [32m~~~~~~[0m

  Error occurs in the template of component MyBookingsComponent.

    src/app/features/public/my-bookings/my-bookings.component.ts:11:15:
[37m      11 │   templateUrl: [32m'./my-bookings.component.html'[37m,
         ╵                [32m~~~~~~~~~~~~~~~~~~~~~~~~~~~~~~[0m

[39m[22m
[1m[33m[33m▲ [43;33m[[43;30mWARNING[43;33m][0m [1mUnexpected "-xxl"[0m [css-syntax-error]

    src/assets/css/nicepage.css:7963:41:
[37m      7963 │   .u-expanded-width:not(.custom-expanded)[32m-xxl[37m {
           ╵                                          [32m~~~~[0m


[33m▲ [43;33m[[43;30mWARNING[43;33m][0m [1mUnexpected "-xl"[0m [css-syntax-error]

    src/assets/css/nicepage.css:7969:52:
[37m      7969 │   .u-xl-mode .u-expanded-width:not(.custom-expanded)[32m-xl[37m {
           ╵                                                     [32m~~~[0m


[33m▲ [43;33m[[43;30mWARNING[43;33m][0m [1mUnexpected "-xl"[0m [css-syntax-error]

    src/assets/css/nicepage.css:7975:53:
[37m      7975 │   .u-xxl-mode .u-expanded-width:not(.custom-expanded)[32m-xl[37m {
           ╵                                                      [32m~~~[0m


[33m▲ [43;33m[[43;30mWARNING[43;33m][0m [1mUnexpected "-lg"[0m [css-syntax-error]

    src/assets/css/nicepage.css:7981:41:
[37m      7981 │   .u-expanded-width:not(.custom-expanded)[32m-lg[37m {
           ╵                                          [32m~~~[0m


[33m▲ [43;33m[[43;30mWARNING[43;33m][0m [1mUnexpected "-md"[0m [css-syntax-error]

    src/assets/css/nicepage.css:7987:41:
[37m      7987 │   .u-expanded-width:not(.custom-expanded)[32m-md[37m {
           ╵                                          [32m~~~[0m


[33m▲ [43;33m[[43;30mWARNING[43;33m][0m [1mUnexpected "-sm"[0m [css-syntax-error]

    src/assets/css/nicepage.css:7993:41:
[37m      7993 │   .u-expanded-width:not(.custom-expanded)[32m-sm[37m {
           ╵                                          [32m~~~[0m


[33m▲ [43;33m[[43;30mWARNING[43;33m][0m [1mUnexpected "-xs"[0m [css-syntax-error]

    src/assets/css/nicepage.css:7999:41:
[37m      7999 │   .u-expanded-width:not(.custom-expanded)[32m-xs[37m {
           ╵                                          [32m~~~[0m


[33m▲ [43;33m[[43;30mWARNING[43;33m][0m [1mUnexpected "-xxl"[0m [css-syntax-error]

    src/assets/css/nicepage.css:8090:42:
[37m      8090 │   .u-expanded-height:not(.custom-expanded)[32m-xxl[37m {
           ╵                                           [32m~~~~[0m


[33m▲ [43;33m[[43;30mWARNING[43;33m][0m [1mUnexpected "-xl"[0m [css-syntax-error]

    src/assets/css/nicepage.css:8095:53:
[37m      8095 │   .u-xl-mode .u-expanded-height:not(.custom-expanded)[32m-xl[37m {
           ╵                                                      [32m~~~[0m


[33m▲ [43;33m[[43;30mWARNING[43;33m][0m [1mUnexpected "-xl"[0m [css-syntax-error]

    src/assets/css/nicepage.css:8100:54:
[37m      8100 │   .u-xxl-mode .u-expanded-height:not(.custom-expanded)[32m-xl[37m {
           ╵                                                       [32m~~~[0m


[33m▲ [43;33m[[43;30mWARNING[43;33m][0m [1mUnexpected "-lg"[0m [css-syntax-error]

    src/assets/css/nicepage.css:8105:42:
[37m      8105 │   .u-expanded-height:not(.custom-expanded)[32m-lg[37m {
           ╵                                           [32m~~~[0m


[33m▲ [43;33m[[43;30mWARNING[43;33m][0m [1mUnexpected "-md"[0m [css-syntax-error]

    src/assets/css/nicepage.css:8110:42:
[37m      8110 │   .u-expanded-height:not(.custom-expanded)[32m-md[37m {
           ╵                                           [32m~~~[0m


[33m▲ [43;33m[[43;30mWARNING[43;33m][0m [1mUnexpected "-sm"[0m [css-syntax-error]

    src/assets/css/nicepage.css:8115:42:
[37m      8115 │   .u-expanded-height:not(.custom-expanded)[32m-sm[37m {
           ╵                                           [32m~~~[0m


[33m▲ [43;33m[[43;30mWARNING[43;33m][0m [1mUnexpected "-xs"[0m [css-syntax-error]

    src/assets/css/nicepage.css:8120:42:
[37m      8120 │   .u-expanded-height:not(.custom-expanded)[32m-xs[37m {
           ╵                                           [32m~~~[0m


[33m▲ [43;33m[[43;30mWARNING[43;33m][0m [1mUnexpected "/"[0m [css-syntax-error]

    src/assets/css/nicepage.css:20056:155:
[37m      20056 │ ...E1MOmNvbS5hZG9iZS54bXAAAAAAADw[32m/[37meHBhY2tldCBiZWdpbj0i77u/IiBpZ...
            ╵                                  [32m^[0m


[33m▲ [43;33m[[43;30mWARNING[43;33m][0m [1mUnterminated string token[0m [css-syntax-error]

    src/assets/css/nicepage.css:20056:2701:
[37m      20056 │ ...BICAAAQEICGCX/hZgANzhlTFY6SDTAAAAAElFTkSuQmCC') 0 0 no-repeat;[32m[37m
            ╵                                                                  [32m^[0m


[33m▲ [43;33m[[43;30mWARNING[43;33m][0m [1mExpected identifier but found "."[0m [css-syntax-error]

    src/assets/css/nicepage.css:20063:2:
[37m      20063 │   [32m.[37mpswp--svg .pswp__button,
            ╵   [32m^[0m


[33m▲ [43;33m[[43;30mWARNING[43;33m][0m [1mUnterminated string token[0m [css-syntax-error]

    src/assets/css/nicepage.css:20064:2528:
[37m      20064 │ ...jEsNWwtMC45LDBsMC4xLTVMMTA5LDE5eiIvPg0KPC9nPg0KPC9zdmc+DQo=');[32m[37m
            ╵                                                                  [32m^[0m


[33m▲ [43;33m[[43;30mWARNING[43;33m][0m [1mUnexpected "}"[0m [css-syntax-error]

    src/assets/css/nicepage.css:20070:0:
[37m      20070 │ [32m}[37m
            ╵ [32m^[0m


[33m▲ [43;33m[[43;30mWARNING[43;33m][0m [1mExpected identifier but found whitespace[0m [css-syntax-error]

    src/assets/css/nicepage.css:20121:6:
[37m      20121 │   top:[32m[37m 35px;
            ╵       [32m^[0m


[33m▲ [43;33m[[43;30mWARNING[43;33m][0m [1mUnexpected "35px"[0m [css-syntax-error]

    src/assets/css/nicepage.css:20121:7:
[37m      20121 │   top: [32m35px[37m;
            ╵        [32m~~~~[0m


[33m▲ [43;33m[[43;30mWARNING[43;33m][0m [1mExpected identifier but found whitespace[0m [css-syntax-error]

    src/assets/css/nicepage.css:20207:10:
[37m      20207 │   display:[32m[37m block;
            ╵           [32m^[0m


[33m▲ [43;33m[[43;30mWARNING[43;33m][0m [1mUnexpected ";"[0m [css-syntax-error]

    src/assets/css/nicepage.css:20207:16:
[37m      20207 │   display: block[32m;[37m
            ╵                 [32m^[0m


[33m▲ [43;33m[[43;30mWARNING[43;33m][0m [1mUnexpected "}"[0m [css-syntax-error]

    src/assets/css/nicepage.css:23639:0:
[37m      23639 │ [32m}[37m
            ╵ [32m^[0m


[33m▲ [43;33m[[43;30mWARNING[43;33m][0m [1mNG8102: The left side of this nullish coalescing operation does not include 'null' or 'undefined' in its type, therefore the '??' operator can be safely removed.[0m [1m[35m[plugin angular-compiler][0m

    src/app/features/admin/avis/admin-avis-list/admin-avis-list.component.html:26:42:
[37m      26 │           [ngClass]="{ 'filled': star <= ([32mavis.note ?? 0[37m) }"
         ╵                                           [32m~~~~~~~~~~~~~~[0m

  Error occurs in the template of component AdminAvisListComponent.

    src/app/features/admin/avis/admin-avis-list/admin-avis-list.component.ts:10:15:
[37m      10 │   templateUrl: [32m'./admin-avis-list.component.html'[37m,
         ╵                [32m~~~~~~~~~~~~~~~~~~~~~~~~~~~~~~~~~~[0m


[33m▲ [43;33m[[43;30mWARNING[43;33m][0m [1mNG8107: The left side of this optional chain operation does not include 'null' or 'undefined' in its type, therefore the '?.' operator can be replaced with the '.' operator.[0m [1m[35m[plugin angular-compiler][0m

    src/app/features/admin/site-bookings/site-bookings.component.html:32:38:
[37m      32 │           <td>{{ booking.siteCamping?.[32mnom[37m }}</td>
         ╵                                       [32m~~~[0m

  Error occurs in the template of component SiteBookingsComponent.

    src/app/features/admin/site-bookings/site-bookings.component.ts:13:15:
[37m      13 │   templateUrl: [32m'./site-bookings.component.html'[37m,
         ╵                [32m~~~~~~~~~~~~~~~~~~~~~~~~~~~~~~~~[0m


[33m▲ [43;33m[[43;30mWARNING[43;33m][0m [1mNG8107: The left side of this optional chain operation does not include 'null' or 'undefined' in its type, therefore the '?.' operator can be replaced with the '.' operator.[0m [1m[35m[plugin angular-compiler][0m

    src/app/features/public/MarketPlace/liste-produit/liste-produit.component.html:25:33:
[37m      25 │           [src]="product.images?.[32mlength[37m
         ╵                                  [32m~~~~~~[0m

  Error occurs in the template of component ListeProduitComponent.

    src/app/features/public/MarketPlace/liste-produit/liste-produit.component.ts:13:15:
[37m      13 │   templateUrl: [32m'./liste-produit.component.html'[37m,
         ╵                [32m~~~~~~~~~~~~~~~~~~~~~~~~~~~~~~~~[0m


[33m▲ [43;33m[[43;30mWARNING[43;33m][0m [1mNG8102: The left side of this nullish coalescing operation does not include 'null' or 'undefined' in its type, therefore the '??' operator can be safely removed.[0m [1m[35m[plugin angular-compiler][0m

    src/app/features/public/camping-sites/camping-sites.component.html:47:42:
[37m      47 │ ...          <span class="info-value">{{ [32msite.capacite ?? 0[37m }}</span>
         ╵                                          [32m~~~~~~~~~~~~~~~~~~[0m

  Error occurs in the template of component CampingSitesComponent.

    src/app/features/public/camping-sites/camping-sites.component.ts:13:15:
[37m      13 │   templateUrl: [32m'./camping-sites.component.html'[37m,
         ╵                [32m~~~~~~~~~~~~~~~~~~~~~~~~~~~~~~~~[0m


[33m▲ [43;33m[[43;30mWARNING[43;33m][0m [1mTS-998113: AvisListComponent is not used within the template of CampingSitesComponent[0m [1m[35m[plugin angular-compiler][0m

    src/app/features/public/camping-sites/camping-sites.component.ts:12:40:
[37m      12 │ ...[CommonModule, RouterModule, [32mAvisListComponent[37m, AddAvisComponent],
         ╵                                 [32m~~~~~~~~~~~~~~~~~[0m


[33m▲ [43;33m[[43;30mWARNING[43;33m][0m [1mTS-998113: AddAvisComponent is not used within the template of CampingSitesComponent[0m [1m[35m[plugin angular-compiler][0m

    src/app/features/public/camping-sites/camping-sites.component.ts:12:59:
[37m      12 │ ...[CommonModule, RouterModule, AvisListComponent, [32mAddAvisComponent[37m],
         ╵                                                    [32m~~~~~~~~~~~~~~~~[0m


[33m▲ [43;33m[[43;30mWARNING[43;33m][0m [1mNG8107: The left side of this optional chain operation does not include 'null' or 'undefined' in its type, therefore the '?.' operator can be replaced with the '.' operator.[0m [1m[35m[plugin angular-compiler][0m

    src/app/features/public/my-bookings/my-bookings.component.html:21:40:
[37m      21 │ ...[src]="booking.siteCamping?.[32mimageUrl[37m || 'assets/images/default-...
         ╵                                [32m~~~~~~~~[0m

  Error occurs in the template of component MyBookingsComponent.

    src/app/features/public/my-bookings/my-bookings.component.ts:11:15:
[37m      11 │   templateUrl: [32m'./my-bookings.component.html'[37m,
         ╵                [32m~~~~~~~~~~~~~~~~~~~~~~~~~~~~~~[0m


[33m▲ [43;33m[[43;30mWARNING[43;33m][0m [1mNG8107: The left side of this optional chain operation does not include 'null' or 'undefined' in its type, therefore the '?.' operator can be replaced with the '.' operator.[0m [1m[35m[plugin angular-compiler][0m

    src/app/features/public/my-bookings/my-bookings.component.html:22:40:
[37m      22 │             [alt]="booking.siteCamping?.[32mnom[37m"
         ╵                                         [32m~~~[0m

  Error occurs in the template of component MyBookingsComponent.

    src/app/features/public/my-bookings/my-bookings.component.ts:11:15:
[37m      11 │   templateUrl: [32m'./my-bookings.component.html'[37m,
         ╵                [32m~~~~~~~~~~~~~~~~~~~~~~~~~~~~~~[0m


[33m▲ [43;33m[[43;30mWARNING[43;33m][0m [1mNG8107: The left side of this optional chain operation does not include 'null' or 'undefined' in its type, therefore the '?.' operator can be replaced with the '.' operator.[0m [1m[35m[plugin angular-compiler][0m

    src/app/features/public/my-bookings/my-bookings.component.html:42:42:
[37m      42 │               <h3>{{ booking.siteCamping?.[32mnom[37m }}</h3>
         ╵                                           [32m~~~[0m

  Error occurs in the template of component MyBookingsComponent.

    src/app/features/public/my-bookings/my-bookings.component.ts:11:15:
[37m      11 │   templateUrl: [32m'./my-bookings.component.html'[37m,
         ╵                [32m~~~~~~~~~~~~~~~~~~~~~~~~~~~~~~[0m


[33m▲ [43;33m[[43;30mWARNING[43;33m][0m [1mNG8107: The left side of this optional chain operation does not include 'null' or 'undefined' in its type, therefore the '?.' operator can be replaced with the '.' operator.[0m [1m[35m[plugin angular-compiler][0m

    src/app/features/public/my-bookings/my-bookings.component.html:43:58:
[37m      43 │ ...   <p class="location">{{ booking.siteCamping?.[32mlocalisation[37m }}</p>
         ╵                                                   [32m~~~~~~~~~~~~[0m

  Error occurs in the template of component MyBookingsComponent.

    src/app/features/public/my-bookings/my-bookings.component.ts:11:15:
[37m      11 │   templateUrl: [32m'./my-bookings.component.html'[37m,
         ╵                [32m~~~~~~~~~~~~~~~~~~~~~~~~~~~~~~[0m


[33m▲ [43;33m[[43;30mWARNING[43;33m][0m [1mNG8107: The left side of this optional chain operation does not include 'null' or 'undefined' in its type, therefore the '?.' operator can be replaced with the '.' operator.[0m [1m[35m[plugin angular-compiler][0m

    src/app/features/public/my-bookings/my-bookings.component.html:87:74:
[37m      87 │ ...outerLink]="['/public/site-booking', booking.siteCamping?.[32midSite[37m]"
         ╵                                                              [32m~~~~~~[0m

  Error occurs in the template of component MyBookingsComponent.

    src/app/features/public/my-bookings/my-bookings.component.ts:11:15:
[37m      11 │   templateUrl: [32m'./my-bookings.component.html'[37m,
         ╵                [32m~~~~~~~~~~~~~~~~~~~~~~~~~~~~~~[0m

[39m[22m
[1m[33m[33m▲ [43;33m[[43;30mWARNING[43;33m][0m [1mUnexpected "-xxl"[0m [css-syntax-error]

    src/assets/css/nicepage.css:7963:41:
[37m      7963 │   .u-expanded-width:not(.custom-expanded)[32m-xxl[37m {
           ╵                                          [32m~~~~[0m


[33m▲ [43;33m[[43;30mWARNING[43;33m][0m [1mUnexpected "-xl"[0m [css-syntax-error]

    src/assets/css/nicepage.css:7969:52:
[37m      7969 │   .u-xl-mode .u-expanded-width:not(.custom-expanded)[32m-xl[37m {
           ╵                                                     [32m~~~[0m


[33m▲ [43;33m[[43;30mWARNING[43;33m][0m [1mUnexpected "-xl"[0m [css-syntax-error]

    src/assets/css/nicepage.css:7975:53:
[37m      7975 │   .u-xxl-mode .u-expanded-width:not(.custom-expanded)[32m-xl[37m {
           ╵                                                      [32m~~~[0m


[33m▲ [43;33m[[43;30mWARNING[43;33m][0m [1mUnexpected "-lg"[0m [css-syntax-error]

    src/assets/css/nicepage.css:7981:41:
[37m      7981 │   .u-expanded-width:not(.custom-expanded)[32m-lg[37m {
           ╵                                          [32m~~~[0m


[33m▲ [43;33m[[43;30mWARNING[43;33m][0m [1mUnexpected "-md"[0m [css-syntax-error]

    src/assets/css/nicepage.css:7987:41:
[37m      7987 │   .u-expanded-width:not(.custom-expanded)[32m-md[37m {
           ╵                                          [32m~~~[0m


[33m▲ [43;33m[[43;30mWARNING[43;33m][0m [1mUnexpected "-sm"[0m [css-syntax-error]

    src/assets/css/nicepage.css:7993:41:
[37m      7993 │   .u-expanded-width:not(.custom-expanded)[32m-sm[37m {
           ╵                                          [32m~~~[0m


[33m▲ [43;33m[[43;30mWARNING[43;33m][0m [1mUnexpected "-xs"[0m [css-syntax-error]

    src/assets/css/nicepage.css:7999:41:
[37m      7999 │   .u-expanded-width:not(.custom-expanded)[32m-xs[37m {
           ╵                                          [32m~~~[0m


[33m▲ [43;33m[[43;30mWARNING[43;33m][0m [1mUnexpected "-xxl"[0m [css-syntax-error]

    src/assets/css/nicepage.css:8090:42:
[37m      8090 │   .u-expanded-height:not(.custom-expanded)[32m-xxl[37m {
           ╵                                           [32m~~~~[0m


[33m▲ [43;33m[[43;30mWARNING[43;33m][0m [1mUnexpected "-xl"[0m [css-syntax-error]

    src/assets/css/nicepage.css:8095:53:
[37m      8095 │   .u-xl-mode .u-expanded-height:not(.custom-expanded)[32m-xl[37m {
           ╵                                                      [32m~~~[0m


[33m▲ [43;33m[[43;30mWARNING[43;33m][0m [1mUnexpected "-xl"[0m [css-syntax-error]

    src/assets/css/nicepage.css:8100:54:
[37m      8100 │   .u-xxl-mode .u-expanded-height:not(.custom-expanded)[32m-xl[37m {
           ╵                                                       [32m~~~[0m


[33m▲ [43;33m[[43;30mWARNING[43;33m][0m [1mUnexpected "-lg"[0m [css-syntax-error]

    src/assets/css/nicepage.css:8105:42:
[37m      8105 │   .u-expanded-height:not(.custom-expanded)[32m-lg[37m {
           ╵                                           [32m~~~[0m


[33m▲ [43;33m[[43;30mWARNING[43;33m][0m [1mUnexpected "-md"[0m [css-syntax-error]

    src/assets/css/nicepage.css:8110:42:
[37m      8110 │   .u-expanded-height:not(.custom-expanded)[32m-md[37m {
           ╵                                           [32m~~~[0m


[33m▲ [43;33m[[43;30mWARNING[43;33m][0m [1mUnexpected "-sm"[0m [css-syntax-error]

    src/assets/css/nicepage.css:8115:42:
[37m      8115 │   .u-expanded-height:not(.custom-expanded)[32m-sm[37m {
           ╵                                           [32m~~~[0m


[33m▲ [43;33m[[43;30mWARNING[43;33m][0m [1mUnexpected "-xs"[0m [css-syntax-error]

    src/assets/css/nicepage.css:8120:42:
[37m      8120 │   .u-expanded-height:not(.custom-expanded)[32m-xs[37m {
           ╵                                           [32m~~~[0m


[33m▲ [43;33m[[43;30mWARNING[43;33m][0m [1mUnexpected "/"[0m [css-syntax-error]

    src/assets/css/nicepage.css:20056:155:
[37m      20056 │ ...E1MOmNvbS5hZG9iZS54bXAAAAAAADw[32m/[37meHBhY2tldCBiZWdpbj0i77u/IiBpZ...
            ╵                                  [32m^[0m


[33m▲ [43;33m[[43;30mWARNING[43;33m][0m [1mUnterminated string token[0m [css-syntax-error]

    src/assets/css/nicepage.css:20056:2701:
[37m      20056 │ ...BICAAAQEICGCX/hZgANzhlTFY6SDTAAAAAElFTkSuQmCC') 0 0 no-repeat;[32m[37m
            ╵                                                                  [32m^[0m


[33m▲ [43;33m[[43;30mWARNING[43;33m][0m [1mExpected identifier but found "."[0m [css-syntax-error]

    src/assets/css/nicepage.css:20063:2:
[37m      20063 │   [32m.[37mpswp--svg .pswp__button,
            ╵   [32m^[0m


[33m▲ [43;33m[[43;30mWARNING[43;33m][0m [1mUnterminated string token[0m [css-syntax-error]

    src/assets/css/nicepage.css:20064:2528:
[37m      20064 │ ...jEsNWwtMC45LDBsMC4xLTVMMTA5LDE5eiIvPg0KPC9nPg0KPC9zdmc+DQo=');[32m[37m
            ╵                                                                  [32m^[0m


[33m▲ [43;33m[[43;30mWARNING[43;33m][0m [1mUnexpected "}"[0m [css-syntax-error]

    src/assets/css/nicepage.css:20070:0:
[37m      20070 │ [32m}[37m
            ╵ [32m^[0m


[33m▲ [43;33m[[43;30mWARNING[43;33m][0m [1mExpected identifier but found whitespace[0m [css-syntax-error]

    src/assets/css/nicepage.css:20121:6:
[37m      20121 │   top:[32m[37m 35px;
            ╵       [32m^[0m


[33m▲ [43;33m[[43;30mWARNING[43;33m][0m [1mUnexpected "35px"[0m [css-syntax-error]

    src/assets/css/nicepage.css:20121:7:
[37m      20121 │   top: [32m35px[37m;
            ╵        [32m~~~~[0m


[33m▲ [43;33m[[43;30mWARNING[43;33m][0m [1mExpected identifier but found whitespace[0m [css-syntax-error]

    src/assets/css/nicepage.css:20207:10:
[37m      20207 │   display:[32m[37m block;
            ╵           [32m^[0m


[33m▲ [43;33m[[43;30mWARNING[43;33m][0m [1mUnexpected ";"[0m [css-syntax-error]

    src/assets/css/nicepage.css:20207:16:
[37m      20207 │   display: block[32m;[37m
            ╵                 [32m^[0m


[33m▲ [43;33m[[43;30mWARNING[43;33m][0m [1mUnexpected "}"[0m [css-syntax-error]

    src/assets/css/nicepage.css:23639:0:
[37m      23639 │ [32m}[37m
            ╵ [32m^[0m


[33m▲ [43;33m[[43;30mWARNING[43;33m][0m [1mNG8102: The left side of this nullish coalescing operation does not include 'null' or 'undefined' in its type, therefore the '??' operator can be safely removed.[0m [1m[35m[plugin angular-compiler][0m

    src/app/features/admin/avis/admin-avis-list/admin-avis-list.component.html:26:42:
[37m      26 │           [ngClass]="{ 'filled': star <= ([32mavis.note ?? 0[37m) }"
         ╵                                           [32m~~~~~~~~~~~~~~[0m

  Error occurs in the template of component AdminAvisListComponent.

    src/app/features/admin/avis/admin-avis-list/admin-avis-list.component.ts:10:15:
[37m      10 │   templateUrl: [32m'./admin-avis-list.component.html'[37m,
         ╵                [32m~~~~~~~~~~~~~~~~~~~~~~~~~~~~~~~~~~[0m


[33m▲ [43;33m[[43;30mWARNING[43;33m][0m [1mNG8107: The left side of this optional chain operation does not include 'null' or 'undefined' in its type, therefore the '?.' operator can be replaced with the '.' operator.[0m [1m[35m[plugin angular-compiler][0m

    src/app/features/admin/site-bookings/site-bookings.component.html:32:38:
[37m      32 │           <td>{{ booking.siteCamping?.[32mnom[37m }}</td>
         ╵                                       [32m~~~[0m

  Error occurs in the template of component SiteBookingsComponent.

    src/app/features/admin/site-bookings/site-bookings.component.ts:13:15:
[37m      13 │   templateUrl: [32m'./site-bookings.component.html'[37m,
         ╵                [32m~~~~~~~~~~~~~~~~~~~~~~~~~~~~~~~~[0m


[33m▲ [43;33m[[43;30mWARNING[43;33m][0m [1mNG8107: The left side of this optional chain operation does not include 'null' or 'undefined' in its type, therefore the '?.' operator can be replaced with the '.' operator.[0m [1m[35m[plugin angular-compiler][0m

    src/app/features/public/MarketPlace/liste-produit/liste-produit.component.html:25:33:
[37m      25 │           [src]="product.images?.[32mlength[37m
         ╵                                  [32m~~~~~~[0m

  Error occurs in the template of component ListeProduitComponent.

    src/app/features/public/MarketPlace/liste-produit/liste-produit.component.ts:13:15:
[37m      13 │   templateUrl: [32m'./liste-produit.component.html'[37m,
         ╵                [32m~~~~~~~~~~~~~~~~~~~~~~~~~~~~~~~~[0m


[33m▲ [43;33m[[43;30mWARNING[43;33m][0m [1mNG8102: The left side of this nullish coalescing operation does not include 'null' or 'undefined' in its type, therefore the '??' operator can be safely removed.[0m [1m[35m[plugin angular-compiler][0m

    src/app/features/public/camping-sites/camping-sites.component.html:47:42:
[37m      47 │ ...          <span class="info-value">{{ [32msite.capacite ?? 0[37m }}</span>
         ╵                                          [32m~~~~~~~~~~~~~~~~~~[0m

  Error occurs in the template of component CampingSitesComponent.

    src/app/features/public/camping-sites/camping-sites.component.ts:13:15:
[37m      13 │   templateUrl: [32m'./camping-sites.component.html'[37m,
         ╵                [32m~~~~~~~~~~~~~~~~~~~~~~~~~~~~~~~~[0m


[33m▲ [43;33m[[43;30mWARNING[43;33m][0m [1mTS-998113: AvisListComponent is not used within the template of CampingSitesComponent[0m [1m[35m[plugin angular-compiler][0m

    src/app/features/public/camping-sites/camping-sites.component.ts:12:40:
[37m      12 │ ...[CommonModule, RouterModule, [32mAvisListComponent[37m, AddAvisComponent],
         ╵                                 [32m~~~~~~~~~~~~~~~~~[0m


[33m▲ [43;33m[[43;30mWARNING[43;33m][0m [1mTS-998113: AddAvisComponent is not used within the template of CampingSitesComponent[0m [1m[35m[plugin angular-compiler][0m

    src/app/features/public/camping-sites/camping-sites.component.ts:12:59:
[37m      12 │ ...[CommonModule, RouterModule, AvisListComponent, [32mAddAvisComponent[37m],
         ╵                                                    [32m~~~~~~~~~~~~~~~~[0m


[33m▲ [43;33m[[43;30mWARNING[43;33m][0m [1mNG8107: The left side of this optional chain operation does not include 'null' or 'undefined' in its type, therefore the '?.' operator can be replaced with the '.' operator.[0m [1m[35m[plugin angular-compiler][0m

    src/app/features/public/my-bookings/my-bookings.component.html:21:40:
[37m      21 │ ...[src]="booking.siteCamping?.[32mimageUrl[37m || 'assets/images/default-...
         ╵                                [32m~~~~~~~~[0m

  Error occurs in the template of component MyBookingsComponent.

    src/app/features/public/my-bookings/my-bookings.component.ts:11:15:
[37m      11 │   templateUrl: [32m'./my-bookings.component.html'[37m,
         ╵                [32m~~~~~~~~~~~~~~~~~~~~~~~~~~~~~~[0m


[33m▲ [43;33m[[43;30mWARNING[43;33m][0m [1mNG8107: The left side of this optional chain operation does not include 'null' or 'undefined' in its type, therefore the '?.' operator can be replaced with the '.' operator.[0m [1m[35m[plugin angular-compiler][0m

    src/app/features/public/my-bookings/my-bookings.component.html:22:40:
[37m      22 │             [alt]="booking.siteCamping?.[32mnom[37m"
         ╵                                         [32m~~~[0m

  Error occurs in the template of component MyBookingsComponent.

    src/app/features/public/my-bookings/my-bookings.component.ts:11:15:
[37m      11 │   templateUrl: [32m'./my-bookings.component.html'[37m,
         ╵                [32m~~~~~~~~~~~~~~~~~~~~~~~~~~~~~~[0m


[33m▲ [43;33m[[43;30mWARNING[43;33m][0m [1mNG8107: The left side of this optional chain operation does not include 'null' or 'undefined' in its type, therefore the '?.' operator can be replaced with the '.' operator.[0m [1m[35m[plugin angular-compiler][0m

    src/app/features/public/my-bookings/my-bookings.component.html:42:42:
[37m      42 │               <h3>{{ booking.siteCamping?.[32mnom[37m }}</h3>
         ╵                                           [32m~~~[0m

  Error occurs in the template of component MyBookingsComponent.

    src/app/features/public/my-bookings/my-bookings.component.ts:11:15:
[37m      11 │   templateUrl: [32m'./my-bookings.component.html'[37m,
         ╵                [32m~~~~~~~~~~~~~~~~~~~~~~~~~~~~~~[0m


[33m▲ [43;33m[[43;30mWARNING[43;33m][0m [1mNG8107: The left side of this optional chain operation does not include 'null' or 'undefined' in its type, therefore the '?.' operator can be replaced with the '.' operator.[0m [1m[35m[plugin angular-compiler][0m

    src/app/features/public/my-bookings/my-bookings.component.html:43:58:
[37m      43 │ ...   <p class="location">{{ booking.siteCamping?.[32mlocalisation[37m }}</p>
         ╵                                                   [32m~~~~~~~~~~~~[0m

  Error occurs in the template of component MyBookingsComponent.

    src/app/features/public/my-bookings/my-bookings.component.ts:11:15:
[37m      11 │   templateUrl: [32m'./my-bookings.component.html'[37m,
         ╵                [32m~~~~~~~~~~~~~~~~~~~~~~~~~~~~~~[0m


[33m▲ [43;33m[[43;30mWARNING[43;33m][0m [1mNG8107: The left side of this optional chain operation does not include 'null' or 'undefined' in its type, therefore the '?.' operator can be replaced with the '.' operator.[0m [1m[35m[plugin angular-compiler][0m

    src/app/features/public/my-bookings/my-bookings.component.html:87:74:
[37m      87 │ ...outerLink]="['/public/site-booking', booking.siteCamping?.[32midSite[37m]"
         ╵                                                              [32m~~~~~~[0m

  Error occurs in the template of component MyBookingsComponent.

    src/app/features/public/my-bookings/my-bookings.component.ts:11:15:
[37m      11 │   templateUrl: [32m'./my-bookings.component.html'[37m,
         ╵                [32m~~~~~~~~~~~~~~~~~~~~~~~~~~~~~~[0m

[39m[22m
[1m[33m[33m▲ [43;33m[[43;30mWARNING[43;33m][0m [1mUnexpected "-xxl"[0m [css-syntax-error]

    src/assets/css/nicepage.css:7963:41:
[37m      7963 │   .u-expanded-width:not(.custom-expanded)[32m-xxl[37m {
           ╵                                          [32m~~~~[0m


[33m▲ [43;33m[[43;30mWARNING[43;33m][0m [1mUnexpected "-xl"[0m [css-syntax-error]

    src/assets/css/nicepage.css:7969:52:
[37m      7969 │   .u-xl-mode .u-expanded-width:not(.custom-expanded)[32m-xl[37m {
           ╵                                                     [32m~~~[0m


[33m▲ [43;33m[[43;30mWARNING[43;33m][0m [1mUnexpected "-xl"[0m [css-syntax-error]

    src/assets/css/nicepage.css:7975:53:
[37m      7975 │   .u-xxl-mode .u-expanded-width:not(.custom-expanded)[32m-xl[37m {
           ╵                                                      [32m~~~[0m


[33m▲ [43;33m[[43;30mWARNING[43;33m][0m [1mUnexpected "-lg"[0m [css-syntax-error]

    src/assets/css/nicepage.css:7981:41:
[37m      7981 │   .u-expanded-width:not(.custom-expanded)[32m-lg[37m {
           ╵                                          [32m~~~[0m


[33m▲ [43;33m[[43;30mWARNING[43;33m][0m [1mUnexpected "-md"[0m [css-syntax-error]

    src/assets/css/nicepage.css:7987:41:
[37m      7987 │   .u-expanded-width:not(.custom-expanded)[32m-md[37m {
           ╵                                          [32m~~~[0m


[33m▲ [43;33m[[43;30mWARNING[43;33m][0m [1mUnexpected "-sm"[0m [css-syntax-error]

    src/assets/css/nicepage.css:7993:41:
[37m      7993 │   .u-expanded-width:not(.custom-expanded)[32m-sm[37m {
           ╵                                          [32m~~~[0m


[33m▲ [43;33m[[43;30mWARNING[43;33m][0m [1mUnexpected "-xs"[0m [css-syntax-error]

    src/assets/css/nicepage.css:7999:41:
[37m      7999 │   .u-expanded-width:not(.custom-expanded)[32m-xs[37m {
           ╵                                          [32m~~~[0m


[33m▲ [43;33m[[43;30mWARNING[43;33m][0m [1mUnexpected "-xxl"[0m [css-syntax-error]

    src/assets/css/nicepage.css:8090:42:
[37m      8090 │   .u-expanded-height:not(.custom-expanded)[32m-xxl[37m {
           ╵                                           [32m~~~~[0m


[33m▲ [43;33m[[43;30mWARNING[43;33m][0m [1mUnexpected "-xl"[0m [css-syntax-error]

    src/assets/css/nicepage.css:8095:53:
[37m      8095 │   .u-xl-mode .u-expanded-height:not(.custom-expanded)[32m-xl[37m {
           ╵                                                      [32m~~~[0m


[33m▲ [43;33m[[43;30mWARNING[43;33m][0m [1mUnexpected "-xl"[0m [css-syntax-error]

    src/assets/css/nicepage.css:8100:54:
[37m      8100 │   .u-xxl-mode .u-expanded-height:not(.custom-expanded)[32m-xl[37m {
           ╵                                                       [32m~~~[0m


[33m▲ [43;33m[[43;30mWARNING[43;33m][0m [1mUnexpected "-lg"[0m [css-syntax-error]

    src/assets/css/nicepage.css:8105:42:
[37m      8105 │   .u-expanded-height:not(.custom-expanded)[32m-lg[37m {
           ╵                                           [32m~~~[0m


[33m▲ [43;33m[[43;30mWARNING[43;33m][0m [1mUnexpected "-md"[0m [css-syntax-error]

    src/assets/css/nicepage.css:8110:42:
[37m      8110 │   .u-expanded-height:not(.custom-expanded)[32m-md[37m {
           ╵                                           [32m~~~[0m


[33m▲ [43;33m[[43;30mWARNING[43;33m][0m [1mUnexpected "-sm"[0m [css-syntax-error]

    src/assets/css/nicepage.css:8115:42:
[37m      8115 │   .u-expanded-height:not(.custom-expanded)[32m-sm[37m {
           ╵                                           [32m~~~[0m


[33m▲ [43;33m[[43;30mWARNING[43;33m][0m [1mUnexpected "-xs"[0m [css-syntax-error]

    src/assets/css/nicepage.css:8120:42:
[37m      8120 │   .u-expanded-height:not(.custom-expanded)[32m-xs[37m {
           ╵                                           [32m~~~[0m


[33m▲ [43;33m[[43;30mWARNING[43;33m][0m [1mUnexpected "/"[0m [css-syntax-error]

    src/assets/css/nicepage.css:20056:155:
[37m      20056 │ ...E1MOmNvbS5hZG9iZS54bXAAAAAAADw[32m/[37meHBhY2tldCBiZWdpbj0i77u/IiBpZ...
            ╵                                  [32m^[0m


[33m▲ [43;33m[[43;30mWARNING[43;33m][0m [1mUnterminated string token[0m [css-syntax-error]

    src/assets/css/nicepage.css:20056:2701:
[37m      20056 │ ...BICAAAQEICGCX/hZgANzhlTFY6SDTAAAAAElFTkSuQmCC') 0 0 no-repeat;[32m[37m
            ╵                                                                  [32m^[0m


[33m▲ [43;33m[[43;30mWARNING[43;33m][0m [1mExpected identifier but found "."[0m [css-syntax-error]

    src/assets/css/nicepage.css:20063:2:
[37m      20063 │   [32m.[37mpswp--svg .pswp__button,
            ╵   [32m^[0m


[33m▲ [43;33m[[43;30mWARNING[43;33m][0m [1mUnterminated string token[0m [css-syntax-error]

    src/assets/css/nicepage.css:20064:2528:
[37m      20064 │ ...jEsNWwtMC45LDBsMC4xLTVMMTA5LDE5eiIvPg0KPC9nPg0KPC9zdmc+DQo=');[32m[37m
            ╵                                                                  [32m^[0m


[33m▲ [43;33m[[43;30mWARNING[43;33m][0m [1mUnexpected "}"[0m [css-syntax-error]

    src/assets/css/nicepage.css:20070:0:
[37m      20070 │ [32m}[37m
            ╵ [32m^[0m


[33m▲ [43;33m[[43;30mWARNING[43;33m][0m [1mExpected identifier but found whitespace[0m [css-syntax-error]

    src/assets/css/nicepage.css:20121:6:
[37m      20121 │   top:[32m[37m 35px;
            ╵       [32m^[0m


[33m▲ [43;33m[[43;30mWARNING[43;33m][0m [1mUnexpected "35px"[0m [css-syntax-error]

    src/assets/css/nicepage.css:20121:7:
[37m      20121 │   top: [32m35px[37m;
            ╵        [32m~~~~[0m


[33m▲ [43;33m[[43;30mWARNING[43;33m][0m [1mExpected identifier but found whitespace[0m [css-syntax-error]

    src/assets/css/nicepage.css:20207:10:
[37m      20207 │   display:[32m[37m block;
            ╵           [32m^[0m


[33m▲ [43;33m[[43;30mWARNING[43;33m][0m [1mUnexpected ";"[0m [css-syntax-error]

    src/assets/css/nicepage.css:20207:16:
[37m      20207 │   display: block[32m;[37m
            ╵                 [32m^[0m


[33m▲ [43;33m[[43;30mWARNING[43;33m][0m [1mUnexpected "}"[0m [css-syntax-error]

    src/assets/css/nicepage.css:23639:0:
[37m      23639 │ [32m}[37m
            ╵ [32m^[0m


[33m▲ [43;33m[[43;30mWARNING[43;33m][0m [1mNG8102: The left side of this nullish coalescing operation does not include 'null' or 'undefined' in its type, therefore the '??' operator can be safely removed.[0m [1m[35m[plugin angular-compiler][0m

    src/app/features/admin/avis/admin-avis-list/admin-avis-list.component.html:26:42:
[37m      26 │           [ngClass]="{ 'filled': star <= ([32mavis.note ?? 0[37m) }"
         ╵                                           [32m~~~~~~~~~~~~~~[0m

  Error occurs in the template of component AdminAvisListComponent.

    src/app/features/admin/avis/admin-avis-list/admin-avis-list.component.ts:10:15:
[37m      10 │   templateUrl: [32m'./admin-avis-list.component.html'[37m,
         ╵                [32m~~~~~~~~~~~~~~~~~~~~~~~~~~~~~~~~~~[0m


[33m▲ [43;33m[[43;30mWARNING[43;33m][0m [1mNG8107: The left side of this optional chain operation does not include 'null' or 'undefined' in its type, therefore the '?.' operator can be replaced with the '.' operator.[0m [1m[35m[plugin angular-compiler][0m

    src/app/features/admin/site-bookings/site-bookings.component.html:32:38:
[37m      32 │           <td>{{ booking.siteCamping?.[32mnom[37m }}</td>
         ╵                                       [32m~~~[0m

  Error occurs in the template of component SiteBookingsComponent.

    src/app/features/admin/site-bookings/site-bookings.component.ts:13:15:
[37m      13 │   templateUrl: [32m'./site-bookings.component.html'[37m,
         ╵                [32m~~~~~~~~~~~~~~~~~~~~~~~~~~~~~~~~[0m


[33m▲ [43;33m[[43;30mWARNING[43;33m][0m [1mNG8107: The left side of this optional chain operation does not include 'null' or 'undefined' in its type, therefore the '?.' operator can be replaced with the '.' operator.[0m [1m[35m[plugin angular-compiler][0m

    src/app/features/public/MarketPlace/liste-produit/liste-produit.component.html:25:33:
[37m      25 │           [src]="product.images?.[32mlength[37m
         ╵                                  [32m~~~~~~[0m

  Error occurs in the template of component ListeProduitComponent.

    src/app/features/public/MarketPlace/liste-produit/liste-produit.component.ts:13:15:
[37m      13 │   templateUrl: [32m'./liste-produit.component.html'[37m,
         ╵                [32m~~~~~~~~~~~~~~~~~~~~~~~~~~~~~~~~[0m


[33m▲ [43;33m[[43;30mWARNING[43;33m][0m [1mNG8102: The left side of this nullish coalescing operation does not include 'null' or 'undefined' in its type, therefore the '??' operator can be safely removed.[0m [1m[35m[plugin angular-compiler][0m

    src/app/features/public/camping-sites/camping-sites.component.html:47:42:
[37m      47 │ ...          <span class="info-value">{{ [32msite.capacite ?? 0[37m }}</span>
         ╵                                          [32m~~~~~~~~~~~~~~~~~~[0m

  Error occurs in the template of component CampingSitesComponent.

    src/app/features/public/camping-sites/camping-sites.component.ts:13:15:
[37m      13 │   templateUrl: [32m'./camping-sites.component.html'[37m,
         ╵                [32m~~~~~~~~~~~~~~~~~~~~~~~~~~~~~~~~[0m


[33m▲ [43;33m[[43;30mWARNING[43;33m][0m [1mTS-998113: AvisListComponent is not used within the template of CampingSitesComponent[0m [1m[35m[plugin angular-compiler][0m

    src/app/features/public/camping-sites/camping-sites.component.ts:12:40:
[37m      12 │ ...[CommonModule, RouterModule, [32mAvisListComponent[37m, AddAvisComponent],
         ╵                                 [32m~~~~~~~~~~~~~~~~~[0m


[33m▲ [43;33m[[43;30mWARNING[43;33m][0m [1mTS-998113: AddAvisComponent is not used within the template of CampingSitesComponent[0m [1m[35m[plugin angular-compiler][0m

    src/app/features/public/camping-sites/camping-sites.component.ts:12:59:
[37m      12 │ ...[CommonModule, RouterModule, AvisListComponent, [32mAddAvisComponent[37m],
         ╵                                                    [32m~~~~~~~~~~~~~~~~[0m


[33m▲ [43;33m[[43;30mWARNING[43;33m][0m [1mNG8107: The left side of this optional chain operation does not include 'null' or 'undefined' in its type, therefore the '?.' operator can be replaced with the '.' operator.[0m [1m[35m[plugin angular-compiler][0m

    src/app/features/public/my-bookings/my-bookings.component.html:21:40:
[37m      21 │ ...[src]="booking.siteCamping?.[32mimageUrl[37m || 'assets/images/default-...
         ╵                                [32m~~~~~~~~[0m

  Error occurs in the template of component MyBookingsComponent.

    src/app/features/public/my-bookings/my-bookings.component.ts:11:15:
[37m      11 │   templateUrl: [32m'./my-bookings.component.html'[37m,
         ╵                [32m~~~~~~~~~~~~~~~~~~~~~~~~~~~~~~[0m


[33m▲ [43;33m[[43;30mWARNING[43;33m][0m [1mNG8107: The left side of this optional chain operation does not include 'null' or 'undefined' in its type, therefore the '?.' operator can be replaced with the '.' operator.[0m [1m[35m[plugin angular-compiler][0m

    src/app/features/public/my-bookings/my-bookings.component.html:22:40:
[37m      22 │             [alt]="booking.siteCamping?.[32mnom[37m"
         ╵                                         [32m~~~[0m

  Error occurs in the template of component MyBookingsComponent.

    src/app/features/public/my-bookings/my-bookings.component.ts:11:15:
[37m      11 │   templateUrl: [32m'./my-bookings.component.html'[37m,
         ╵                [32m~~~~~~~~~~~~~~~~~~~~~~~~~~~~~~[0m


[33m▲ [43;33m[[43;30mWARNING[43;33m][0m [1mNG8107: The left side of this optional chain operation does not include 'null' or 'undefined' in its type, therefore the '?.' operator can be replaced with the '.' operator.[0m [1m[35m[plugin angular-compiler][0m

    src/app/features/public/my-bookings/my-bookings.component.html:42:42:
[37m      42 │               <h3>{{ booking.siteCamping?.[32mnom[37m }}</h3>
         ╵                                           [32m~~~[0m

  Error occurs in the template of component MyBookingsComponent.

    src/app/features/public/my-bookings/my-bookings.component.ts:11:15:
[37m      11 │   templateUrl: [32m'./my-bookings.component.html'[37m,
         ╵                [32m~~~~~~~~~~~~~~~~~~~~~~~~~~~~~~[0m


[33m▲ [43;33m[[43;30mWARNING[43;33m][0m [1mNG8107: The left side of this optional chain operation does not include 'null' or 'undefined' in its type, therefore the '?.' operator can be replaced with the '.' operator.[0m [1m[35m[plugin angular-compiler][0m

    src/app/features/public/my-bookings/my-bookings.component.html:43:58:
[37m      43 │ ...   <p class="location">{{ booking.siteCamping?.[32mlocalisation[37m }}</p>
         ╵                                                   [32m~~~~~~~~~~~~[0m

  Error occurs in the template of component MyBookingsComponent.

    src/app/features/public/my-bookings/my-bookings.component.ts:11:15:
[37m      11 │   templateUrl: [32m'./my-bookings.component.html'[37m,
         ╵                [32m~~~~~~~~~~~~~~~~~~~~~~~~~~~~~~[0m


[33m▲ [43;33m[[43;30mWARNING[43;33m][0m [1mNG8107: The left side of this optional chain operation does not include 'null' or 'undefined' in its type, therefore the '?.' operator can be replaced with the '.' operator.[0m [1m[35m[plugin angular-compiler][0m

    src/app/features/public/my-bookings/my-bookings.component.html:87:74:
[37m      87 │ ...outerLink]="['/public/site-booking', booking.siteCamping?.[32midSite[37m]"
         ╵                                                              [32m~~~~~~[0m

  Error occurs in the template of component MyBookingsComponent.

    src/app/features/public/my-bookings/my-bookings.component.ts:11:15:
[37m      11 │   templateUrl: [32m'./my-bookings.component.html'[37m,
         ╵                [32m~~~~~~~~~~~~~~~~~~~~~~~~~~~~~~[0m

[39m[22m
[1m[33m[33m▲ [43;33m[[43;30mWARNING[43;33m][0m [1mUnexpected "-xxl"[0m [css-syntax-error]

    src/assets/css/nicepage.css:7963:41:
[37m      7963 │   .u-expanded-width:not(.custom-expanded)[32m-xxl[37m {
           ╵                                          [32m~~~~[0m


[33m▲ [43;33m[[43;30mWARNING[43;33m][0m [1mUnexpected "-xl"[0m [css-syntax-error]

    src/assets/css/nicepage.css:7969:52:
[37m      7969 │   .u-xl-mode .u-expanded-width:not(.custom-expanded)[32m-xl[37m {
           ╵                                                     [32m~~~[0m


[33m▲ [43;33m[[43;30mWARNING[43;33m][0m [1mUnexpected "-xl"[0m [css-syntax-error]

    src/assets/css/nicepage.css:7975:53:
[37m      7975 │   .u-xxl-mode .u-expanded-width:not(.custom-expanded)[32m-xl[37m {
           ╵                                                      [32m~~~[0m


[33m▲ [43;33m[[43;30mWARNING[43;33m][0m [1mUnexpected "-lg"[0m [css-syntax-error]

    src/assets/css/nicepage.css:7981:41:
[37m      7981 │   .u-expanded-width:not(.custom-expanded)[32m-lg[37m {
           ╵                                          [32m~~~[0m


[33m▲ [43;33m[[43;30mWARNING[43;33m][0m [1mUnexpected "-md"[0m [css-syntax-error]

    src/assets/css/nicepage.css:7987:41:
[37m      7987 │   .u-expanded-width:not(.custom-expanded)[32m-md[37m {
           ╵                                          [32m~~~[0m


[33m▲ [43;33m[[43;30mWARNING[43;33m][0m [1mUnexpected "-sm"[0m [css-syntax-error]

    src/assets/css/nicepage.css:7993:41:
[37m      7993 │   .u-expanded-width:not(.custom-expanded)[32m-sm[37m {
           ╵                                          [32m~~~[0m


[33m▲ [43;33m[[43;30mWARNING[43;33m][0m [1mUnexpected "-xs"[0m [css-syntax-error]

    src/assets/css/nicepage.css:7999:41:
[37m      7999 │   .u-expanded-width:not(.custom-expanded)[32m-xs[37m {
           ╵                                          [32m~~~[0m


[33m▲ [43;33m[[43;30mWARNING[43;33m][0m [1mUnexpected "-xxl"[0m [css-syntax-error]

    src/assets/css/nicepage.css:8090:42:
[37m      8090 │   .u-expanded-height:not(.custom-expanded)[32m-xxl[37m {
           ╵                                           [32m~~~~[0m


[33m▲ [43;33m[[43;30mWARNING[43;33m][0m [1mUnexpected "-xl"[0m [css-syntax-error]

    src/assets/css/nicepage.css:8095:53:
[37m      8095 │   .u-xl-mode .u-expanded-height:not(.custom-expanded)[32m-xl[37m {
           ╵                                                      [32m~~~[0m


[33m▲ [43;33m[[43;30mWARNING[43;33m][0m [1mUnexpected "-xl"[0m [css-syntax-error]

    src/assets/css/nicepage.css:8100:54:
[37m      8100 │   .u-xxl-mode .u-expanded-height:not(.custom-expanded)[32m-xl[37m {
           ╵                                                       [32m~~~[0m


[33m▲ [43;33m[[43;30mWARNING[43;33m][0m [1mUnexpected "-lg"[0m [css-syntax-error]

    src/assets/css/nicepage.css:8105:42:
[37m      8105 │   .u-expanded-height:not(.custom-expanded)[32m-lg[37m {
           ╵                                           [32m~~~[0m


[33m▲ [43;33m[[43;30mWARNING[43;33m][0m [1mUnexpected "-md"[0m [css-syntax-error]

    src/assets/css/nicepage.css:8110:42:
[37m      8110 │   .u-expanded-height:not(.custom-expanded)[32m-md[37m {
           ╵                                           [32m~~~[0m


[33m▲ [43;33m[[43;30mWARNING[43;33m][0m [1mUnexpected "-sm"[0m [css-syntax-error]

    src/assets/css/nicepage.css:8115:42:
[37m      8115 │   .u-expanded-height:not(.custom-expanded)[32m-sm[37m {
           ╵                                           [32m~~~[0m


[33m▲ [43;33m[[43;30mWARNING[43;33m][0m [1mUnexpected "-xs"[0m [css-syntax-error]

    src/assets/css/nicepage.css:8120:42:
[37m      8120 │   .u-expanded-height:not(.custom-expanded)[32m-xs[37m {
           ╵                                           [32m~~~[0m


[33m▲ [43;33m[[43;30mWARNING[43;33m][0m [1mUnexpected "/"[0m [css-syntax-error]

    src/assets/css/nicepage.css:20056:155:
[37m      20056 │ ...E1MOmNvbS5hZG9iZS54bXAAAAAAADw[32m/[37meHBhY2tldCBiZWdpbj0i77u/IiBpZ...
            ╵                                  [32m^[0m


[33m▲ [43;33m[[43;30mWARNING[43;33m][0m [1mUnterminated string token[0m [css-syntax-error]

    src/assets/css/nicepage.css:20056:2701:
[37m      20056 │ ...BICAAAQEICGCX/hZgANzhlTFY6SDTAAAAAElFTkSuQmCC') 0 0 no-repeat;[32m[37m
            ╵                                                                  [32m^[0m


[33m▲ [43;33m[[43;30mWARNING[43;33m][0m [1mExpected identifier but found "."[0m [css-syntax-error]

    src/assets/css/nicepage.css:20063:2:
[37m      20063 │   [32m.[37mpswp--svg .pswp__button,
            ╵   [32m^[0m


[33m▲ [43;33m[[43;30mWARNING[43;33m][0m [1mUnterminated string token[0m [css-syntax-error]

    src/assets/css/nicepage.css:20064:2528:
[37m      20064 │ ...jEsNWwtMC45LDBsMC4xLTVMMTA5LDE5eiIvPg0KPC9nPg0KPC9zdmc+DQo=');[32m[37m
            ╵                                                                  [32m^[0m


[33m▲ [43;33m[[43;30mWARNING[43;33m][0m [1mUnexpected "}"[0m [css-syntax-error]

    src/assets/css/nicepage.css:20070:0:
[37m      20070 │ [32m}[37m
            ╵ [32m^[0m


[33m▲ [43;33m[[43;30mWARNING[43;33m][0m [1mExpected identifier but found whitespace[0m [css-syntax-error]

    src/assets/css/nicepage.css:20121:6:
[37m      20121 │   top:[32m[37m 35px;
            ╵       [32m^[0m


[33m▲ [43;33m[[43;30mWARNING[43;33m][0m [1mUnexpected "35px"[0m [css-syntax-error]

    src/assets/css/nicepage.css:20121:7:
[37m      20121 │   top: [32m35px[37m;
            ╵        [32m~~~~[0m


[33m▲ [43;33m[[43;30mWARNING[43;33m][0m [1mExpected identifier but found whitespace[0m [css-syntax-error]

    src/assets/css/nicepage.css:20207:10:
[37m      20207 │   display:[32m[37m block;
            ╵           [32m^[0m


[33m▲ [43;33m[[43;30mWARNING[43;33m][0m [1mUnexpected ";"[0m [css-syntax-error]

    src/assets/css/nicepage.css:20207:16:
[37m      20207 │   display: block[32m;[37m
            ╵                 [32m^[0m


[33m▲ [43;33m[[43;30mWARNING[43;33m][0m [1mUnexpected "}"[0m [css-syntax-error]

    src/assets/css/nicepage.css:23639:0:
[37m      23639 │ [32m}[37m
            ╵ [32m^[0m


[33m▲ [43;33m[[43;30mWARNING[43;33m][0m [1mNG8102: The left side of this nullish coalescing operation does not include 'null' or 'undefined' in its type, therefore the '??' operator can be safely removed.[0m [1m[35m[plugin angular-compiler][0m

    src/app/features/admin/avis/admin-avis-list/admin-avis-list.component.html:26:42:
[37m      26 │           [ngClass]="{ 'filled': star <= ([32mavis.note ?? 0[37m) }"
         ╵                                           [32m~~~~~~~~~~~~~~[0m

  Error occurs in the template of component AdminAvisListComponent.

    src/app/features/admin/avis/admin-avis-list/admin-avis-list.component.ts:10:15:
[37m      10 │   templateUrl: [32m'./admin-avis-list.component.html'[37m,
         ╵                [32m~~~~~~~~~~~~~~~~~~~~~~~~~~~~~~~~~~[0m


[33m▲ [43;33m[[43;30mWARNING[43;33m][0m [1mNG8107: The left side of this optional chain operation does not include 'null' or 'undefined' in its type, therefore the '?.' operator can be replaced with the '.' operator.[0m [1m[35m[plugin angular-compiler][0m

    src/app/features/admin/site-bookings/site-bookings.component.html:32:38:
[37m      32 │           <td>{{ booking.siteCamping?.[32mnom[37m }}</td>
         ╵                                       [32m~~~[0m

  Error occurs in the template of component SiteBookingsComponent.

    src/app/features/admin/site-bookings/site-bookings.component.ts:13:15:
[37m      13 │   templateUrl: [32m'./site-bookings.component.html'[37m,
         ╵                [32m~~~~~~~~~~~~~~~~~~~~~~~~~~~~~~~~[0m


[33m▲ [43;33m[[43;30mWARNING[43;33m][0m [1mNG8107: The left side of this optional chain operation does not include 'null' or 'undefined' in its type, therefore the '?.' operator can be replaced with the '.' operator.[0m [1m[35m[plugin angular-compiler][0m

    src/app/features/public/MarketPlace/liste-produit/liste-produit.component.html:25:33:
[37m      25 │           [src]="product.images?.[32mlength[37m
         ╵                                  [32m~~~~~~[0m

  Error occurs in the template of component ListeProduitComponent.

    src/app/features/public/MarketPlace/liste-produit/liste-produit.component.ts:13:15:
[37m      13 │   templateUrl: [32m'./liste-produit.component.html'[37m,
         ╵                [32m~~~~~~~~~~~~~~~~~~~~~~~~~~~~~~~~[0m


[33m▲ [43;33m[[43;30mWARNING[43;33m][0m [1mNG8102: The left side of this nullish coalescing operation does not include 'null' or 'undefined' in its type, therefore the '??' operator can be safely removed.[0m [1m[35m[plugin angular-compiler][0m

    src/app/features/public/camping-sites/camping-sites.component.html:47:42:
[37m      47 │ ...          <span class="info-value">{{ [32msite.capacite ?? 0[37m }}</span>
         ╵                                          [32m~~~~~~~~~~~~~~~~~~[0m

  Error occurs in the template of component CampingSitesComponent.

    src/app/features/public/camping-sites/camping-sites.component.ts:13:15:
[37m      13 │   templateUrl: [32m'./camping-sites.component.html'[37m,
         ╵                [32m~~~~~~~~~~~~~~~~~~~~~~~~~~~~~~~~[0m


[33m▲ [43;33m[[43;30mWARNING[43;33m][0m [1mTS-998113: AvisListComponent is not used within the template of CampingSitesComponent[0m [1m[35m[plugin angular-compiler][0m

    src/app/features/public/camping-sites/camping-sites.component.ts:12:40:
[37m      12 │ ...[CommonModule, RouterModule, [32mAvisListComponent[37m, AddAvisComponent],
         ╵                                 [32m~~~~~~~~~~~~~~~~~[0m


[33m▲ [43;33m[[43;30mWARNING[43;33m][0m [1mTS-998113: AddAvisComponent is not used within the template of CampingSitesComponent[0m [1m[35m[plugin angular-compiler][0m

    src/app/features/public/camping-sites/camping-sites.component.ts:12:59:
[37m      12 │ ...[CommonModule, RouterModule, AvisListComponent, [32mAddAvisComponent[37m],
         ╵                                                    [32m~~~~~~~~~~~~~~~~[0m


[33m▲ [43;33m[[43;30mWARNING[43;33m][0m [1mNG8107: The left side of this optional chain operation does not include 'null' or 'undefined' in its type, therefore the '?.' operator can be replaced with the '.' operator.[0m [1m[35m[plugin angular-compiler][0m

    src/app/features/public/my-bookings/my-bookings.component.html:21:40:
[37m      21 │ ...[src]="booking.siteCamping?.[32mimageUrl[37m || 'assets/images/default-...
         ╵                                [32m~~~~~~~~[0m

  Error occurs in the template of component MyBookingsComponent.

    src/app/features/public/my-bookings/my-bookings.component.ts:11:15:
[37m      11 │   templateUrl: [32m'./my-bookings.component.html'[37m,
         ╵                [32m~~~~~~~~~~~~~~~~~~~~~~~~~~~~~~[0m


[33m▲ [43;33m[[43;30mWARNING[43;33m][0m [1mNG8107: The left side of this optional chain operation does not include 'null' or 'undefined' in its type, therefore the '?.' operator can be replaced with the '.' operator.[0m [1m[35m[plugin angular-compiler][0m

    src/app/features/public/my-bookings/my-bookings.component.html:22:40:
[37m      22 │             [alt]="booking.siteCamping?.[32mnom[37m"
         ╵                                         [32m~~~[0m

  Error occurs in the template of component MyBookingsComponent.

    src/app/features/public/my-bookings/my-bookings.component.ts:11:15:
[37m      11 │   templateUrl: [32m'./my-bookings.component.html'[37m,
         ╵                [32m~~~~~~~~~~~~~~~~~~~~~~~~~~~~~~[0m


[33m▲ [43;33m[[43;30mWARNING[43;33m][0m [1mNG8107: The left side of this optional chain operation does not include 'null' or 'undefined' in its type, therefore the '?.' operator can be replaced with the '.' operator.[0m [1m[35m[plugin angular-compiler][0m

    src/app/features/public/my-bookings/my-bookings.component.html:42:42:
[37m      42 │               <h3>{{ booking.siteCamping?.[32mnom[37m }}</h3>
         ╵                                           [32m~~~[0m

  Error occurs in the template of component MyBookingsComponent.

    src/app/features/public/my-bookings/my-bookings.component.ts:11:15:
[37m      11 │   templateUrl: [32m'./my-bookings.component.html'[37m,
         ╵                [32m~~~~~~~~~~~~~~~~~~~~~~~~~~~~~~[0m


[33m▲ [43;33m[[43;30mWARNING[43;33m][0m [1mNG8107: The left side of this optional chain operation does not include 'null' or 'undefined' in its type, therefore the '?.' operator can be replaced with the '.' operator.[0m [1m[35m[plugin angular-compiler][0m

    src/app/features/public/my-bookings/my-bookings.component.html:43:58:
[37m      43 │ ...   <p class="location">{{ booking.siteCamping?.[32mlocalisation[37m }}</p>
         ╵                                                   [32m~~~~~~~~~~~~[0m

  Error occurs in the template of component MyBookingsComponent.

    src/app/features/public/my-bookings/my-bookings.component.ts:11:15:
[37m      11 │   templateUrl: [32m'./my-bookings.component.html'[37m,
         ╵                [32m~~~~~~~~~~~~~~~~~~~~~~~~~~~~~~[0m


[33m▲ [43;33m[[43;30mWARNING[43;33m][0m [1mNG8107: The left side of this optional chain operation does not include 'null' or 'undefined' in its type, therefore the '?.' operator can be replaced with the '.' operator.[0m [1m[35m[plugin angular-compiler][0m

    src/app/features/public/my-bookings/my-bookings.component.html:87:74:
[37m      87 │ ...outerLink]="['/public/site-booking', booking.siteCamping?.[32midSite[37m]"
         ╵                                                              [32m~~~~~~[0m

  Error occurs in the template of component MyBookingsComponent.

    src/app/features/public/my-bookings/my-bookings.component.ts:11:15:
[37m      11 │   templateUrl: [32m'./my-bookings.component.html'[37m,
         ╵                [32m~~~~~~~~~~~~~~~~~~~~~~~~~~~~~~[0m

[39m[22m
[1m[33m[33m▲ [43;33m[[43;30mWARNING[43;33m][0m [1mUnexpected "-xxl"[0m [css-syntax-error]

    src/assets/css/nicepage.css:7963:41:
[37m      7963 │   .u-expanded-width:not(.custom-expanded)[32m-xxl[37m {
           ╵                                          [32m~~~~[0m


[33m▲ [43;33m[[43;30mWARNING[43;33m][0m [1mUnexpected "-xl"[0m [css-syntax-error]

    src/assets/css/nicepage.css:7969:52:
[37m      7969 │   .u-xl-mode .u-expanded-width:not(.custom-expanded)[32m-xl[37m {
           ╵                                                     [32m~~~[0m


[33m▲ [43;33m[[43;30mWARNING[43;33m][0m [1mUnexpected "-xl"[0m [css-syntax-error]

    src/assets/css/nicepage.css:7975:53:
[37m      7975 │   .u-xxl-mode .u-expanded-width:not(.custom-expanded)[32m-xl[37m {
           ╵                                                      [32m~~~[0m


[33m▲ [43;33m[[43;30mWARNING[43;33m][0m [1mUnexpected "-lg"[0m [css-syntax-error]

    src/assets/css/nicepage.css:7981:41:
[37m      7981 │   .u-expanded-width:not(.custom-expanded)[32m-lg[37m {
           ╵                                          [32m~~~[0m


[33m▲ [43;33m[[43;30mWARNING[43;33m][0m [1mUnexpected "-md"[0m [css-syntax-error]

    src/assets/css/nicepage.css:7987:41:
[37m      7987 │   .u-expanded-width:not(.custom-expanded)[32m-md[37m {
           ╵                                          [32m~~~[0m


[33m▲ [43;33m[[43;30mWARNING[43;33m][0m [1mUnexpected "-sm"[0m [css-syntax-error]

    src/assets/css/nicepage.css:7993:41:
[37m      7993 │   .u-expanded-width:not(.custom-expanded)[32m-sm[37m {
           ╵                                          [32m~~~[0m


[33m▲ [43;33m[[43;30mWARNING[43;33m][0m [1mUnexpected "-xs"[0m [css-syntax-error]

    src/assets/css/nicepage.css:7999:41:
[37m      7999 │   .u-expanded-width:not(.custom-expanded)[32m-xs[37m {
           ╵                                          [32m~~~[0m


[33m▲ [43;33m[[43;30mWARNING[43;33m][0m [1mUnexpected "-xxl"[0m [css-syntax-error]

    src/assets/css/nicepage.css:8090:42:
[37m      8090 │   .u-expanded-height:not(.custom-expanded)[32m-xxl[37m {
           ╵                                           [32m~~~~[0m


[33m▲ [43;33m[[43;30mWARNING[43;33m][0m [1mUnexpected "-xl"[0m [css-syntax-error]

    src/assets/css/nicepage.css:8095:53:
[37m      8095 │   .u-xl-mode .u-expanded-height:not(.custom-expanded)[32m-xl[37m {
           ╵                                                      [32m~~~[0m


[33m▲ [43;33m[[43;30mWARNING[43;33m][0m [1mUnexpected "-xl"[0m [css-syntax-error]

    src/assets/css/nicepage.css:8100:54:
[37m      8100 │   .u-xxl-mode .u-expanded-height:not(.custom-expanded)[32m-xl[37m {
           ╵                                                       [32m~~~[0m


[33m▲ [43;33m[[43;30mWARNING[43;33m][0m [1mUnexpected "-lg"[0m [css-syntax-error]

    src/assets/css/nicepage.css:8105:42:
[37m      8105 │   .u-expanded-height:not(.custom-expanded)[32m-lg[37m {
           ╵                                           [32m~~~[0m


[33m▲ [43;33m[[43;30mWARNING[43;33m][0m [1mUnexpected "-md"[0m [css-syntax-error]

    src/assets/css/nicepage.css:8110:42:
[37m      8110 │   .u-expanded-height:not(.custom-expanded)[32m-md[37m {
           ╵                                           [32m~~~[0m


[33m▲ [43;33m[[43;30mWARNING[43;33m][0m [1mUnexpected "-sm"[0m [css-syntax-error]

    src/assets/css/nicepage.css:8115:42:
[37m      8115 │   .u-expanded-height:not(.custom-expanded)[32m-sm[37m {
           ╵                                           [32m~~~[0m


[33m▲ [43;33m[[43;30mWARNING[43;33m][0m [1mUnexpected "-xs"[0m [css-syntax-error]

    src/assets/css/nicepage.css:8120:42:
[37m      8120 │   .u-expanded-height:not(.custom-expanded)[32m-xs[37m {
           ╵                                           [32m~~~[0m


[33m▲ [43;33m[[43;30mWARNING[43;33m][0m [1mUnexpected "/"[0m [css-syntax-error]

    src/assets/css/nicepage.css:20056:155:
[37m      20056 │ ...E1MOmNvbS5hZG9iZS54bXAAAAAAADw[32m/[37meHBhY2tldCBiZWdpbj0i77u/IiBpZ...
            ╵                                  [32m^[0m


[33m▲ [43;33m[[43;30mWARNING[43;33m][0m [1mUnterminated string token[0m [css-syntax-error]

    src/assets/css/nicepage.css:20056:2701:
[37m      20056 │ ...BICAAAQEICGCX/hZgANzhlTFY6SDTAAAAAElFTkSuQmCC') 0 0 no-repeat;[32m[37m
            ╵                                                                  [32m^[0m


[33m▲ [43;33m[[43;30mWARNING[43;33m][0m [1mExpected identifier but found "."[0m [css-syntax-error]

    src/assets/css/nicepage.css:20063:2:
[37m      20063 │   [32m.[37mpswp--svg .pswp__button,
            ╵   [32m^[0m


[33m▲ [43;33m[[43;30mWARNING[43;33m][0m [1mUnterminated string token[0m [css-syntax-error]

    src/assets/css/nicepage.css:20064:2528:
[37m      20064 │ ...jEsNWwtMC45LDBsMC4xLTVMMTA5LDE5eiIvPg0KPC9nPg0KPC9zdmc+DQo=');[32m[37m
            ╵                                                                  [32m^[0m


[33m▲ [43;33m[[43;30mWARNING[43;33m][0m [1mUnexpected "}"[0m [css-syntax-error]

    src/assets/css/nicepage.css:20070:0:
[37m      20070 │ [32m}[37m
            ╵ [32m^[0m


[33m▲ [43;33m[[43;30mWARNING[43;33m][0m [1mExpected identifier but found whitespace[0m [css-syntax-error]

    src/assets/css/nicepage.css:20121:6:
[37m      20121 │   top:[32m[37m 35px;
            ╵       [32m^[0m


[33m▲ [43;33m[[43;30mWARNING[43;33m][0m [1mUnexpected "35px"[0m [css-syntax-error]

    src/assets/css/nicepage.css:20121:7:
[37m      20121 │   top: [32m35px[37m;
            ╵        [32m~~~~[0m


[33m▲ [43;33m[[43;30mWARNING[43;33m][0m [1mExpected identifier but found whitespace[0m [css-syntax-error]

    src/assets/css/nicepage.css:20207:10:
[37m      20207 │   display:[32m[37m block;
            ╵           [32m^[0m


[33m▲ [43;33m[[43;30mWARNING[43;33m][0m [1mUnexpected ";"[0m [css-syntax-error]

    src/assets/css/nicepage.css:20207:16:
[37m      20207 │   display: block[32m;[37m
            ╵                 [32m^[0m


[33m▲ [43;33m[[43;30mWARNING[43;33m][0m [1mUnexpected "}"[0m [css-syntax-error]

    src/assets/css/nicepage.css:23639:0:
[37m      23639 │ [32m}[37m
            ╵ [32m^[0m


[33m▲ [43;33m[[43;30mWARNING[43;33m][0m [1mNG8102: The left side of this nullish coalescing operation does not include 'null' or 'undefined' in its type, therefore the '??' operator can be safely removed.[0m [1m[35m[plugin angular-compiler][0m

    src/app/features/admin/avis/admin-avis-list/admin-avis-list.component.html:26:42:
[37m      26 │           [ngClass]="{ 'filled': star <= ([32mavis.note ?? 0[37m) }"
         ╵                                           [32m~~~~~~~~~~~~~~[0m

  Error occurs in the template of component AdminAvisListComponent.

    src/app/features/admin/avis/admin-avis-list/admin-avis-list.component.ts:10:15:
[37m      10 │   templateUrl: [32m'./admin-avis-list.component.html'[37m,
         ╵                [32m~~~~~~~~~~~~~~~~~~~~~~~~~~~~~~~~~~[0m


[33m▲ [43;33m[[43;30mWARNING[43;33m][0m [1mNG8107: The left side of this optional chain operation does not include 'null' or 'undefined' in its type, therefore the '?.' operator can be replaced with the '.' operator.[0m [1m[35m[plugin angular-compiler][0m

    src/app/features/admin/site-bookings/site-bookings.component.html:32:38:
[37m      32 │           <td>{{ booking.siteCamping?.[32mnom[37m }}</td>
         ╵                                       [32m~~~[0m

  Error occurs in the template of component SiteBookingsComponent.

    src/app/features/admin/site-bookings/site-bookings.component.ts:13:15:
[37m      13 │   templateUrl: [32m'./site-bookings.component.html'[37m,
         ╵                [32m~~~~~~~~~~~~~~~~~~~~~~~~~~~~~~~~[0m


[33m▲ [43;33m[[43;30mWARNING[43;33m][0m [1mNG8107: The left side of this optional chain operation does not include 'null' or 'undefined' in its type, therefore the '?.' operator can be replaced with the '.' operator.[0m [1m[35m[plugin angular-compiler][0m

    src/app/features/public/MarketPlace/liste-produit/liste-produit.component.html:25:33:
[37m      25 │           [src]="product.images?.[32mlength[37m
         ╵                                  [32m~~~~~~[0m

  Error occurs in the template of component ListeProduitComponent.

    src/app/features/public/MarketPlace/liste-produit/liste-produit.component.ts:13:15:
[37m      13 │   templateUrl: [32m'./liste-produit.component.html'[37m,
         ╵                [32m~~~~~~~~~~~~~~~~~~~~~~~~~~~~~~~~[0m


[33m▲ [43;33m[[43;30mWARNING[43;33m][0m [1mNG8102: The left side of this nullish coalescing operation does not include 'null' or 'undefined' in its type, therefore the '??' operator can be safely removed.[0m [1m[35m[plugin angular-compiler][0m

    src/app/features/public/camping-sites/camping-sites.component.html:47:42:
[37m      47 │ ...          <span class="info-value">{{ [32msite.capacite ?? 0[37m }}</span>
         ╵                                          [32m~~~~~~~~~~~~~~~~~~[0m

  Error occurs in the template of component CampingSitesComponent.

    src/app/features/public/camping-sites/camping-sites.component.ts:13:15:
[37m      13 │   templateUrl: [32m'./camping-sites.component.html'[37m,
         ╵                [32m~~~~~~~~~~~~~~~~~~~~~~~~~~~~~~~~[0m


[33m▲ [43;33m[[43;30mWARNING[43;33m][0m [1mTS-998113: AvisListComponent is not used within the template of CampingSitesComponent[0m [1m[35m[plugin angular-compiler][0m

    src/app/features/public/camping-sites/camping-sites.component.ts:12:40:
[37m      12 │ ...[CommonModule, RouterModule, [32mAvisListComponent[37m, AddAvisComponent],
         ╵                                 [32m~~~~~~~~~~~~~~~~~[0m


[33m▲ [43;33m[[43;30mWARNING[43;33m][0m [1mTS-998113: AddAvisComponent is not used within the template of CampingSitesComponent[0m [1m[35m[plugin angular-compiler][0m

    src/app/features/public/camping-sites/camping-sites.component.ts:12:59:
[37m      12 │ ...[CommonModule, RouterModule, AvisListComponent, [32mAddAvisComponent[37m],
         ╵                                                    [32m~~~~~~~~~~~~~~~~[0m


[33m▲ [43;33m[[43;30mWARNING[43;33m][0m [1mNG8107: The left side of this optional chain operation does not include 'null' or 'undefined' in its type, therefore the '?.' operator can be replaced with the '.' operator.[0m [1m[35m[plugin angular-compiler][0m

    src/app/features/public/my-bookings/my-bookings.component.html:21:40:
[37m      21 │ ...[src]="booking.siteCamping?.[32mimageUrl[37m || 'assets/images/default-...
         ╵                                [32m~~~~~~~~[0m

  Error occurs in the template of component MyBookingsComponent.

    src/app/features/public/my-bookings/my-bookings.component.ts:11:15:
[37m      11 │   templateUrl: [32m'./my-bookings.component.html'[37m,
         ╵                [32m~~~~~~~~~~~~~~~~~~~~~~~~~~~~~~[0m


[33m▲ [43;33m[[43;30mWARNING[43;33m][0m [1mNG8107: The left side of this optional chain operation does not include 'null' or 'undefined' in its type, therefore the '?.' operator can be replaced with the '.' operator.[0m [1m[35m[plugin angular-compiler][0m

    src/app/features/public/my-bookings/my-bookings.component.html:22:40:
[37m      22 │             [alt]="booking.siteCamping?.[32mnom[37m"
         ╵                                         [32m~~~[0m

  Error occurs in the template of component MyBookingsComponent.

    src/app/features/public/my-bookings/my-bookings.component.ts:11:15:
[37m      11 │   templateUrl: [32m'./my-bookings.component.html'[37m,
         ╵                [32m~~~~~~~~~~~~~~~~~~~~~~~~~~~~~~[0m


[33m▲ [43;33m[[43;30mWARNING[43;33m][0m [1mNG8107: The left side of this optional chain operation does not include 'null' or 'undefined' in its type, therefore the '?.' operator can be replaced with the '.' operator.[0m [1m[35m[plugin angular-compiler][0m

    src/app/features/public/my-bookings/my-bookings.component.html:42:42:
[37m      42 │               <h3>{{ booking.siteCamping?.[32mnom[37m }}</h3>
         ╵                                           [32m~~~[0m

  Error occurs in the template of component MyBookingsComponent.

    src/app/features/public/my-bookings/my-bookings.component.ts:11:15:
[37m      11 │   templateUrl: [32m'./my-bookings.component.html'[37m,
         ╵                [32m~~~~~~~~~~~~~~~~~~~~~~~~~~~~~~[0m


[33m▲ [43;33m[[43;30mWARNING[43;33m][0m [1mNG8107: The left side of this optional chain operation does not include 'null' or 'undefined' in its type, therefore the '?.' operator can be replaced with the '.' operator.[0m [1m[35m[plugin angular-compiler][0m

    src/app/features/public/my-bookings/my-bookings.component.html:43:58:
[37m      43 │ ...   <p class="location">{{ booking.siteCamping?.[32mlocalisation[37m }}</p>
         ╵                                                   [32m~~~~~~~~~~~~[0m

  Error occurs in the template of component MyBookingsComponent.

    src/app/features/public/my-bookings/my-bookings.component.ts:11:15:
[37m      11 │   templateUrl: [32m'./my-bookings.component.html'[37m,
         ╵                [32m~~~~~~~~~~~~~~~~~~~~~~~~~~~~~~[0m


[33m▲ [43;33m[[43;30mWARNING[43;33m][0m [1mNG8107: The left side of this optional chain operation does not include 'null' or 'undefined' in its type, therefore the '?.' operator can be replaced with the '.' operator.[0m [1m[35m[plugin angular-compiler][0m

    src/app/features/public/my-bookings/my-bookings.component.html:87:74:
[37m      87 │ ...outerLink]="['/public/site-booking', booking.siteCamping?.[32midSite[37m]"
         ╵                                                              [32m~~~~~~[0m

  Error occurs in the template of component MyBookingsComponent.

    src/app/features/public/my-bookings/my-bookings.component.ts:11:15:
[37m      11 │   templateUrl: [32m'./my-bookings.component.html'[37m,
         ╵                [32m~~~~~~~~~~~~~~~~~~~~~~~~~~~~~~[0m

[39m[22m
[1m[33m[33m▲ [43;33m[[43;30mWARNING[43;33m][0m [1mUnexpected "-xxl"[0m [css-syntax-error]

    src/assets/css/nicepage.css:7963:41:
[37m      7963 │   .u-expanded-width:not(.custom-expanded)[32m-xxl[37m {
           ╵                                          [32m~~~~[0m


[33m▲ [43;33m[[43;30mWARNING[43;33m][0m [1mUnexpected "-xl"[0m [css-syntax-error]

    src/assets/css/nicepage.css:7969:52:
[37m      7969 │   .u-xl-mode .u-expanded-width:not(.custom-expanded)[32m-xl[37m {
           ╵                                                     [32m~~~[0m


[33m▲ [43;33m[[43;30mWARNING[43;33m][0m [1mUnexpected "-xl"[0m [css-syntax-error]

    src/assets/css/nicepage.css:7975:53:
[37m      7975 │   .u-xxl-mode .u-expanded-width:not(.custom-expanded)[32m-xl[37m {
           ╵                                                      [32m~~~[0m


[33m▲ [43;33m[[43;30mWARNING[43;33m][0m [1mUnexpected "-lg"[0m [css-syntax-error]

    src/assets/css/nicepage.css:7981:41:
[37m      7981 │   .u-expanded-width:not(.custom-expanded)[32m-lg[37m {
           ╵                                          [32m~~~[0m


[33m▲ [43;33m[[43;30mWARNING[43;33m][0m [1mUnexpected "-md"[0m [css-syntax-error]

    src/assets/css/nicepage.css:7987:41:
[37m      7987 │   .u-expanded-width:not(.custom-expanded)[32m-md[37m {
           ╵                                          [32m~~~[0m


[33m▲ [43;33m[[43;30mWARNING[43;33m][0m [1mUnexpected "-sm"[0m [css-syntax-error]

    src/assets/css/nicepage.css:7993:41:
[37m      7993 │   .u-expanded-width:not(.custom-expanded)[32m-sm[37m {
           ╵                                          [32m~~~[0m


[33m▲ [43;33m[[43;30mWARNING[43;33m][0m [1mUnexpected "-xs"[0m [css-syntax-error]

    src/assets/css/nicepage.css:7999:41:
[37m      7999 │   .u-expanded-width:not(.custom-expanded)[32m-xs[37m {
           ╵                                          [32m~~~[0m


[33m▲ [43;33m[[43;30mWARNING[43;33m][0m [1mUnexpected "-xxl"[0m [css-syntax-error]

    src/assets/css/nicepage.css:8090:42:
[37m      8090 │   .u-expanded-height:not(.custom-expanded)[32m-xxl[37m {
           ╵                                           [32m~~~~[0m


[33m▲ [43;33m[[43;30mWARNING[43;33m][0m [1mUnexpected "-xl"[0m [css-syntax-error]

    src/assets/css/nicepage.css:8095:53:
[37m      8095 │   .u-xl-mode .u-expanded-height:not(.custom-expanded)[32m-xl[37m {
           ╵                                                      [32m~~~[0m


[33m▲ [43;33m[[43;30mWARNING[43;33m][0m [1mUnexpected "-xl"[0m [css-syntax-error]

    src/assets/css/nicepage.css:8100:54:
[37m      8100 │   .u-xxl-mode .u-expanded-height:not(.custom-expanded)[32m-xl[37m {
           ╵                                                       [32m~~~[0m


[33m▲ [43;33m[[43;30mWARNING[43;33m][0m [1mUnexpected "-lg"[0m [css-syntax-error]

    src/assets/css/nicepage.css:8105:42:
[37m      8105 │   .u-expanded-height:not(.custom-expanded)[32m-lg[37m {
           ╵                                           [32m~~~[0m


[33m▲ [43;33m[[43;30mWARNING[43;33m][0m [1mUnexpected "-md"[0m [css-syntax-error]

    src/assets/css/nicepage.css:8110:42:
[37m      8110 │   .u-expanded-height:not(.custom-expanded)[32m-md[37m {
           ╵                                           [32m~~~[0m


[33m▲ [43;33m[[43;30mWARNING[43;33m][0m [1mUnexpected "-sm"[0m [css-syntax-error]

    src/assets/css/nicepage.css:8115:42:
[37m      8115 │   .u-expanded-height:not(.custom-expanded)[32m-sm[37m {
           ╵                                           [32m~~~[0m


[33m▲ [43;33m[[43;30mWARNING[43;33m][0m [1mUnexpected "-xs"[0m [css-syntax-error]

    src/assets/css/nicepage.css:8120:42:
[37m      8120 │   .u-expanded-height:not(.custom-expanded)[32m-xs[37m {
           ╵                                           [32m~~~[0m


[33m▲ [43;33m[[43;30mWARNING[43;33m][0m [1mUnexpected "/"[0m [css-syntax-error]

    src/assets/css/nicepage.css:20056:155:
[37m      20056 │ ...E1MOmNvbS5hZG9iZS54bXAAAAAAADw[32m/[37meHBhY2tldCBiZWdpbj0i77u/IiBpZ...
            ╵                                  [32m^[0m


[33m▲ [43;33m[[43;30mWARNING[43;33m][0m [1mUnterminated string token[0m [css-syntax-error]

    src/assets/css/nicepage.css:20056:2701:
[37m      20056 │ ...BICAAAQEICGCX/hZgANzhlTFY6SDTAAAAAElFTkSuQmCC') 0 0 no-repeat;[32m[37m
            ╵                                                                  [32m^[0m


[33m▲ [43;33m[[43;30mWARNING[43;33m][0m [1mExpected identifier but found "."[0m [css-syntax-error]

    src/assets/css/nicepage.css:20063:2:
[37m      20063 │   [32m.[37mpswp--svg .pswp__button,
            ╵   [32m^[0m


[33m▲ [43;33m[[43;30mWARNING[43;33m][0m [1mUnterminated string token[0m [css-syntax-error]

    src/assets/css/nicepage.css:20064:2528:
[37m      20064 │ ...jEsNWwtMC45LDBsMC4xLTVMMTA5LDE5eiIvPg0KPC9nPg0KPC9zdmc+DQo=');[32m[37m
            ╵                                                                  [32m^[0m


[33m▲ [43;33m[[43;30mWARNING[43;33m][0m [1mUnexpected "}"[0m [css-syntax-error]

    src/assets/css/nicepage.css:20070:0:
[37m      20070 │ [32m}[37m
            ╵ [32m^[0m


[33m▲ [43;33m[[43;30mWARNING[43;33m][0m [1mExpected identifier but found whitespace[0m [css-syntax-error]

    src/assets/css/nicepage.css:20121:6:
[37m      20121 │   top:[32m[37m 35px;
            ╵       [32m^[0m


[33m▲ [43;33m[[43;30mWARNING[43;33m][0m [1mUnexpected "35px"[0m [css-syntax-error]

    src/assets/css/nicepage.css:20121:7:
[37m      20121 │   top: [32m35px[37m;
            ╵        [32m~~~~[0m


[33m▲ [43;33m[[43;30mWARNING[43;33m][0m [1mExpected identifier but found whitespace[0m [css-syntax-error]

    src/assets/css/nicepage.css:20207:10:
[37m      20207 │   display:[32m[37m block;
            ╵           [32m^[0m


[33m▲ [43;33m[[43;30mWARNING[43;33m][0m [1mUnexpected ";"[0m [css-syntax-error]

    src/assets/css/nicepage.css:20207:16:
[37m      20207 │   display: block[32m;[37m
            ╵                 [32m^[0m


[33m▲ [43;33m[[43;30mWARNING[43;33m][0m [1mUnexpected "}"[0m [css-syntax-error]

    src/assets/css/nicepage.css:23639:0:
[37m      23639 │ [32m}[37m
            ╵ [32m^[0m


[33m▲ [43;33m[[43;30mWARNING[43;33m][0m [1mNG8102: The left side of this nullish coalescing operation does not include 'null' or 'undefined' in its type, therefore the '??' operator can be safely removed.[0m [1m[35m[plugin angular-compiler][0m

    src/app/features/admin/avis/admin-avis-list/admin-avis-list.component.html:26:42:
[37m      26 │           [ngClass]="{ 'filled': star <= ([32mavis.note ?? 0[37m) }"
         ╵                                           [32m~~~~~~~~~~~~~~[0m

  Error occurs in the template of component AdminAvisListComponent.

    src/app/features/admin/avis/admin-avis-list/admin-avis-list.component.ts:10:15:
[37m      10 │   templateUrl: [32m'./admin-avis-list.component.html'[37m,
         ╵                [32m~~~~~~~~~~~~~~~~~~~~~~~~~~~~~~~~~~[0m


[33m▲ [43;33m[[43;30mWARNING[43;33m][0m [1mNG8107: The left side of this optional chain operation does not include 'null' or 'undefined' in its type, therefore the '?.' operator can be replaced with the '.' operator.[0m [1m[35m[plugin angular-compiler][0m

    src/app/features/admin/site-bookings/site-bookings.component.html:32:38:
[37m      32 │           <td>{{ booking.siteCamping?.[32mnom[37m }}</td>
         ╵                                       [32m~~~[0m

  Error occurs in the template of component SiteBookingsComponent.

    src/app/features/admin/site-bookings/site-bookings.component.ts:13:15:
[37m      13 │   templateUrl: [32m'./site-bookings.component.html'[37m,
         ╵                [32m~~~~~~~~~~~~~~~~~~~~~~~~~~~~~~~~[0m


[33m▲ [43;33m[[43;30mWARNING[43;33m][0m [1mNG8107: The left side of this optional chain operation does not include 'null' or 'undefined' in its type, therefore the '?.' operator can be replaced with the '.' operator.[0m [1m[35m[plugin angular-compiler][0m

    src/app/features/public/MarketPlace/liste-produit/liste-produit.component.html:25:33:
[37m      25 │           [src]="product.images?.[32mlength[37m
         ╵                                  [32m~~~~~~[0m

  Error occurs in the template of component ListeProduitComponent.

    src/app/features/public/MarketPlace/liste-produit/liste-produit.component.ts:13:15:
[37m      13 │   templateUrl: [32m'./liste-produit.component.html'[37m,
         ╵                [32m~~~~~~~~~~~~~~~~~~~~~~~~~~~~~~~~[0m


[33m▲ [43;33m[[43;30mWARNING[43;33m][0m [1mNG8102: The left side of this nullish coalescing operation does not include 'null' or 'undefined' in its type, therefore the '??' operator can be safely removed.[0m [1m[35m[plugin angular-compiler][0m

    src/app/features/public/camping-sites/camping-sites.component.html:47:42:
[37m      47 │ ...          <span class="info-value">{{ [32msite.capacite ?? 0[37m }}</span>
         ╵                                          [32m~~~~~~~~~~~~~~~~~~[0m

  Error occurs in the template of component CampingSitesComponent.

    src/app/features/public/camping-sites/camping-sites.component.ts:13:15:
[37m      13 │   templateUrl: [32m'./camping-sites.component.html'[37m,
         ╵                [32m~~~~~~~~~~~~~~~~~~~~~~~~~~~~~~~~[0m


[33m▲ [43;33m[[43;30mWARNING[43;33m][0m [1mTS-998113: AvisListComponent is not used within the template of CampingSitesComponent[0m [1m[35m[plugin angular-compiler][0m

    src/app/features/public/camping-sites/camping-sites.component.ts:12:40:
[37m      12 │ ...[CommonModule, RouterModule, [32mAvisListComponent[37m, AddAvisComponent],
         ╵                                 [32m~~~~~~~~~~~~~~~~~[0m


[33m▲ [43;33m[[43;30mWARNING[43;33m][0m [1mTS-998113: AddAvisComponent is not used within the template of CampingSitesComponent[0m [1m[35m[plugin angular-compiler][0m

    src/app/features/public/camping-sites/camping-sites.component.ts:12:59:
[37m      12 │ ...[CommonModule, RouterModule, AvisListComponent, [32mAddAvisComponent[37m],
         ╵                                                    [32m~~~~~~~~~~~~~~~~[0m


[33m▲ [43;33m[[43;30mWARNING[43;33m][0m [1mNG8107: The left side of this optional chain operation does not include 'null' or 'undefined' in its type, therefore the '?.' operator can be replaced with the '.' operator.[0m [1m[35m[plugin angular-compiler][0m

    src/app/features/public/my-bookings/my-bookings.component.html:21:40:
[37m      21 │ ...[src]="booking.siteCamping?.[32mimageUrl[37m || 'assets/images/default-...
         ╵                                [32m~~~~~~~~[0m

  Error occurs in the template of component MyBookingsComponent.

    src/app/features/public/my-bookings/my-bookings.component.ts:11:15:
[37m      11 │   templateUrl: [32m'./my-bookings.component.html'[37m,
         ╵                [32m~~~~~~~~~~~~~~~~~~~~~~~~~~~~~~[0m


[33m▲ [43;33m[[43;30mWARNING[43;33m][0m [1mNG8107: The left side of this optional chain operation does not include 'null' or 'undefined' in its type, therefore the '?.' operator can be replaced with the '.' operator.[0m [1m[35m[plugin angular-compiler][0m

    src/app/features/public/my-bookings/my-bookings.component.html:22:40:
[37m      22 │             [alt]="booking.siteCamping?.[32mnom[37m"
         ╵                                         [32m~~~[0m

  Error occurs in the template of component MyBookingsComponent.

    src/app/features/public/my-bookings/my-bookings.component.ts:11:15:
[37m      11 │   templateUrl: [32m'./my-bookings.component.html'[37m,
         ╵                [32m~~~~~~~~~~~~~~~~~~~~~~~~~~~~~~[0m


[33m▲ [43;33m[[43;30mWARNING[43;33m][0m [1mNG8107: The left side of this optional chain operation does not include 'null' or 'undefined' in its type, therefore the '?.' operator can be replaced with the '.' operator.[0m [1m[35m[plugin angular-compiler][0m

    src/app/features/public/my-bookings/my-bookings.component.html:42:42:
[37m      42 │               <h3>{{ booking.siteCamping?.[32mnom[37m }}</h3>
         ╵                                           [32m~~~[0m

  Error occurs in the template of component MyBookingsComponent.

    src/app/features/public/my-bookings/my-bookings.component.ts:11:15:
[37m      11 │   templateUrl: [32m'./my-bookings.component.html'[37m,
         ╵                [32m~~~~~~~~~~~~~~~~~~~~~~~~~~~~~~[0m


[33m▲ [43;33m[[43;30mWARNING[43;33m][0m [1mNG8107: The left side of this optional chain operation does not include 'null' or 'undefined' in its type, therefore the '?.' operator can be replaced with the '.' operator.[0m [1m[35m[plugin angular-compiler][0m

    src/app/features/public/my-bookings/my-bookings.component.html:43:58:
[37m      43 │ ...   <p class="location">{{ booking.siteCamping?.[32mlocalisation[37m }}</p>
         ╵                                                   [32m~~~~~~~~~~~~[0m

  Error occurs in the template of component MyBookingsComponent.

    src/app/features/public/my-bookings/my-bookings.component.ts:11:15:
[37m      11 │   templateUrl: [32m'./my-bookings.component.html'[37m,
         ╵                [32m~~~~~~~~~~~~~~~~~~~~~~~~~~~~~~[0m


[33m▲ [43;33m[[43;30mWARNING[43;33m][0m [1mNG8107: The left side of this optional chain operation does not include 'null' or 'undefined' in its type, therefore the '?.' operator can be replaced with the '.' operator.[0m [1m[35m[plugin angular-compiler][0m

    src/app/features/public/my-bookings/my-bookings.component.html:87:74:
[37m      87 │ ...outerLink]="['/public/site-booking', booking.siteCamping?.[32midSite[37m]"
         ╵                                                              [32m~~~~~~[0m

  Error occurs in the template of component MyBookingsComponent.

    src/app/features/public/my-bookings/my-bookings.component.ts:11:15:
[37m      11 │   templateUrl: [32m'./my-bookings.component.html'[37m,
         ╵                [32m~~~~~~~~~~~~~~~~~~~~~~~~~~~~~~[0m

[39m[22m
[1m[33m[33m▲ [43;33m[[43;30mWARNING[43;33m][0m [1mUnexpected "-xxl"[0m [css-syntax-error]

    src/assets/css/nicepage.css:7963:41:
[37m      7963 │   .u-expanded-width:not(.custom-expanded)[32m-xxl[37m {
           ╵                                          [32m~~~~[0m


[33m▲ [43;33m[[43;30mWARNING[43;33m][0m [1mUnexpected "-xl"[0m [css-syntax-error]

    src/assets/css/nicepage.css:7969:52:
[37m      7969 │   .u-xl-mode .u-expanded-width:not(.custom-expanded)[32m-xl[37m {
           ╵                                                     [32m~~~[0m


[33m▲ [43;33m[[43;30mWARNING[43;33m][0m [1mUnexpected "-xl"[0m [css-syntax-error]

    src/assets/css/nicepage.css:7975:53:
[37m      7975 │   .u-xxl-mode .u-expanded-width:not(.custom-expanded)[32m-xl[37m {
           ╵                                                      [32m~~~[0m


[33m▲ [43;33m[[43;30mWARNING[43;33m][0m [1mUnexpected "-lg"[0m [css-syntax-error]

    src/assets/css/nicepage.css:7981:41:
[37m      7981 │   .u-expanded-width:not(.custom-expanded)[32m-lg[37m {
           ╵                                          [32m~~~[0m


[33m▲ [43;33m[[43;30mWARNING[43;33m][0m [1mUnexpected "-md"[0m [css-syntax-error]

    src/assets/css/nicepage.css:7987:41:
[37m      7987 │   .u-expanded-width:not(.custom-expanded)[32m-md[37m {
           ╵                                          [32m~~~[0m


[33m▲ [43;33m[[43;30mWARNING[43;33m][0m [1mUnexpected "-sm"[0m [css-syntax-error]

    src/assets/css/nicepage.css:7993:41:
[37m      7993 │   .u-expanded-width:not(.custom-expanded)[32m-sm[37m {
           ╵                                          [32m~~~[0m


[33m▲ [43;33m[[43;30mWARNING[43;33m][0m [1mUnexpected "-xs"[0m [css-syntax-error]

    src/assets/css/nicepage.css:7999:41:
[37m      7999 │   .u-expanded-width:not(.custom-expanded)[32m-xs[37m {
           ╵                                          [32m~~~[0m


[33m▲ [43;33m[[43;30mWARNING[43;33m][0m [1mUnexpected "-xxl"[0m [css-syntax-error]

    src/assets/css/nicepage.css:8090:42:
[37m      8090 │   .u-expanded-height:not(.custom-expanded)[32m-xxl[37m {
           ╵                                           [32m~~~~[0m


[33m▲ [43;33m[[43;30mWARNING[43;33m][0m [1mUnexpected "-xl"[0m [css-syntax-error]

    src/assets/css/nicepage.css:8095:53:
[37m      8095 │   .u-xl-mode .u-expanded-height:not(.custom-expanded)[32m-xl[37m {
           ╵                                                      [32m~~~[0m


[33m▲ [43;33m[[43;30mWARNING[43;33m][0m [1mUnexpected "-xl"[0m [css-syntax-error]

    src/assets/css/nicepage.css:8100:54:
[37m      8100 │   .u-xxl-mode .u-expanded-height:not(.custom-expanded)[32m-xl[37m {
           ╵                                                       [32m~~~[0m


[33m▲ [43;33m[[43;30mWARNING[43;33m][0m [1mUnexpected "-lg"[0m [css-syntax-error]

    src/assets/css/nicepage.css:8105:42:
[37m      8105 │   .u-expanded-height:not(.custom-expanded)[32m-lg[37m {
           ╵                                           [32m~~~[0m


[33m▲ [43;33m[[43;30mWARNING[43;33m][0m [1mUnexpected "-md"[0m [css-syntax-error]

    src/assets/css/nicepage.css:8110:42:
[37m      8110 │   .u-expanded-height:not(.custom-expanded)[32m-md[37m {
           ╵                                           [32m~~~[0m


[33m▲ [43;33m[[43;30mWARNING[43;33m][0m [1mUnexpected "-sm"[0m [css-syntax-error]

    src/assets/css/nicepage.css:8115:42:
[37m      8115 │   .u-expanded-height:not(.custom-expanded)[32m-sm[37m {
           ╵                                           [32m~~~[0m


[33m▲ [43;33m[[43;30mWARNING[43;33m][0m [1mUnexpected "-xs"[0m [css-syntax-error]

    src/assets/css/nicepage.css:8120:42:
[37m      8120 │   .u-expanded-height:not(.custom-expanded)[32m-xs[37m {
           ╵                                           [32m~~~[0m


[33m▲ [43;33m[[43;30mWARNING[43;33m][0m [1mUnexpected "/"[0m [css-syntax-error]

    src/assets/css/nicepage.css:20056:155:
[37m      20056 │ ...E1MOmNvbS5hZG9iZS54bXAAAAAAADw[32m/[37meHBhY2tldCBiZWdpbj0i77u/IiBpZ...
            ╵                                  [32m^[0m


[33m▲ [43;33m[[43;30mWARNING[43;33m][0m [1mUnterminated string token[0m [css-syntax-error]

    src/assets/css/nicepage.css:20056:2701:
[37m      20056 │ ...BICAAAQEICGCX/hZgANzhlTFY6SDTAAAAAElFTkSuQmCC') 0 0 no-repeat;[32m[37m
            ╵                                                                  [32m^[0m


[33m▲ [43;33m[[43;30mWARNING[43;33m][0m [1mExpected identifier but found "."[0m [css-syntax-error]

    src/assets/css/nicepage.css:20063:2:
[37m      20063 │   [32m.[37mpswp--svg .pswp__button,
            ╵   [32m^[0m


[33m▲ [43;33m[[43;30mWARNING[43;33m][0m [1mUnterminated string token[0m [css-syntax-error]

    src/assets/css/nicepage.css:20064:2528:
[37m      20064 │ ...jEsNWwtMC45LDBsMC4xLTVMMTA5LDE5eiIvPg0KPC9nPg0KPC9zdmc+DQo=');[32m[37m
            ╵                                                                  [32m^[0m


[33m▲ [43;33m[[43;30mWARNING[43;33m][0m [1mUnexpected "}"[0m [css-syntax-error]

    src/assets/css/nicepage.css:20070:0:
[37m      20070 │ [32m}[37m
            ╵ [32m^[0m


[33m▲ [43;33m[[43;30mWARNING[43;33m][0m [1mExpected identifier but found whitespace[0m [css-syntax-error]

    src/assets/css/nicepage.css:20121:6:
[37m      20121 │   top:[32m[37m 35px;
            ╵       [32m^[0m


[33m▲ [43;33m[[43;30mWARNING[43;33m][0m [1mUnexpected "35px"[0m [css-syntax-error]

    src/assets/css/nicepage.css:20121:7:
[37m      20121 │   top: [32m35px[37m;
            ╵        [32m~~~~[0m


[33m▲ [43;33m[[43;30mWARNING[43;33m][0m [1mExpected identifier but found whitespace[0m [css-syntax-error]

    src/assets/css/nicepage.css:20207:10:
[37m      20207 │   display:[32m[37m block;
            ╵           [32m^[0m


[33m▲ [43;33m[[43;30mWARNING[43;33m][0m [1mUnexpected ";"[0m [css-syntax-error]

    src/assets/css/nicepage.css:20207:16:
[37m      20207 │   display: block[32m;[37m
            ╵                 [32m^[0m


[33m▲ [43;33m[[43;30mWARNING[43;33m][0m [1mUnexpected "}"[0m [css-syntax-error]

    src/assets/css/nicepage.css:23639:0:
[37m      23639 │ [32m}[37m
            ╵ [32m^[0m


[33m▲ [43;33m[[43;30mWARNING[43;33m][0m [1mNG8102: The left side of this nullish coalescing operation does not include 'null' or 'undefined' in its type, therefore the '??' operator can be safely removed.[0m [1m[35m[plugin angular-compiler][0m

    src/app/features/admin/avis/admin-avis-list/admin-avis-list.component.html:26:42:
[37m      26 │           [ngClass]="{ 'filled': star <= ([32mavis.note ?? 0[37m) }"
         ╵                                           [32m~~~~~~~~~~~~~~[0m

  Error occurs in the template of component AdminAvisListComponent.

    src/app/features/admin/avis/admin-avis-list/admin-avis-list.component.ts:10:15:
[37m      10 │   templateUrl: [32m'./admin-avis-list.component.html'[37m,
         ╵                [32m~~~~~~~~~~~~~~~~~~~~~~~~~~~~~~~~~~[0m


[33m▲ [43;33m[[43;30mWARNING[43;33m][0m [1mNG8107: The left side of this optional chain operation does not include 'null' or 'undefined' in its type, therefore the '?.' operator can be replaced with the '.' operator.[0m [1m[35m[plugin angular-compiler][0m

    src/app/features/admin/site-bookings/site-bookings.component.html:32:38:
[37m      32 │           <td>{{ booking.siteCamping?.[32mnom[37m }}</td>
         ╵                                       [32m~~~[0m

  Error occurs in the template of component SiteBookingsComponent.

    src/app/features/admin/site-bookings/site-bookings.component.ts:13:15:
[37m      13 │   templateUrl: [32m'./site-bookings.component.html'[37m,
         ╵                [32m~~~~~~~~~~~~~~~~~~~~~~~~~~~~~~~~[0m


[33m▲ [43;33m[[43;30mWARNING[43;33m][0m [1mNG8107: The left side of this optional chain operation does not include 'null' or 'undefined' in its type, therefore the '?.' operator can be replaced with the '.' operator.[0m [1m[35m[plugin angular-compiler][0m

    src/app/features/public/MarketPlace/liste-produit/liste-produit.component.html:25:33:
[37m      25 │           [src]="product.images?.[32mlength[37m
         ╵                                  [32m~~~~~~[0m

  Error occurs in the template of component ListeProduitComponent.

    src/app/features/public/MarketPlace/liste-produit/liste-produit.component.ts:13:15:
[37m      13 │   templateUrl: [32m'./liste-produit.component.html'[37m,
         ╵                [32m~~~~~~~~~~~~~~~~~~~~~~~~~~~~~~~~[0m


[33m▲ [43;33m[[43;30mWARNING[43;33m][0m [1mNG8102: The left side of this nullish coalescing operation does not include 'null' or 'undefined' in its type, therefore the '??' operator can be safely removed.[0m [1m[35m[plugin angular-compiler][0m

    src/app/features/public/camping-sites/camping-sites.component.html:47:42:
[37m      47 │ ...          <span class="info-value">{{ [32msite.capacite ?? 0[37m }}</span>
         ╵                                          [32m~~~~~~~~~~~~~~~~~~[0m

  Error occurs in the template of component CampingSitesComponent.

    src/app/features/public/camping-sites/camping-sites.component.ts:13:15:
[37m      13 │   templateUrl: [32m'./camping-sites.component.html'[37m,
         ╵                [32m~~~~~~~~~~~~~~~~~~~~~~~~~~~~~~~~[0m


[33m▲ [43;33m[[43;30mWARNING[43;33m][0m [1mTS-998113: AvisListComponent is not used within the template of CampingSitesComponent[0m [1m[35m[plugin angular-compiler][0m

    src/app/features/public/camping-sites/camping-sites.component.ts:12:40:
[37m      12 │ ...[CommonModule, RouterModule, [32mAvisListComponent[37m, AddAvisComponent],
         ╵                                 [32m~~~~~~~~~~~~~~~~~[0m


[33m▲ [43;33m[[43;30mWARNING[43;33m][0m [1mTS-998113: AddAvisComponent is not used within the template of CampingSitesComponent[0m [1m[35m[plugin angular-compiler][0m

    src/app/features/public/camping-sites/camping-sites.component.ts:12:59:
[37m      12 │ ...[CommonModule, RouterModule, AvisListComponent, [32mAddAvisComponent[37m],
         ╵                                                    [32m~~~~~~~~~~~~~~~~[0m


[33m▲ [43;33m[[43;30mWARNING[43;33m][0m [1mNG8107: The left side of this optional chain operation does not include 'null' or 'undefined' in its type, therefore the '?.' operator can be replaced with the '.' operator.[0m [1m[35m[plugin angular-compiler][0m

    src/app/features/public/my-bookings/my-bookings.component.html:21:40:
[37m      21 │ ...[src]="booking.siteCamping?.[32mimageUrl[37m || 'assets/images/default-...
         ╵                                [32m~~~~~~~~[0m

  Error occurs in the template of component MyBookingsComponent.

    src/app/features/public/my-bookings/my-bookings.component.ts:11:15:
[37m      11 │   templateUrl: [32m'./my-bookings.component.html'[37m,
         ╵                [32m~~~~~~~~~~~~~~~~~~~~~~~~~~~~~~[0m


[33m▲ [43;33m[[43;30mWARNING[43;33m][0m [1mNG8107: The left side of this optional chain operation does not include 'null' or 'undefined' in its type, therefore the '?.' operator can be replaced with the '.' operator.[0m [1m[35m[plugin angular-compiler][0m

    src/app/features/public/my-bookings/my-bookings.component.html:22:40:
[37m      22 │             [alt]="booking.siteCamping?.[32mnom[37m"
         ╵                                         [32m~~~[0m

  Error occurs in the template of component MyBookingsComponent.

    src/app/features/public/my-bookings/my-bookings.component.ts:11:15:
[37m      11 │   templateUrl: [32m'./my-bookings.component.html'[37m,
         ╵                [32m~~~~~~~~~~~~~~~~~~~~~~~~~~~~~~[0m


[33m▲ [43;33m[[43;30mWARNING[43;33m][0m [1mNG8107: The left side of this optional chain operation does not include 'null' or 'undefined' in its type, therefore the '?.' operator can be replaced with the '.' operator.[0m [1m[35m[plugin angular-compiler][0m

    src/app/features/public/my-bookings/my-bookings.component.html:42:42:
[37m      42 │               <h3>{{ booking.siteCamping?.[32mnom[37m }}</h3>
         ╵                                           [32m~~~[0m

  Error occurs in the template of component MyBookingsComponent.

    src/app/features/public/my-bookings/my-bookings.component.ts:11:15:
[37m      11 │   templateUrl: [32m'./my-bookings.component.html'[37m,
         ╵                [32m~~~~~~~~~~~~~~~~~~~~~~~~~~~~~~[0m


[33m▲ [43;33m[[43;30mWARNING[43;33m][0m [1mNG8107: The left side of this optional chain operation does not include 'null' or 'undefined' in its type, therefore the '?.' operator can be replaced with the '.' operator.[0m [1m[35m[plugin angular-compiler][0m

    src/app/features/public/my-bookings/my-bookings.component.html:43:58:
[37m      43 │ ...   <p class="location">{{ booking.siteCamping?.[32mlocalisation[37m }}</p>
         ╵                                                   [32m~~~~~~~~~~~~[0m

  Error occurs in the template of component MyBookingsComponent.

    src/app/features/public/my-bookings/my-bookings.component.ts:11:15:
[37m      11 │   templateUrl: [32m'./my-bookings.component.html'[37m,
         ╵                [32m~~~~~~~~~~~~~~~~~~~~~~~~~~~~~~[0m


[33m▲ [43;33m[[43;30mWARNING[43;33m][0m [1mNG8107: The left side of this optional chain operation does not include 'null' or 'undefined' in its type, therefore the '?.' operator can be replaced with the '.' operator.[0m [1m[35m[plugin angular-compiler][0m

    src/app/features/public/my-bookings/my-bookings.component.html:87:74:
[37m      87 │ ...outerLink]="['/public/site-booking', booking.siteCamping?.[32midSite[37m]"
         ╵                                                              [32m~~~~~~[0m

  Error occurs in the template of component MyBookingsComponent.

    src/app/features/public/my-bookings/my-bookings.component.ts:11:15:
[37m      11 │   templateUrl: [32m'./my-bookings.component.html'[37m,
         ╵                [32m~~~~~~~~~~~~~~~~~~~~~~~~~~~~~~[0m

[39m[22m
[1m[33m[33m▲ [43;33m[[43;30mWARNING[43;33m][0m [1mUnexpected "-xxl"[0m [css-syntax-error]

    src/assets/css/nicepage.css:7963:41:
[37m      7963 │   .u-expanded-width:not(.custom-expanded)[32m-xxl[37m {
           ╵                                          [32m~~~~[0m


[33m▲ [43;33m[[43;30mWARNING[43;33m][0m [1mUnexpected "-xl"[0m [css-syntax-error]

    src/assets/css/nicepage.css:7969:52:
[37m      7969 │   .u-xl-mode .u-expanded-width:not(.custom-expanded)[32m-xl[37m {
           ╵                                                     [32m~~~[0m


[33m▲ [43;33m[[43;30mWARNING[43;33m][0m [1mUnexpected "-xl"[0m [css-syntax-error]

    src/assets/css/nicepage.css:7975:53:
[37m      7975 │   .u-xxl-mode .u-expanded-width:not(.custom-expanded)[32m-xl[37m {
           ╵                                                      [32m~~~[0m


[33m▲ [43;33m[[43;30mWARNING[43;33m][0m [1mUnexpected "-lg"[0m [css-syntax-error]

    src/assets/css/nicepage.css:7981:41:
[37m      7981 │   .u-expanded-width:not(.custom-expanded)[32m-lg[37m {
           ╵                                          [32m~~~[0m


[33m▲ [43;33m[[43;30mWARNING[43;33m][0m [1mUnexpected "-md"[0m [css-syntax-error]

    src/assets/css/nicepage.css:7987:41:
[37m      7987 │   .u-expanded-width:not(.custom-expanded)[32m-md[37m {
           ╵                                          [32m~~~[0m


[33m▲ [43;33m[[43;30mWARNING[43;33m][0m [1mUnexpected "-sm"[0m [css-syntax-error]

    src/assets/css/nicepage.css:7993:41:
[37m      7993 │   .u-expanded-width:not(.custom-expanded)[32m-sm[37m {
           ╵                                          [32m~~~[0m


[33m▲ [43;33m[[43;30mWARNING[43;33m][0m [1mUnexpected "-xs"[0m [css-syntax-error]

    src/assets/css/nicepage.css:7999:41:
[37m      7999 │   .u-expanded-width:not(.custom-expanded)[32m-xs[37m {
           ╵                                          [32m~~~[0m


[33m▲ [43;33m[[43;30mWARNING[43;33m][0m [1mUnexpected "-xxl"[0m [css-syntax-error]

    src/assets/css/nicepage.css:8090:42:
[37m      8090 │   .u-expanded-height:not(.custom-expanded)[32m-xxl[37m {
           ╵                                           [32m~~~~[0m


[33m▲ [43;33m[[43;30mWARNING[43;33m][0m [1mUnexpected "-xl"[0m [css-syntax-error]

    src/assets/css/nicepage.css:8095:53:
[37m      8095 │   .u-xl-mode .u-expanded-height:not(.custom-expanded)[32m-xl[37m {
           ╵                                                      [32m~~~[0m


[33m▲ [43;33m[[43;30mWARNING[43;33m][0m [1mUnexpected "-xl"[0m [css-syntax-error]

    src/assets/css/nicepage.css:8100:54:
[37m      8100 │   .u-xxl-mode .u-expanded-height:not(.custom-expanded)[32m-xl[37m {
           ╵                                                       [32m~~~[0m


[33m▲ [43;33m[[43;30mWARNING[43;33m][0m [1mUnexpected "-lg"[0m [css-syntax-error]

    src/assets/css/nicepage.css:8105:42:
[37m      8105 │   .u-expanded-height:not(.custom-expanded)[32m-lg[37m {
           ╵                                           [32m~~~[0m


[33m▲ [43;33m[[43;30mWARNING[43;33m][0m [1mUnexpected "-md"[0m [css-syntax-error]

    src/assets/css/nicepage.css:8110:42:
[37m      8110 │   .u-expanded-height:not(.custom-expanded)[32m-md[37m {
           ╵                                           [32m~~~[0m


[33m▲ [43;33m[[43;30mWARNING[43;33m][0m [1mUnexpected "-sm"[0m [css-syntax-error]

    src/assets/css/nicepage.css:8115:42:
[37m      8115 │   .u-expanded-height:not(.custom-expanded)[32m-sm[37m {
           ╵                                           [32m~~~[0m


[33m▲ [43;33m[[43;30mWARNING[43;33m][0m [1mUnexpected "-xs"[0m [css-syntax-error]

    src/assets/css/nicepage.css:8120:42:
[37m      8120 │   .u-expanded-height:not(.custom-expanded)[32m-xs[37m {
           ╵                                           [32m~~~[0m


[33m▲ [43;33m[[43;30mWARNING[43;33m][0m [1mUnexpected "/"[0m [css-syntax-error]

    src/assets/css/nicepage.css:20056:155:
[37m      20056 │ ...E1MOmNvbS5hZG9iZS54bXAAAAAAADw[32m/[37meHBhY2tldCBiZWdpbj0i77u/IiBpZ...
            ╵                                  [32m^[0m


[33m▲ [43;33m[[43;30mWARNING[43;33m][0m [1mUnterminated string token[0m [css-syntax-error]

    src/assets/css/nicepage.css:20056:2701:
[37m      20056 │ ...BICAAAQEICGCX/hZgANzhlTFY6SDTAAAAAElFTkSuQmCC') 0 0 no-repeat;[32m[37m
            ╵                                                                  [32m^[0m


[33m▲ [43;33m[[43;30mWARNING[43;33m][0m [1mExpected identifier but found "."[0m [css-syntax-error]

    src/assets/css/nicepage.css:20063:2:
[37m      20063 │   [32m.[37mpswp--svg .pswp__button,
            ╵   [32m^[0m


[33m▲ [43;33m[[43;30mWARNING[43;33m][0m [1mUnterminated string token[0m [css-syntax-error]

    src/assets/css/nicepage.css:20064:2528:
[37m      20064 │ ...jEsNWwtMC45LDBsMC4xLTVMMTA5LDE5eiIvPg0KPC9nPg0KPC9zdmc+DQo=');[32m[37m
            ╵                                                                  [32m^[0m


[33m▲ [43;33m[[43;30mWARNING[43;33m][0m [1mUnexpected "}"[0m [css-syntax-error]

    src/assets/css/nicepage.css:20070:0:
[37m      20070 │ [32m}[37m
            ╵ [32m^[0m


[33m▲ [43;33m[[43;30mWARNING[43;33m][0m [1mExpected identifier but found whitespace[0m [css-syntax-error]

    src/assets/css/nicepage.css:20121:6:
[37m      20121 │   top:[32m[37m 35px;
            ╵       [32m^[0m


[33m▲ [43;33m[[43;30mWARNING[43;33m][0m [1mUnexpected "35px"[0m [css-syntax-error]

    src/assets/css/nicepage.css:20121:7:
[37m      20121 │   top: [32m35px[37m;
            ╵        [32m~~~~[0m


[33m▲ [43;33m[[43;30mWARNING[43;33m][0m [1mExpected identifier but found whitespace[0m [css-syntax-error]

    src/assets/css/nicepage.css:20207:10:
[37m      20207 │   display:[32m[37m block;
            ╵           [32m^[0m


[33m▲ [43;33m[[43;30mWARNING[43;33m][0m [1mUnexpected ";"[0m [css-syntax-error]

    src/assets/css/nicepage.css:20207:16:
[37m      20207 │   display: block[32m;[37m
            ╵                 [32m^[0m


[33m▲ [43;33m[[43;30mWARNING[43;33m][0m [1mUnexpected "}"[0m [css-syntax-error]

    src/assets/css/nicepage.css:23639:0:
[37m      23639 │ [32m}[37m
            ╵ [32m^[0m


[33m▲ [43;33m[[43;30mWARNING[43;33m][0m [1mNG8102: The left side of this nullish coalescing operation does not include 'null' or 'undefined' in its type, therefore the '??' operator can be safely removed.[0m [1m[35m[plugin angular-compiler][0m

    src/app/features/admin/avis/admin-avis-list/admin-avis-list.component.html:26:42:
[37m      26 │           [ngClass]="{ 'filled': star <= ([32mavis.note ?? 0[37m) }"
         ╵                                           [32m~~~~~~~~~~~~~~[0m

  Error occurs in the template of component AdminAvisListComponent.

    src/app/features/admin/avis/admin-avis-list/admin-avis-list.component.ts:10:15:
[37m      10 │   templateUrl: [32m'./admin-avis-list.component.html'[37m,
         ╵                [32m~~~~~~~~~~~~~~~~~~~~~~~~~~~~~~~~~~[0m


[33m▲ [43;33m[[43;30mWARNING[43;33m][0m [1mNG8107: The left side of this optional chain operation does not include 'null' or 'undefined' in its type, therefore the '?.' operator can be replaced with the '.' operator.[0m [1m[35m[plugin angular-compiler][0m

    src/app/features/admin/site-bookings/site-bookings.component.html:32:38:
[37m      32 │           <td>{{ booking.siteCamping?.[32mnom[37m }}</td>
         ╵                                       [32m~~~[0m

  Error occurs in the template of component SiteBookingsComponent.

    src/app/features/admin/site-bookings/site-bookings.component.ts:13:15:
[37m      13 │   templateUrl: [32m'./site-bookings.component.html'[37m,
         ╵                [32m~~~~~~~~~~~~~~~~~~~~~~~~~~~~~~~~[0m


[33m▲ [43;33m[[43;30mWARNING[43;33m][0m [1mNG8107: The left side of this optional chain operation does not include 'null' or 'undefined' in its type, therefore the '?.' operator can be replaced with the '.' operator.[0m [1m[35m[plugin angular-compiler][0m

    src/app/features/public/MarketPlace/liste-produit/liste-produit.component.html:25:33:
[37m      25 │           [src]="product.images?.[32mlength[37m
         ╵                                  [32m~~~~~~[0m

  Error occurs in the template of component ListeProduitComponent.

    src/app/features/public/MarketPlace/liste-produit/liste-produit.component.ts:13:15:
[37m      13 │   templateUrl: [32m'./liste-produit.component.html'[37m,
         ╵                [32m~~~~~~~~~~~~~~~~~~~~~~~~~~~~~~~~[0m


[33m▲ [43;33m[[43;30mWARNING[43;33m][0m [1mNG8102: The left side of this nullish coalescing operation does not include 'null' or 'undefined' in its type, therefore the '??' operator can be safely removed.[0m [1m[35m[plugin angular-compiler][0m

    src/app/features/public/camping-sites/camping-sites.component.html:47:42:
[37m      47 │ ...          <span class="info-value">{{ [32msite.capacite ?? 0[37m }}</span>
         ╵                                          [32m~~~~~~~~~~~~~~~~~~[0m

  Error occurs in the template of component CampingSitesComponent.

    src/app/features/public/camping-sites/camping-sites.component.ts:13:15:
[37m      13 │   templateUrl: [32m'./camping-sites.component.html'[37m,
         ╵                [32m~~~~~~~~~~~~~~~~~~~~~~~~~~~~~~~~[0m


[33m▲ [43;33m[[43;30mWARNING[43;33m][0m [1mTS-998113: AvisListComponent is not used within the template of CampingSitesComponent[0m [1m[35m[plugin angular-compiler][0m

    src/app/features/public/camping-sites/camping-sites.component.ts:12:40:
[37m      12 │ ...[CommonModule, RouterModule, [32mAvisListComponent[37m, AddAvisComponent],
         ╵                                 [32m~~~~~~~~~~~~~~~~~[0m


[33m▲ [43;33m[[43;30mWARNING[43;33m][0m [1mTS-998113: AddAvisComponent is not used within the template of CampingSitesComponent[0m [1m[35m[plugin angular-compiler][0m

    src/app/features/public/camping-sites/camping-sites.component.ts:12:59:
[37m      12 │ ...[CommonModule, RouterModule, AvisListComponent, [32mAddAvisComponent[37m],
         ╵                                                    [32m~~~~~~~~~~~~~~~~[0m


[33m▲ [43;33m[[43;30mWARNING[43;33m][0m [1mNG8107: The left side of this optional chain operation does not include 'null' or 'undefined' in its type, therefore the '?.' operator can be replaced with the '.' operator.[0m [1m[35m[plugin angular-compiler][0m

    src/app/features/public/my-bookings/my-bookings.component.html:21:40:
[37m      21 │ ...[src]="booking.siteCamping?.[32mimageUrl[37m || 'assets/images/default-...
         ╵                                [32m~~~~~~~~[0m

  Error occurs in the template of component MyBookingsComponent.

    src/app/features/public/my-bookings/my-bookings.component.ts:11:15:
[37m      11 │   templateUrl: [32m'./my-bookings.component.html'[37m,
         ╵                [32m~~~~~~~~~~~~~~~~~~~~~~~~~~~~~~[0m


[33m▲ [43;33m[[43;30mWARNING[43;33m][0m [1mNG8107: The left side of this optional chain operation does not include 'null' or 'undefined' in its type, therefore the '?.' operator can be replaced with the '.' operator.[0m [1m[35m[plugin angular-compiler][0m

    src/app/features/public/my-bookings/my-bookings.component.html:22:40:
[37m      22 │             [alt]="booking.siteCamping?.[32mnom[37m"
         ╵                                         [32m~~~[0m

  Error occurs in the template of component MyBookingsComponent.

    src/app/features/public/my-bookings/my-bookings.component.ts:11:15:
[37m      11 │   templateUrl: [32m'./my-bookings.component.html'[37m,
         ╵                [32m~~~~~~~~~~~~~~~~~~~~~~~~~~~~~~[0m


[33m▲ [43;33m[[43;30mWARNING[43;33m][0m [1mNG8107: The left side of this optional chain operation does not include 'null' or 'undefined' in its type, therefore the '?.' operator can be replaced with the '.' operator.[0m [1m[35m[plugin angular-compiler][0m

    src/app/features/public/my-bookings/my-bookings.component.html:42:42:
[37m      42 │               <h3>{{ booking.siteCamping?.[32mnom[37m }}</h3>
         ╵                                           [32m~~~[0m

  Error occurs in the template of component MyBookingsComponent.

    src/app/features/public/my-bookings/my-bookings.component.ts:11:15:
[37m      11 │   templateUrl: [32m'./my-bookings.component.html'[37m,
         ╵                [32m~~~~~~~~~~~~~~~~~~~~~~~~~~~~~~[0m


[33m▲ [43;33m[[43;30mWARNING[43;33m][0m [1mNG8107: The left side of this optional chain operation does not include 'null' or 'undefined' in its type, therefore the '?.' operator can be replaced with the '.' operator.[0m [1m[35m[plugin angular-compiler][0m

    src/app/features/public/my-bookings/my-bookings.component.html:43:58:
[37m      43 │ ...   <p class="location">{{ booking.siteCamping?.[32mlocalisation[37m }}</p>
         ╵                                                   [32m~~~~~~~~~~~~[0m

  Error occurs in the template of component MyBookingsComponent.

    src/app/features/public/my-bookings/my-bookings.component.ts:11:15:
[37m      11 │   templateUrl: [32m'./my-bookings.component.html'[37m,
         ╵                [32m~~~~~~~~~~~~~~~~~~~~~~~~~~~~~~[0m


[33m▲ [43;33m[[43;30mWARNING[43;33m][0m [1mNG8107: The left side of this optional chain operation does not include 'null' or 'undefined' in its type, therefore the '?.' operator can be replaced with the '.' operator.[0m [1m[35m[plugin angular-compiler][0m

    src/app/features/public/my-bookings/my-bookings.component.html:87:74:
[37m      87 │ ...outerLink]="['/public/site-booking', booking.siteCamping?.[32midSite[37m]"
         ╵                                                              [32m~~~~~~[0m

  Error occurs in the template of component MyBookingsComponent.

    src/app/features/public/my-bookings/my-bookings.component.ts:11:15:
[37m      11 │   templateUrl: [32m'./my-bookings.component.html'[37m,
         ╵                [32m~~~~~~~~~~~~~~~~~~~~~~~~~~~~~~[0m

[39m[22m
[1m[33m[33m▲ [43;33m[[43;30mWARNING[43;33m][0m [1mUnexpected "-xxl"[0m [css-syntax-error]

    src/assets/css/nicepage.css:7963:41:
[37m      7963 │   .u-expanded-width:not(.custom-expanded)[32m-xxl[37m {
           ╵                                          [32m~~~~[0m


[33m▲ [43;33m[[43;30mWARNING[43;33m][0m [1mUnexpected "-xl"[0m [css-syntax-error]

    src/assets/css/nicepage.css:7969:52:
[37m      7969 │   .u-xl-mode .u-expanded-width:not(.custom-expanded)[32m-xl[37m {
           ╵                                                     [32m~~~[0m


[33m▲ [43;33m[[43;30mWARNING[43;33m][0m [1mUnexpected "-xl"[0m [css-syntax-error]

    src/assets/css/nicepage.css:7975:53:
[37m      7975 │   .u-xxl-mode .u-expanded-width:not(.custom-expanded)[32m-xl[37m {
           ╵                                                      [32m~~~[0m


[33m▲ [43;33m[[43;30mWARNING[43;33m][0m [1mUnexpected "-lg"[0m [css-syntax-error]

    src/assets/css/nicepage.css:7981:41:
[37m      7981 │   .u-expanded-width:not(.custom-expanded)[32m-lg[37m {
           ╵                                          [32m~~~[0m


[33m▲ [43;33m[[43;30mWARNING[43;33m][0m [1mUnexpected "-md"[0m [css-syntax-error]

    src/assets/css/nicepage.css:7987:41:
[37m      7987 │   .u-expanded-width:not(.custom-expanded)[32m-md[37m {
           ╵                                          [32m~~~[0m


[33m▲ [43;33m[[43;30mWARNING[43;33m][0m [1mUnexpected "-sm"[0m [css-syntax-error]

    src/assets/css/nicepage.css:7993:41:
[37m      7993 │   .u-expanded-width:not(.custom-expanded)[32m-sm[37m {
           ╵                                          [32m~~~[0m


[33m▲ [43;33m[[43;30mWARNING[43;33m][0m [1mUnexpected "-xs"[0m [css-syntax-error]

    src/assets/css/nicepage.css:7999:41:
[37m      7999 │   .u-expanded-width:not(.custom-expanded)[32m-xs[37m {
           ╵                                          [32m~~~[0m


[33m▲ [43;33m[[43;30mWARNING[43;33m][0m [1mUnexpected "-xxl"[0m [css-syntax-error]

    src/assets/css/nicepage.css:8090:42:
[37m      8090 │   .u-expanded-height:not(.custom-expanded)[32m-xxl[37m {
           ╵                                           [32m~~~~[0m


[33m▲ [43;33m[[43;30mWARNING[43;33m][0m [1mUnexpected "-xl"[0m [css-syntax-error]

    src/assets/css/nicepage.css:8095:53:
[37m      8095 │   .u-xl-mode .u-expanded-height:not(.custom-expanded)[32m-xl[37m {
           ╵                                                      [32m~~~[0m


[33m▲ [43;33m[[43;30mWARNING[43;33m][0m [1mUnexpected "-xl"[0m [css-syntax-error]

    src/assets/css/nicepage.css:8100:54:
[37m      8100 │   .u-xxl-mode .u-expanded-height:not(.custom-expanded)[32m-xl[37m {
           ╵                                                       [32m~~~[0m


[33m▲ [43;33m[[43;30mWARNING[43;33m][0m [1mUnexpected "-lg"[0m [css-syntax-error]

    src/assets/css/nicepage.css:8105:42:
[37m      8105 │   .u-expanded-height:not(.custom-expanded)[32m-lg[37m {
           ╵                                           [32m~~~[0m


[33m▲ [43;33m[[43;30mWARNING[43;33m][0m [1mUnexpected "-md"[0m [css-syntax-error]

    src/assets/css/nicepage.css:8110:42:
[37m      8110 │   .u-expanded-height:not(.custom-expanded)[32m-md[37m {
           ╵                                           [32m~~~[0m


[33m▲ [43;33m[[43;30mWARNING[43;33m][0m [1mUnexpected "-sm"[0m [css-syntax-error]

    src/assets/css/nicepage.css:8115:42:
[37m      8115 │   .u-expanded-height:not(.custom-expanded)[32m-sm[37m {
           ╵                                           [32m~~~[0m


[33m▲ [43;33m[[43;30mWARNING[43;33m][0m [1mUnexpected "-xs"[0m [css-syntax-error]

    src/assets/css/nicepage.css:8120:42:
[37m      8120 │   .u-expanded-height:not(.custom-expanded)[32m-xs[37m {
           ╵                                           [32m~~~[0m


[33m▲ [43;33m[[43;30mWARNING[43;33m][0m [1mUnexpected "/"[0m [css-syntax-error]

    src/assets/css/nicepage.css:20056:155:
[37m      20056 │ ...E1MOmNvbS5hZG9iZS54bXAAAAAAADw[32m/[37meHBhY2tldCBiZWdpbj0i77u/IiBpZ...
            ╵                                  [32m^[0m


[33m▲ [43;33m[[43;30mWARNING[43;33m][0m [1mUnterminated string token[0m [css-syntax-error]

    src/assets/css/nicepage.css:20056:2701:
[37m      20056 │ ...BICAAAQEICGCX/hZgANzhlTFY6SDTAAAAAElFTkSuQmCC') 0 0 no-repeat;[32m[37m
            ╵                                                                  [32m^[0m


[33m▲ [43;33m[[43;30mWARNING[43;33m][0m [1mExpected identifier but found "."[0m [css-syntax-error]

    src/assets/css/nicepage.css:20063:2:
[37m      20063 │   [32m.[37mpswp--svg .pswp__button,
            ╵   [32m^[0m


[33m▲ [43;33m[[43;30mWARNING[43;33m][0m [1mUnterminated string token[0m [css-syntax-error]

    src/assets/css/nicepage.css:20064:2528:
[37m      20064 │ ...jEsNWwtMC45LDBsMC4xLTVMMTA5LDE5eiIvPg0KPC9nPg0KPC9zdmc+DQo=');[32m[37m
            ╵                                                                  [32m^[0m


[33m▲ [43;33m[[43;30mWARNING[43;33m][0m [1mUnexpected "}"[0m [css-syntax-error]

    src/assets/css/nicepage.css:20070:0:
[37m      20070 │ [32m}[37m
            ╵ [32m^[0m


[33m▲ [43;33m[[43;30mWARNING[43;33m][0m [1mExpected identifier but found whitespace[0m [css-syntax-error]

    src/assets/css/nicepage.css:20121:6:
[37m      20121 │   top:[32m[37m 35px;
            ╵       [32m^[0m


[33m▲ [43;33m[[43;30mWARNING[43;33m][0m [1mUnexpected "35px"[0m [css-syntax-error]

    src/assets/css/nicepage.css:20121:7:
[37m      20121 │   top: [32m35px[37m;
            ╵        [32m~~~~[0m


[33m▲ [43;33m[[43;30mWARNING[43;33m][0m [1mExpected identifier but found whitespace[0m [css-syntax-error]

    src/assets/css/nicepage.css:20207:10:
[37m      20207 │   display:[32m[37m block;
            ╵           [32m^[0m


[33m▲ [43;33m[[43;30mWARNING[43;33m][0m [1mUnexpected ";"[0m [css-syntax-error]

    src/assets/css/nicepage.css:20207:16:
[37m      20207 │   display: block[32m;[37m
            ╵                 [32m^[0m


[33m▲ [43;33m[[43;30mWARNING[43;33m][0m [1mUnexpected "}"[0m [css-syntax-error]

    src/assets/css/nicepage.css:23639:0:
[37m      23639 │ [32m}[37m
            ╵ [32m^[0m


[33m▲ [43;33m[[43;30mWARNING[43;33m][0m [1mNG8102: The left side of this nullish coalescing operation does not include 'null' or 'undefined' in its type, therefore the '??' operator can be safely removed.[0m [1m[35m[plugin angular-compiler][0m

    src/app/features/admin/avis/admin-avis-list/admin-avis-list.component.html:26:42:
[37m      26 │           [ngClass]="{ 'filled': star <= ([32mavis.note ?? 0[37m) }"
         ╵                                           [32m~~~~~~~~~~~~~~[0m

  Error occurs in the template of component AdminAvisListComponent.

    src/app/features/admin/avis/admin-avis-list/admin-avis-list.component.ts:10:15:
[37m      10 │   templateUrl: [32m'./admin-avis-list.component.html'[37m,
         ╵                [32m~~~~~~~~~~~~~~~~~~~~~~~~~~~~~~~~~~[0m


[33m▲ [43;33m[[43;30mWARNING[43;33m][0m [1mNG8107: The left side of this optional chain operation does not include 'null' or 'undefined' in its type, therefore the '?.' operator can be replaced with the '.' operator.[0m [1m[35m[plugin angular-compiler][0m

    src/app/features/admin/site-bookings/site-bookings.component.html:32:38:
[37m      32 │           <td>{{ booking.siteCamping?.[32mnom[37m }}</td>
         ╵                                       [32m~~~[0m

  Error occurs in the template of component SiteBookingsComponent.

    src/app/features/admin/site-bookings/site-bookings.component.ts:13:15:
[37m      13 │   templateUrl: [32m'./site-bookings.component.html'[37m,
         ╵                [32m~~~~~~~~~~~~~~~~~~~~~~~~~~~~~~~~[0m


[33m▲ [43;33m[[43;30mWARNING[43;33m][0m [1mNG8107: The left side of this optional chain operation does not include 'null' or 'undefined' in its type, therefore the '?.' operator can be replaced with the '.' operator.[0m [1m[35m[plugin angular-compiler][0m

    src/app/features/public/MarketPlace/liste-produit/liste-produit.component.html:25:33:
[37m      25 │           [src]="product.images?.[32mlength[37m
         ╵                                  [32m~~~~~~[0m

  Error occurs in the template of component ListeProduitComponent.

    src/app/features/public/MarketPlace/liste-produit/liste-produit.component.ts:13:15:
[37m      13 │   templateUrl: [32m'./liste-produit.component.html'[37m,
         ╵                [32m~~~~~~~~~~~~~~~~~~~~~~~~~~~~~~~~[0m


[33m▲ [43;33m[[43;30mWARNING[43;33m][0m [1mNG8102: The left side of this nullish coalescing operation does not include 'null' or 'undefined' in its type, therefore the '??' operator can be safely removed.[0m [1m[35m[plugin angular-compiler][0m

    src/app/features/public/camping-sites/camping-sites.component.html:47:42:
[37m      47 │ ...          <span class="info-value">{{ [32msite.capacite ?? 0[37m }}</span>
         ╵                                          [32m~~~~~~~~~~~~~~~~~~[0m

  Error occurs in the template of component CampingSitesComponent.

    src/app/features/public/camping-sites/camping-sites.component.ts:13:15:
[37m      13 │   templateUrl: [32m'./camping-sites.component.html'[37m,
         ╵                [32m~~~~~~~~~~~~~~~~~~~~~~~~~~~~~~~~[0m


[33m▲ [43;33m[[43;30mWARNING[43;33m][0m [1mTS-998113: AvisListComponent is not used within the template of CampingSitesComponent[0m [1m[35m[plugin angular-compiler][0m

    src/app/features/public/camping-sites/camping-sites.component.ts:12:40:
[37m      12 │ ...[CommonModule, RouterModule, [32mAvisListComponent[37m, AddAvisComponent],
         ╵                                 [32m~~~~~~~~~~~~~~~~~[0m


[33m▲ [43;33m[[43;30mWARNING[43;33m][0m [1mTS-998113: AddAvisComponent is not used within the template of CampingSitesComponent[0m [1m[35m[plugin angular-compiler][0m

    src/app/features/public/camping-sites/camping-sites.component.ts:12:59:
[37m      12 │ ...[CommonModule, RouterModule, AvisListComponent, [32mAddAvisComponent[37m],
         ╵                                                    [32m~~~~~~~~~~~~~~~~[0m


[33m▲ [43;33m[[43;30mWARNING[43;33m][0m [1mNG8107: The left side of this optional chain operation does not include 'null' or 'undefined' in its type, therefore the '?.' operator can be replaced with the '.' operator.[0m [1m[35m[plugin angular-compiler][0m

    src/app/features/public/my-bookings/my-bookings.component.html:21:40:
[37m      21 │ ...[src]="booking.siteCamping?.[32mimageUrl[37m || 'assets/images/default-...
         ╵                                [32m~~~~~~~~[0m

  Error occurs in the template of component MyBookingsComponent.

    src/app/features/public/my-bookings/my-bookings.component.ts:11:15:
[37m      11 │   templateUrl: [32m'./my-bookings.component.html'[37m,
         ╵                [32m~~~~~~~~~~~~~~~~~~~~~~~~~~~~~~[0m


[33m▲ [43;33m[[43;30mWARNING[43;33m][0m [1mNG8107: The left side of this optional chain operation does not include 'null' or 'undefined' in its type, therefore the '?.' operator can be replaced with the '.' operator.[0m [1m[35m[plugin angular-compiler][0m

    src/app/features/public/my-bookings/my-bookings.component.html:22:40:
[37m      22 │             [alt]="booking.siteCamping?.[32mnom[37m"
         ╵                                         [32m~~~[0m

  Error occurs in the template of component MyBookingsComponent.

    src/app/features/public/my-bookings/my-bookings.component.ts:11:15:
[37m      11 │   templateUrl: [32m'./my-bookings.component.html'[37m,
         ╵                [32m~~~~~~~~~~~~~~~~~~~~~~~~~~~~~~[0m


[33m▲ [43;33m[[43;30mWARNING[43;33m][0m [1mNG8107: The left side of this optional chain operation does not include 'null' or 'undefined' in its type, therefore the '?.' operator can be replaced with the '.' operator.[0m [1m[35m[plugin angular-compiler][0m

    src/app/features/public/my-bookings/my-bookings.component.html:42:42:
[37m      42 │               <h3>{{ booking.siteCamping?.[32mnom[37m }}</h3>
         ╵                                           [32m~~~[0m

  Error occurs in the template of component MyBookingsComponent.

    src/app/features/public/my-bookings/my-bookings.component.ts:11:15:
[37m      11 │   templateUrl: [32m'./my-bookings.component.html'[37m,
         ╵                [32m~~~~~~~~~~~~~~~~~~~~~~~~~~~~~~[0m


[33m▲ [43;33m[[43;30mWARNING[43;33m][0m [1mNG8107: The left side of this optional chain operation does not include 'null' or 'undefined' in its type, therefore the '?.' operator can be replaced with the '.' operator.[0m [1m[35m[plugin angular-compiler][0m

    src/app/features/public/my-bookings/my-bookings.component.html:43:58:
[37m      43 │ ...   <p class="location">{{ booking.siteCamping?.[32mlocalisation[37m }}</p>
         ╵                                                   [32m~~~~~~~~~~~~[0m

  Error occurs in the template of component MyBookingsComponent.

    src/app/features/public/my-bookings/my-bookings.component.ts:11:15:
[37m      11 │   templateUrl: [32m'./my-bookings.component.html'[37m,
         ╵                [32m~~~~~~~~~~~~~~~~~~~~~~~~~~~~~~[0m


[33m▲ [43;33m[[43;30mWARNING[43;33m][0m [1mNG8107: The left side of this optional chain operation does not include 'null' or 'undefined' in its type, therefore the '?.' operator can be replaced with the '.' operator.[0m [1m[35m[plugin angular-compiler][0m

    src/app/features/public/my-bookings/my-bookings.component.html:87:74:
[37m      87 │ ...outerLink]="['/public/site-booking', booking.siteCamping?.[32midSite[37m]"
         ╵                                                              [32m~~~~~~[0m

  Error occurs in the template of component MyBookingsComponent.

    src/app/features/public/my-bookings/my-bookings.component.ts:11:15:
[37m      11 │   templateUrl: [32m'./my-bookings.component.html'[37m,
         ╵                [32m~~~~~~~~~~~~~~~~~~~~~~~~~~~~~~[0m

[39m[22m
[1m[33m[33m▲ [43;33m[[43;30mWARNING[43;33m][0m [1mUnexpected "-xxl"[0m [css-syntax-error]

    src/assets/css/nicepage.css:7963:41:
[37m      7963 │   .u-expanded-width:not(.custom-expanded)[32m-xxl[37m {
           ╵                                          [32m~~~~[0m


[33m▲ [43;33m[[43;30mWARNING[43;33m][0m [1mUnexpected "-xl"[0m [css-syntax-error]

    src/assets/css/nicepage.css:7969:52:
[37m      7969 │   .u-xl-mode .u-expanded-width:not(.custom-expanded)[32m-xl[37m {
           ╵                                                     [32m~~~[0m


[33m▲ [43;33m[[43;30mWARNING[43;33m][0m [1mUnexpected "-xl"[0m [css-syntax-error]

    src/assets/css/nicepage.css:7975:53:
[37m      7975 │   .u-xxl-mode .u-expanded-width:not(.custom-expanded)[32m-xl[37m {
           ╵                                                      [32m~~~[0m


[33m▲ [43;33m[[43;30mWARNING[43;33m][0m [1mUnexpected "-lg"[0m [css-syntax-error]

    src/assets/css/nicepage.css:7981:41:
[37m      7981 │   .u-expanded-width:not(.custom-expanded)[32m-lg[37m {
           ╵                                          [32m~~~[0m


[33m▲ [43;33m[[43;30mWARNING[43;33m][0m [1mUnexpected "-md"[0m [css-syntax-error]

    src/assets/css/nicepage.css:7987:41:
[37m      7987 │   .u-expanded-width:not(.custom-expanded)[32m-md[37m {
           ╵                                          [32m~~~[0m


[33m▲ [43;33m[[43;30mWARNING[43;33m][0m [1mUnexpected "-sm"[0m [css-syntax-error]

    src/assets/css/nicepage.css:7993:41:
[37m      7993 │   .u-expanded-width:not(.custom-expanded)[32m-sm[37m {
           ╵                                          [32m~~~[0m


[33m▲ [43;33m[[43;30mWARNING[43;33m][0m [1mUnexpected "-xs"[0m [css-syntax-error]

    src/assets/css/nicepage.css:7999:41:
[37m      7999 │   .u-expanded-width:not(.custom-expanded)[32m-xs[37m {
           ╵                                          [32m~~~[0m


[33m▲ [43;33m[[43;30mWARNING[43;33m][0m [1mUnexpected "-xxl"[0m [css-syntax-error]

    src/assets/css/nicepage.css:8090:42:
[37m      8090 │   .u-expanded-height:not(.custom-expanded)[32m-xxl[37m {
           ╵                                           [32m~~~~[0m


[33m▲ [43;33m[[43;30mWARNING[43;33m][0m [1mUnexpected "-xl"[0m [css-syntax-error]

    src/assets/css/nicepage.css:8095:53:
[37m      8095 │   .u-xl-mode .u-expanded-height:not(.custom-expanded)[32m-xl[37m {
           ╵                                                      [32m~~~[0m


[33m▲ [43;33m[[43;30mWARNING[43;33m][0m [1mUnexpected "-xl"[0m [css-syntax-error]

    src/assets/css/nicepage.css:8100:54:
[37m      8100 │   .u-xxl-mode .u-expanded-height:not(.custom-expanded)[32m-xl[37m {
           ╵                                                       [32m~~~[0m


[33m▲ [43;33m[[43;30mWARNING[43;33m][0m [1mUnexpected "-lg"[0m [css-syntax-error]

    src/assets/css/nicepage.css:8105:42:
[37m      8105 │   .u-expanded-height:not(.custom-expanded)[32m-lg[37m {
           ╵                                           [32m~~~[0m


[33m▲ [43;33m[[43;30mWARNING[43;33m][0m [1mUnexpected "-md"[0m [css-syntax-error]

    src/assets/css/nicepage.css:8110:42:
[37m      8110 │   .u-expanded-height:not(.custom-expanded)[32m-md[37m {
           ╵                                           [32m~~~[0m


[33m▲ [43;33m[[43;30mWARNING[43;33m][0m [1mUnexpected "-sm"[0m [css-syntax-error]

    src/assets/css/nicepage.css:8115:42:
[37m      8115 │   .u-expanded-height:not(.custom-expanded)[32m-sm[37m {
           ╵                                           [32m~~~[0m


[33m▲ [43;33m[[43;30mWARNING[43;33m][0m [1mUnexpected "-xs"[0m [css-syntax-error]

    src/assets/css/nicepage.css:8120:42:
[37m      8120 │   .u-expanded-height:not(.custom-expanded)[32m-xs[37m {
           ╵                                           [32m~~~[0m


[33m▲ [43;33m[[43;30mWARNING[43;33m][0m [1mUnexpected "/"[0m [css-syntax-error]

    src/assets/css/nicepage.css:20056:155:
[37m      20056 │ ...E1MOmNvbS5hZG9iZS54bXAAAAAAADw[32m/[37meHBhY2tldCBiZWdpbj0i77u/IiBpZ...
            ╵                                  [32m^[0m


[33m▲ [43;33m[[43;30mWARNING[43;33m][0m [1mUnterminated string token[0m [css-syntax-error]

    src/assets/css/nicepage.css:20056:2701:
[37m      20056 │ ...BICAAAQEICGCX/hZgANzhlTFY6SDTAAAAAElFTkSuQmCC') 0 0 no-repeat;[32m[37m
            ╵                                                                  [32m^[0m


[33m▲ [43;33m[[43;30mWARNING[43;33m][0m [1mExpected identifier but found "."[0m [css-syntax-error]

    src/assets/css/nicepage.css:20063:2:
[37m      20063 │   [32m.[37mpswp--svg .pswp__button,
            ╵   [32m^[0m


[33m▲ [43;33m[[43;30mWARNING[43;33m][0m [1mUnterminated string token[0m [css-syntax-error]

    src/assets/css/nicepage.css:20064:2528:
[37m      20064 │ ...jEsNWwtMC45LDBsMC4xLTVMMTA5LDE5eiIvPg0KPC9nPg0KPC9zdmc+DQo=');[32m[37m
            ╵                                                                  [32m^[0m


[33m▲ [43;33m[[43;30mWARNING[43;33m][0m [1mUnexpected "}"[0m [css-syntax-error]

    src/assets/css/nicepage.css:20070:0:
[37m      20070 │ [32m}[37m
            ╵ [32m^[0m


[33m▲ [43;33m[[43;30mWARNING[43;33m][0m [1mExpected identifier but found whitespace[0m [css-syntax-error]

    src/assets/css/nicepage.css:20121:6:
[37m      20121 │   top:[32m[37m 35px;
            ╵       [32m^[0m


[33m▲ [43;33m[[43;30mWARNING[43;33m][0m [1mUnexpected "35px"[0m [css-syntax-error]

    src/assets/css/nicepage.css:20121:7:
[37m      20121 │   top: [32m35px[37m;
            ╵        [32m~~~~[0m


[33m▲ [43;33m[[43;30mWARNING[43;33m][0m [1mExpected identifier but found whitespace[0m [css-syntax-error]

    src/assets/css/nicepage.css:20207:10:
[37m      20207 │   display:[32m[37m block;
            ╵           [32m^[0m


[33m▲ [43;33m[[43;30mWARNING[43;33m][0m [1mUnexpected ";"[0m [css-syntax-error]

    src/assets/css/nicepage.css:20207:16:
[37m      20207 │   display: block[32m;[37m
            ╵                 [32m^[0m


[33m▲ [43;33m[[43;30mWARNING[43;33m][0m [1mUnexpected "}"[0m [css-syntax-error]

    src/assets/css/nicepage.css:23639:0:
[37m      23639 │ [32m}[37m
            ╵ [32m^[0m


[33m▲ [43;33m[[43;30mWARNING[43;33m][0m [1mNG8102: The left side of this nullish coalescing operation does not include 'null' or 'undefined' in its type, therefore the '??' operator can be safely removed.[0m [1m[35m[plugin angular-compiler][0m

    src/app/features/admin/avis/admin-avis-list/admin-avis-list.component.html:26:42:
[37m      26 │           [ngClass]="{ 'filled': star <= ([32mavis.note ?? 0[37m) }"
         ╵                                           [32m~~~~~~~~~~~~~~[0m

  Error occurs in the template of component AdminAvisListComponent.

    src/app/features/admin/avis/admin-avis-list/admin-avis-list.component.ts:10:15:
[37m      10 │   templateUrl: [32m'./admin-avis-list.component.html'[37m,
         ╵                [32m~~~~~~~~~~~~~~~~~~~~~~~~~~~~~~~~~~[0m


[33m▲ [43;33m[[43;30mWARNING[43;33m][0m [1mNG8107: The left side of this optional chain operation does not include 'null' or 'undefined' in its type, therefore the '?.' operator can be replaced with the '.' operator.[0m [1m[35m[plugin angular-compiler][0m

    src/app/features/admin/site-bookings/site-bookings.component.html:32:38:
[37m      32 │           <td>{{ booking.siteCamping?.[32mnom[37m }}</td>
         ╵                                       [32m~~~[0m

  Error occurs in the template of component SiteBookingsComponent.

    src/app/features/admin/site-bookings/site-bookings.component.ts:13:15:
[37m      13 │   templateUrl: [32m'./site-bookings.component.html'[37m,
         ╵                [32m~~~~~~~~~~~~~~~~~~~~~~~~~~~~~~~~[0m


[33m▲ [43;33m[[43;30mWARNING[43;33m][0m [1mNG8107: The left side of this optional chain operation does not include 'null' or 'undefined' in its type, therefore the '?.' operator can be replaced with the '.' operator.[0m [1m[35m[plugin angular-compiler][0m

    src/app/features/public/MarketPlace/liste-produit/liste-produit.component.html:25:33:
[37m      25 │           [src]="product.images?.[32mlength[37m
         ╵                                  [32m~~~~~~[0m

  Error occurs in the template of component ListeProduitComponent.

    src/app/features/public/MarketPlace/liste-produit/liste-produit.component.ts:13:15:
[37m      13 │   templateUrl: [32m'./liste-produit.component.html'[37m,
         ╵                [32m~~~~~~~~~~~~~~~~~~~~~~~~~~~~~~~~[0m


[33m▲ [43;33m[[43;30mWARNING[43;33m][0m [1mNG8102: The left side of this nullish coalescing operation does not include 'null' or 'undefined' in its type, therefore the '??' operator can be safely removed.[0m [1m[35m[plugin angular-compiler][0m

    src/app/features/public/camping-sites/camping-sites.component.html:47:42:
[37m      47 │ ...          <span class="info-value">{{ [32msite.capacite ?? 0[37m }}</span>
         ╵                                          [32m~~~~~~~~~~~~~~~~~~[0m

  Error occurs in the template of component CampingSitesComponent.

    src/app/features/public/camping-sites/camping-sites.component.ts:13:15:
[37m      13 │   templateUrl: [32m'./camping-sites.component.html'[37m,
         ╵                [32m~~~~~~~~~~~~~~~~~~~~~~~~~~~~~~~~[0m


[33m▲ [43;33m[[43;30mWARNING[43;33m][0m [1mTS-998113: AvisListComponent is not used within the template of CampingSitesComponent[0m [1m[35m[plugin angular-compiler][0m

    src/app/features/public/camping-sites/camping-sites.component.ts:12:40:
[37m      12 │ ...[CommonModule, RouterModule, [32mAvisListComponent[37m, AddAvisComponent],
         ╵                                 [32m~~~~~~~~~~~~~~~~~[0m


[33m▲ [43;33m[[43;30mWARNING[43;33m][0m [1mTS-998113: AddAvisComponent is not used within the template of CampingSitesComponent[0m [1m[35m[plugin angular-compiler][0m

    src/app/features/public/camping-sites/camping-sites.component.ts:12:59:
[37m      12 │ ...[CommonModule, RouterModule, AvisListComponent, [32mAddAvisComponent[37m],
         ╵                                                    [32m~~~~~~~~~~~~~~~~[0m


[33m▲ [43;33m[[43;30mWARNING[43;33m][0m [1mNG8107: The left side of this optional chain operation does not include 'null' or 'undefined' in its type, therefore the '?.' operator can be replaced with the '.' operator.[0m [1m[35m[plugin angular-compiler][0m

    src/app/features/public/my-bookings/my-bookings.component.html:21:40:
[37m      21 │ ...[src]="booking.siteCamping?.[32mimageUrl[37m || 'assets/images/default-...
         ╵                                [32m~~~~~~~~[0m

  Error occurs in the template of component MyBookingsComponent.

    src/app/features/public/my-bookings/my-bookings.component.ts:11:15:
[37m      11 │   templateUrl: [32m'./my-bookings.component.html'[37m,
         ╵                [32m~~~~~~~~~~~~~~~~~~~~~~~~~~~~~~[0m


[33m▲ [43;33m[[43;30mWARNING[43;33m][0m [1mNG8107: The left side of this optional chain operation does not include 'null' or 'undefined' in its type, therefore the '?.' operator can be replaced with the '.' operator.[0m [1m[35m[plugin angular-compiler][0m

    src/app/features/public/my-bookings/my-bookings.component.html:22:40:
[37m      22 │             [alt]="booking.siteCamping?.[32mnom[37m"
         ╵                                         [32m~~~[0m

  Error occurs in the template of component MyBookingsComponent.

    src/app/features/public/my-bookings/my-bookings.component.ts:11:15:
[37m      11 │   templateUrl: [32m'./my-bookings.component.html'[37m,
         ╵                [32m~~~~~~~~~~~~~~~~~~~~~~~~~~~~~~[0m


[33m▲ [43;33m[[43;30mWARNING[43;33m][0m [1mNG8107: The left side of this optional chain operation does not include 'null' or 'undefined' in its type, therefore the '?.' operator can be replaced with the '.' operator.[0m [1m[35m[plugin angular-compiler][0m

    src/app/features/public/my-bookings/my-bookings.component.html:42:42:
[37m      42 │               <h3>{{ booking.siteCamping?.[32mnom[37m }}</h3>
         ╵                                           [32m~~~[0m

  Error occurs in the template of component MyBookingsComponent.

    src/app/features/public/my-bookings/my-bookings.component.ts:11:15:
[37m      11 │   templateUrl: [32m'./my-bookings.component.html'[37m,
         ╵                [32m~~~~~~~~~~~~~~~~~~~~~~~~~~~~~~[0m


[33m▲ [43;33m[[43;30mWARNING[43;33m][0m [1mNG8107: The left side of this optional chain operation does not include 'null' or 'undefined' in its type, therefore the '?.' operator can be replaced with the '.' operator.[0m [1m[35m[plugin angular-compiler][0m

    src/app/features/public/my-bookings/my-bookings.component.html:43:58:
[37m      43 │ ...   <p class="location">{{ booking.siteCamping?.[32mlocalisation[37m }}</p>
         ╵                                                   [32m~~~~~~~~~~~~[0m

  Error occurs in the template of component MyBookingsComponent.

    src/app/features/public/my-bookings/my-bookings.component.ts:11:15:
[37m      11 │   templateUrl: [32m'./my-bookings.component.html'[37m,
         ╵                [32m~~~~~~~~~~~~~~~~~~~~~~~~~~~~~~[0m


[33m▲ [43;33m[[43;30mWARNING[43;33m][0m [1mNG8107: The left side of this optional chain operation does not include 'null' or 'undefined' in its type, therefore the '?.' operator can be replaced with the '.' operator.[0m [1m[35m[plugin angular-compiler][0m

    src/app/features/public/my-bookings/my-bookings.component.html:87:74:
[37m      87 │ ...outerLink]="['/public/site-booking', booking.siteCamping?.[32midSite[37m]"
         ╵                                                              [32m~~~~~~[0m

  Error occurs in the template of component MyBookingsComponent.

    src/app/features/public/my-bookings/my-bookings.component.ts:11:15:
[37m      11 │   templateUrl: [32m'./my-bookings.component.html'[37m,
         ╵                [32m~~~~~~~~~~~~~~~~~~~~~~~~~~~~~~[0m

[39m[22m
[1m[33m[33m▲ [43;33m[[43;30mWARNING[43;33m][0m [1mUnexpected "-xxl"[0m [css-syntax-error]

    src/assets/css/nicepage.css:7963:41:
[37m      7963 │   .u-expanded-width:not(.custom-expanded)[32m-xxl[37m {
           ╵                                          [32m~~~~[0m


[33m▲ [43;33m[[43;30mWARNING[43;33m][0m [1mUnexpected "-xl"[0m [css-syntax-error]

    src/assets/css/nicepage.css:7969:52:
[37m      7969 │   .u-xl-mode .u-expanded-width:not(.custom-expanded)[32m-xl[37m {
           ╵                                                     [32m~~~[0m


[33m▲ [43;33m[[43;30mWARNING[43;33m][0m [1mUnexpected "-xl"[0m [css-syntax-error]

    src/assets/css/nicepage.css:7975:53:
[37m      7975 │   .u-xxl-mode .u-expanded-width:not(.custom-expanded)[32m-xl[37m {
           ╵                                                      [32m~~~[0m


[33m▲ [43;33m[[43;30mWARNING[43;33m][0m [1mUnexpected "-lg"[0m [css-syntax-error]

    src/assets/css/nicepage.css:7981:41:
[37m      7981 │   .u-expanded-width:not(.custom-expanded)[32m-lg[37m {
           ╵                                          [32m~~~[0m


[33m▲ [43;33m[[43;30mWARNING[43;33m][0m [1mUnexpected "-md"[0m [css-syntax-error]

    src/assets/css/nicepage.css:7987:41:
[37m      7987 │   .u-expanded-width:not(.custom-expanded)[32m-md[37m {
           ╵                                          [32m~~~[0m


[33m▲ [43;33m[[43;30mWARNING[43;33m][0m [1mUnexpected "-sm"[0m [css-syntax-error]

    src/assets/css/nicepage.css:7993:41:
[37m      7993 │   .u-expanded-width:not(.custom-expanded)[32m-sm[37m {
           ╵                                          [32m~~~[0m


[33m▲ [43;33m[[43;30mWARNING[43;33m][0m [1mUnexpected "-xs"[0m [css-syntax-error]

    src/assets/css/nicepage.css:7999:41:
[37m      7999 │   .u-expanded-width:not(.custom-expanded)[32m-xs[37m {
           ╵                                          [32m~~~[0m


[33m▲ [43;33m[[43;30mWARNING[43;33m][0m [1mUnexpected "-xxl"[0m [css-syntax-error]

    src/assets/css/nicepage.css:8090:42:
[37m      8090 │   .u-expanded-height:not(.custom-expanded)[32m-xxl[37m {
           ╵                                           [32m~~~~[0m


[33m▲ [43;33m[[43;30mWARNING[43;33m][0m [1mUnexpected "-xl"[0m [css-syntax-error]

    src/assets/css/nicepage.css:8095:53:
[37m      8095 │   .u-xl-mode .u-expanded-height:not(.custom-expanded)[32m-xl[37m {
           ╵                                                      [32m~~~[0m


[33m▲ [43;33m[[43;30mWARNING[43;33m][0m [1mUnexpected "-xl"[0m [css-syntax-error]

    src/assets/css/nicepage.css:8100:54:
[37m      8100 │   .u-xxl-mode .u-expanded-height:not(.custom-expanded)[32m-xl[37m {
           ╵                                                       [32m~~~[0m


[33m▲ [43;33m[[43;30mWARNING[43;33m][0m [1mUnexpected "-lg"[0m [css-syntax-error]

    src/assets/css/nicepage.css:8105:42:
[37m      8105 │   .u-expanded-height:not(.custom-expanded)[32m-lg[37m {
           ╵                                           [32m~~~[0m


[33m▲ [43;33m[[43;30mWARNING[43;33m][0m [1mUnexpected "-md"[0m [css-syntax-error]

    src/assets/css/nicepage.css:8110:42:
[37m      8110 │   .u-expanded-height:not(.custom-expanded)[32m-md[37m {
           ╵                                           [32m~~~[0m


[33m▲ [43;33m[[43;30mWARNING[43;33m][0m [1mUnexpected "-sm"[0m [css-syntax-error]

    src/assets/css/nicepage.css:8115:42:
[37m      8115 │   .u-expanded-height:not(.custom-expanded)[32m-sm[37m {
           ╵                                           [32m~~~[0m


[33m▲ [43;33m[[43;30mWARNING[43;33m][0m [1mUnexpected "-xs"[0m [css-syntax-error]

    src/assets/css/nicepage.css:8120:42:
[37m      8120 │   .u-expanded-height:not(.custom-expanded)[32m-xs[37m {
           ╵                                           [32m~~~[0m


[33m▲ [43;33m[[43;30mWARNING[43;33m][0m [1mUnexpected "/"[0m [css-syntax-error]

    src/assets/css/nicepage.css:20056:155:
[37m      20056 │ ...E1MOmNvbS5hZG9iZS54bXAAAAAAADw[32m/[37meHBhY2tldCBiZWdpbj0i77u/IiBpZ...
            ╵                                  [32m^[0m


[33m▲ [43;33m[[43;30mWARNING[43;33m][0m [1mUnterminated string token[0m [css-syntax-error]

    src/assets/css/nicepage.css:20056:2701:
[37m      20056 │ ...BICAAAQEICGCX/hZgANzhlTFY6SDTAAAAAElFTkSuQmCC') 0 0 no-repeat;[32m[37m
            ╵                                                                  [32m^[0m


[33m▲ [43;33m[[43;30mWARNING[43;33m][0m [1mExpected identifier but found "."[0m [css-syntax-error]

    src/assets/css/nicepage.css:20063:2:
[37m      20063 │   [32m.[37mpswp--svg .pswp__button,
            ╵   [32m^[0m


[33m▲ [43;33m[[43;30mWARNING[43;33m][0m [1mUnterminated string token[0m [css-syntax-error]

    src/assets/css/nicepage.css:20064:2528:
[37m      20064 │ ...jEsNWwtMC45LDBsMC4xLTVMMTA5LDE5eiIvPg0KPC9nPg0KPC9zdmc+DQo=');[32m[37m
            ╵                                                                  [32m^[0m


[33m▲ [43;33m[[43;30mWARNING[43;33m][0m [1mUnexpected "}"[0m [css-syntax-error]

    src/assets/css/nicepage.css:20070:0:
[37m      20070 │ [32m}[37m
            ╵ [32m^[0m


[33m▲ [43;33m[[43;30mWARNING[43;33m][0m [1mExpected identifier but found whitespace[0m [css-syntax-error]

    src/assets/css/nicepage.css:20121:6:
[37m      20121 │   top:[32m[37m 35px;
            ╵       [32m^[0m


[33m▲ [43;33m[[43;30mWARNING[43;33m][0m [1mUnexpected "35px"[0m [css-syntax-error]

    src/assets/css/nicepage.css:20121:7:
[37m      20121 │   top: [32m35px[37m;
            ╵        [32m~~~~[0m


[33m▲ [43;33m[[43;30mWARNING[43;33m][0m [1mExpected identifier but found whitespace[0m [css-syntax-error]

    src/assets/css/nicepage.css:20207:10:
[37m      20207 │   display:[32m[37m block;
            ╵           [32m^[0m


[33m▲ [43;33m[[43;30mWARNING[43;33m][0m [1mUnexpected ";"[0m [css-syntax-error]

    src/assets/css/nicepage.css:20207:16:
[37m      20207 │   display: block[32m;[37m
            ╵                 [32m^[0m


[33m▲ [43;33m[[43;30mWARNING[43;33m][0m [1mUnexpected "}"[0m [css-syntax-error]

    src/assets/css/nicepage.css:23639:0:
[37m      23639 │ [32m}[37m
            ╵ [32m^[0m


[33m▲ [43;33m[[43;30mWARNING[43;33m][0m [1mNG8102: The left side of this nullish coalescing operation does not include 'null' or 'undefined' in its type, therefore the '??' operator can be safely removed.[0m [1m[35m[plugin angular-compiler][0m

    src/app/features/admin/avis/admin-avis-list/admin-avis-list.component.html:26:42:
[37m      26 │           [ngClass]="{ 'filled': star <= ([32mavis.note ?? 0[37m) }"
         ╵                                           [32m~~~~~~~~~~~~~~[0m

  Error occurs in the template of component AdminAvisListComponent.

    src/app/features/admin/avis/admin-avis-list/admin-avis-list.component.ts:10:15:
[37m      10 │   templateUrl: [32m'./admin-avis-list.component.html'[37m,
         ╵                [32m~~~~~~~~~~~~~~~~~~~~~~~~~~~~~~~~~~[0m


[33m▲ [43;33m[[43;30mWARNING[43;33m][0m [1mNG8107: The left side of this optional chain operation does not include 'null' or 'undefined' in its type, therefore the '?.' operator can be replaced with the '.' operator.[0m [1m[35m[plugin angular-compiler][0m

    src/app/features/admin/site-bookings/site-bookings.component.html:32:38:
[37m      32 │           <td>{{ booking.siteCamping?.[32mnom[37m }}</td>
         ╵                                       [32m~~~[0m

  Error occurs in the template of component SiteBookingsComponent.

    src/app/features/admin/site-bookings/site-bookings.component.ts:13:15:
[37m      13 │   templateUrl: [32m'./site-bookings.component.html'[37m,
         ╵                [32m~~~~~~~~~~~~~~~~~~~~~~~~~~~~~~~~[0m


[33m▲ [43;33m[[43;30mWARNING[43;33m][0m [1mNG8107: The left side of this optional chain operation does not include 'null' or 'undefined' in its type, therefore the '?.' operator can be replaced with the '.' operator.[0m [1m[35m[plugin angular-compiler][0m

    src/app/features/public/MarketPlace/liste-produit/liste-produit.component.html:25:33:
[37m      25 │           [src]="product.images?.[32mlength[37m
         ╵                                  [32m~~~~~~[0m

  Error occurs in the template of component ListeProduitComponent.

    src/app/features/public/MarketPlace/liste-produit/liste-produit.component.ts:13:15:
[37m      13 │   templateUrl: [32m'./liste-produit.component.html'[37m,
         ╵                [32m~~~~~~~~~~~~~~~~~~~~~~~~~~~~~~~~[0m


[33m▲ [43;33m[[43;30mWARNING[43;33m][0m [1mNG8102: The left side of this nullish coalescing operation does not include 'null' or 'undefined' in its type, therefore the '??' operator can be safely removed.[0m [1m[35m[plugin angular-compiler][0m

    src/app/features/public/camping-sites/camping-sites.component.html:47:42:
[37m      47 │ ...          <span class="info-value">{{ [32msite.capacite ?? 0[37m }}</span>
         ╵                                          [32m~~~~~~~~~~~~~~~~~~[0m

  Error occurs in the template of component CampingSitesComponent.

    src/app/features/public/camping-sites/camping-sites.component.ts:13:15:
[37m      13 │   templateUrl: [32m'./camping-sites.component.html'[37m,
         ╵                [32m~~~~~~~~~~~~~~~~~~~~~~~~~~~~~~~~[0m


[33m▲ [43;33m[[43;30mWARNING[43;33m][0m [1mTS-998113: AvisListComponent is not used within the template of CampingSitesComponent[0m [1m[35m[plugin angular-compiler][0m

    src/app/features/public/camping-sites/camping-sites.component.ts:12:40:
[37m      12 │ ...[CommonModule, RouterModule, [32mAvisListComponent[37m, AddAvisComponent],
         ╵                                 [32m~~~~~~~~~~~~~~~~~[0m


[33m▲ [43;33m[[43;30mWARNING[43;33m][0m [1mTS-998113: AddAvisComponent is not used within the template of CampingSitesComponent[0m [1m[35m[plugin angular-compiler][0m

    src/app/features/public/camping-sites/camping-sites.component.ts:12:59:
[37m      12 │ ...[CommonModule, RouterModule, AvisListComponent, [32mAddAvisComponent[37m],
         ╵                                                    [32m~~~~~~~~~~~~~~~~[0m


[33m▲ [43;33m[[43;30mWARNING[43;33m][0m [1mNG8107: The left side of this optional chain operation does not include 'null' or 'undefined' in its type, therefore the '?.' operator can be replaced with the '.' operator.[0m [1m[35m[plugin angular-compiler][0m

    src/app/features/public/my-bookings/my-bookings.component.html:21:40:
[37m      21 │ ...[src]="booking.siteCamping?.[32mimageUrl[37m || 'assets/images/default-...
         ╵                                [32m~~~~~~~~[0m

  Error occurs in the template of component MyBookingsComponent.

    src/app/features/public/my-bookings/my-bookings.component.ts:11:15:
[37m      11 │   templateUrl: [32m'./my-bookings.component.html'[37m,
         ╵                [32m~~~~~~~~~~~~~~~~~~~~~~~~~~~~~~[0m


[33m▲ [43;33m[[43;30mWARNING[43;33m][0m [1mNG8107: The left side of this optional chain operation does not include 'null' or 'undefined' in its type, therefore the '?.' operator can be replaced with the '.' operator.[0m [1m[35m[plugin angular-compiler][0m

    src/app/features/public/my-bookings/my-bookings.component.html:22:40:
[37m      22 │             [alt]="booking.siteCamping?.[32mnom[37m"
         ╵                                         [32m~~~[0m

  Error occurs in the template of component MyBookingsComponent.

    src/app/features/public/my-bookings/my-bookings.component.ts:11:15:
[37m      11 │   templateUrl: [32m'./my-bookings.component.html'[37m,
         ╵                [32m~~~~~~~~~~~~~~~~~~~~~~~~~~~~~~[0m


[33m▲ [43;33m[[43;30mWARNING[43;33m][0m [1mNG8107: The left side of this optional chain operation does not include 'null' or 'undefined' in its type, therefore the '?.' operator can be replaced with the '.' operator.[0m [1m[35m[plugin angular-compiler][0m

    src/app/features/public/my-bookings/my-bookings.component.html:42:42:
[37m      42 │               <h3>{{ booking.siteCamping?.[32mnom[37m }}</h3>
         ╵                                           [32m~~~[0m

  Error occurs in the template of component MyBookingsComponent.

    src/app/features/public/my-bookings/my-bookings.component.ts:11:15:
[37m      11 │   templateUrl: [32m'./my-bookings.component.html'[37m,
         ╵                [32m~~~~~~~~~~~~~~~~~~~~~~~~~~~~~~[0m


[33m▲ [43;33m[[43;30mWARNING[43;33m][0m [1mNG8107: The left side of this optional chain operation does not include 'null' or 'undefined' in its type, therefore the '?.' operator can be replaced with the '.' operator.[0m [1m[35m[plugin angular-compiler][0m

    src/app/features/public/my-bookings/my-bookings.component.html:43:58:
[37m      43 │ ...   <p class="location">{{ booking.siteCamping?.[32mlocalisation[37m }}</p>
         ╵                                                   [32m~~~~~~~~~~~~[0m

  Error occurs in the template of component MyBookingsComponent.

    src/app/features/public/my-bookings/my-bookings.component.ts:11:15:
[37m      11 │   templateUrl: [32m'./my-bookings.component.html'[37m,
         ╵                [32m~~~~~~~~~~~~~~~~~~~~~~~~~~~~~~[0m


[33m▲ [43;33m[[43;30mWARNING[43;33m][0m [1mNG8107: The left side of this optional chain operation does not include 'null' or 'undefined' in its type, therefore the '?.' operator can be replaced with the '.' operator.[0m [1m[35m[plugin angular-compiler][0m

    src/app/features/public/my-bookings/my-bookings.component.html:87:74:
[37m      87 │ ...outerLink]="['/public/site-booking', booking.siteCamping?.[32midSite[37m]"
         ╵                                                              [32m~~~~~~[0m

  Error occurs in the template of component MyBookingsComponent.

    src/app/features/public/my-bookings/my-bookings.component.ts:11:15:
[37m      11 │   templateUrl: [32m'./my-bookings.component.html'[37m,
         ╵                [32m~~~~~~~~~~~~~~~~~~~~~~~~~~~~~~[0m

[39m[22m
[1m[33m[33m▲ [43;33m[[43;30mWARNING[43;33m][0m [1mUnexpected "-xxl"[0m [css-syntax-error]

    src/assets/css/nicepage.css:7963:41:
[37m      7963 │   .u-expanded-width:not(.custom-expanded)[32m-xxl[37m {
           ╵                                          [32m~~~~[0m


[33m▲ [43;33m[[43;30mWARNING[43;33m][0m [1mUnexpected "-xl"[0m [css-syntax-error]

    src/assets/css/nicepage.css:7969:52:
[37m      7969 │   .u-xl-mode .u-expanded-width:not(.custom-expanded)[32m-xl[37m {
           ╵                                                     [32m~~~[0m


[33m▲ [43;33m[[43;30mWARNING[43;33m][0m [1mUnexpected "-xl"[0m [css-syntax-error]

    src/assets/css/nicepage.css:7975:53:
[37m      7975 │   .u-xxl-mode .u-expanded-width:not(.custom-expanded)[32m-xl[37m {
           ╵                                                      [32m~~~[0m


[33m▲ [43;33m[[43;30mWARNING[43;33m][0m [1mUnexpected "-lg"[0m [css-syntax-error]

    src/assets/css/nicepage.css:7981:41:
[37m      7981 │   .u-expanded-width:not(.custom-expanded)[32m-lg[37m {
           ╵                                          [32m~~~[0m


[33m▲ [43;33m[[43;30mWARNING[43;33m][0m [1mUnexpected "-md"[0m [css-syntax-error]

    src/assets/css/nicepage.css:7987:41:
[37m      7987 │   .u-expanded-width:not(.custom-expanded)[32m-md[37m {
           ╵                                          [32m~~~[0m


[33m▲ [43;33m[[43;30mWARNING[43;33m][0m [1mUnexpected "-sm"[0m [css-syntax-error]

    src/assets/css/nicepage.css:7993:41:
[37m      7993 │   .u-expanded-width:not(.custom-expanded)[32m-sm[37m {
           ╵                                          [32m~~~[0m


[33m▲ [43;33m[[43;30mWARNING[43;33m][0m [1mUnexpected "-xs"[0m [css-syntax-error]

    src/assets/css/nicepage.css:7999:41:
[37m      7999 │   .u-expanded-width:not(.custom-expanded)[32m-xs[37m {
           ╵                                          [32m~~~[0m


[33m▲ [43;33m[[43;30mWARNING[43;33m][0m [1mUnexpected "-xxl"[0m [css-syntax-error]

    src/assets/css/nicepage.css:8090:42:
[37m      8090 │   .u-expanded-height:not(.custom-expanded)[32m-xxl[37m {
           ╵                                           [32m~~~~[0m


[33m▲ [43;33m[[43;30mWARNING[43;33m][0m [1mUnexpected "-xl"[0m [css-syntax-error]

    src/assets/css/nicepage.css:8095:53:
[37m      8095 │   .u-xl-mode .u-expanded-height:not(.custom-expanded)[32m-xl[37m {
           ╵                                                      [32m~~~[0m


[33m▲ [43;33m[[43;30mWARNING[43;33m][0m [1mUnexpected "-xl"[0m [css-syntax-error]

    src/assets/css/nicepage.css:8100:54:
[37m      8100 │   .u-xxl-mode .u-expanded-height:not(.custom-expanded)[32m-xl[37m {
           ╵                                                       [32m~~~[0m


[33m▲ [43;33m[[43;30mWARNING[43;33m][0m [1mUnexpected "-lg"[0m [css-syntax-error]

    src/assets/css/nicepage.css:8105:42:
[37m      8105 │   .u-expanded-height:not(.custom-expanded)[32m-lg[37m {
           ╵                                           [32m~~~[0m


[33m▲ [43;33m[[43;30mWARNING[43;33m][0m [1mUnexpected "-md"[0m [css-syntax-error]

    src/assets/css/nicepage.css:8110:42:
[37m      8110 │   .u-expanded-height:not(.custom-expanded)[32m-md[37m {
           ╵                                           [32m~~~[0m


[33m▲ [43;33m[[43;30mWARNING[43;33m][0m [1mUnexpected "-sm"[0m [css-syntax-error]

    src/assets/css/nicepage.css:8115:42:
[37m      8115 │   .u-expanded-height:not(.custom-expanded)[32m-sm[37m {
           ╵                                           [32m~~~[0m


[33m▲ [43;33m[[43;30mWARNING[43;33m][0m [1mUnexpected "-xs"[0m [css-syntax-error]

    src/assets/css/nicepage.css:8120:42:
[37m      8120 │   .u-expanded-height:not(.custom-expanded)[32m-xs[37m {
           ╵                                           [32m~~~[0m


[33m▲ [43;33m[[43;30mWARNING[43;33m][0m [1mUnexpected "/"[0m [css-syntax-error]

    src/assets/css/nicepage.css:20056:155:
[37m      20056 │ ...E1MOmNvbS5hZG9iZS54bXAAAAAAADw[32m/[37meHBhY2tldCBiZWdpbj0i77u/IiBpZ...
            ╵                                  [32m^[0m


[33m▲ [43;33m[[43;30mWARNING[43;33m][0m [1mUnterminated string token[0m [css-syntax-error]

    src/assets/css/nicepage.css:20056:2701:
[37m      20056 │ ...BICAAAQEICGCX/hZgANzhlTFY6SDTAAAAAElFTkSuQmCC') 0 0 no-repeat;[32m[37m
            ╵                                                                  [32m^[0m


[33m▲ [43;33m[[43;30mWARNING[43;33m][0m [1mExpected identifier but found "."[0m [css-syntax-error]

    src/assets/css/nicepage.css:20063:2:
[37m      20063 │   [32m.[37mpswp--svg .pswp__button,
            ╵   [32m^[0m


[33m▲ [43;33m[[43;30mWARNING[43;33m][0m [1mUnterminated string token[0m [css-syntax-error]

    src/assets/css/nicepage.css:20064:2528:
[37m      20064 │ ...jEsNWwtMC45LDBsMC4xLTVMMTA5LDE5eiIvPg0KPC9nPg0KPC9zdmc+DQo=');[32m[37m
            ╵                                                                  [32m^[0m


[33m▲ [43;33m[[43;30mWARNING[43;33m][0m [1mUnexpected "}"[0m [css-syntax-error]

    src/assets/css/nicepage.css:20070:0:
[37m      20070 │ [32m}[37m
            ╵ [32m^[0m


[33m▲ [43;33m[[43;30mWARNING[43;33m][0m [1mExpected identifier but found whitespace[0m [css-syntax-error]

    src/assets/css/nicepage.css:20121:6:
[37m      20121 │   top:[32m[37m 35px;
            ╵       [32m^[0m


[33m▲ [43;33m[[43;30mWARNING[43;33m][0m [1mUnexpected "35px"[0m [css-syntax-error]

    src/assets/css/nicepage.css:20121:7:
[37m      20121 │   top: [32m35px[37m;
            ╵        [32m~~~~[0m


[33m▲ [43;33m[[43;30mWARNING[43;33m][0m [1mExpected identifier but found whitespace[0m [css-syntax-error]

    src/assets/css/nicepage.css:20207:10:
[37m      20207 │   display:[32m[37m block;
            ╵           [32m^[0m


[33m▲ [43;33m[[43;30mWARNING[43;33m][0m [1mUnexpected ";"[0m [css-syntax-error]

    src/assets/css/nicepage.css:20207:16:
[37m      20207 │   display: block[32m;[37m
            ╵                 [32m^[0m


[33m▲ [43;33m[[43;30mWARNING[43;33m][0m [1mUnexpected "}"[0m [css-syntax-error]

    src/assets/css/nicepage.css:23639:0:
[37m      23639 │ [32m}[37m
            ╵ [32m^[0m


[33m▲ [43;33m[[43;30mWARNING[43;33m][0m [1mNG8102: The left side of this nullish coalescing operation does not include 'null' or 'undefined' in its type, therefore the '??' operator can be safely removed.[0m [1m[35m[plugin angular-compiler][0m

    src/app/features/admin/avis/admin-avis-list/admin-avis-list.component.html:26:42:
[37m      26 │           [ngClass]="{ 'filled': star <= ([32mavis.note ?? 0[37m) }"
         ╵                                           [32m~~~~~~~~~~~~~~[0m

  Error occurs in the template of component AdminAvisListComponent.

    src/app/features/admin/avis/admin-avis-list/admin-avis-list.component.ts:10:15:
[37m      10 │   templateUrl: [32m'./admin-avis-list.component.html'[37m,
         ╵                [32m~~~~~~~~~~~~~~~~~~~~~~~~~~~~~~~~~~[0m


[33m▲ [43;33m[[43;30mWARNING[43;33m][0m [1mNG8107: The left side of this optional chain operation does not include 'null' or 'undefined' in its type, therefore the '?.' operator can be replaced with the '.' operator.[0m [1m[35m[plugin angular-compiler][0m

    src/app/features/admin/site-bookings/site-bookings.component.html:32:38:
[37m      32 │           <td>{{ booking.siteCamping?.[32mnom[37m }}</td>
         ╵                                       [32m~~~[0m

  Error occurs in the template of component SiteBookingsComponent.

    src/app/features/admin/site-bookings/site-bookings.component.ts:13:15:
[37m      13 │   templateUrl: [32m'./site-bookings.component.html'[37m,
         ╵                [32m~~~~~~~~~~~~~~~~~~~~~~~~~~~~~~~~[0m


[33m▲ [43;33m[[43;30mWARNING[43;33m][0m [1mNG8107: The left side of this optional chain operation does not include 'null' or 'undefined' in its type, therefore the '?.' operator can be replaced with the '.' operator.[0m [1m[35m[plugin angular-compiler][0m

    src/app/features/public/MarketPlace/liste-produit/liste-produit.component.html:25:33:
[37m      25 │           [src]="product.images?.[32mlength[37m
         ╵                                  [32m~~~~~~[0m

  Error occurs in the template of component ListeProduitComponent.

    src/app/features/public/MarketPlace/liste-produit/liste-produit.component.ts:13:15:
[37m      13 │   templateUrl: [32m'./liste-produit.component.html'[37m,
         ╵                [32m~~~~~~~~~~~~~~~~~~~~~~~~~~~~~~~~[0m


[33m▲ [43;33m[[43;30mWARNING[43;33m][0m [1mNG8102: The left side of this nullish coalescing operation does not include 'null' or 'undefined' in its type, therefore the '??' operator can be safely removed.[0m [1m[35m[plugin angular-compiler][0m

    src/app/features/public/camping-sites/camping-sites.component.html:47:42:
[37m      47 │ ...          <span class="info-value">{{ [32msite.capacite ?? 0[37m }}</span>
         ╵                                          [32m~~~~~~~~~~~~~~~~~~[0m

  Error occurs in the template of component CampingSitesComponent.

    src/app/features/public/camping-sites/camping-sites.component.ts:13:15:
[37m      13 │   templateUrl: [32m'./camping-sites.component.html'[37m,
         ╵                [32m~~~~~~~~~~~~~~~~~~~~~~~~~~~~~~~~[0m


[33m▲ [43;33m[[43;30mWARNING[43;33m][0m [1mTS-998113: AvisListComponent is not used within the template of CampingSitesComponent[0m [1m[35m[plugin angular-compiler][0m

    src/app/features/public/camping-sites/camping-sites.component.ts:12:40:
[37m      12 │ ...[CommonModule, RouterModule, [32mAvisListComponent[37m, AddAvisComponent],
         ╵                                 [32m~~~~~~~~~~~~~~~~~[0m


[33m▲ [43;33m[[43;30mWARNING[43;33m][0m [1mTS-998113: AddAvisComponent is not used within the template of CampingSitesComponent[0m [1m[35m[plugin angular-compiler][0m

    src/app/features/public/camping-sites/camping-sites.component.ts:12:59:
[37m      12 │ ...[CommonModule, RouterModule, AvisListComponent, [32mAddAvisComponent[37m],
         ╵                                                    [32m~~~~~~~~~~~~~~~~[0m


[33m▲ [43;33m[[43;30mWARNING[43;33m][0m [1mNG8107: The left side of this optional chain operation does not include 'null' or 'undefined' in its type, therefore the '?.' operator can be replaced with the '.' operator.[0m [1m[35m[plugin angular-compiler][0m

    src/app/features/public/my-bookings/my-bookings.component.html:21:40:
[37m      21 │ ...[src]="booking.siteCamping?.[32mimageUrl[37m || 'assets/images/default-...
         ╵                                [32m~~~~~~~~[0m

  Error occurs in the template of component MyBookingsComponent.

    src/app/features/public/my-bookings/my-bookings.component.ts:11:15:
[37m      11 │   templateUrl: [32m'./my-bookings.component.html'[37m,
         ╵                [32m~~~~~~~~~~~~~~~~~~~~~~~~~~~~~~[0m


[33m▲ [43;33m[[43;30mWARNING[43;33m][0m [1mNG8107: The left side of this optional chain operation does not include 'null' or 'undefined' in its type, therefore the '?.' operator can be replaced with the '.' operator.[0m [1m[35m[plugin angular-compiler][0m

    src/app/features/public/my-bookings/my-bookings.component.html:22:40:
[37m      22 │             [alt]="booking.siteCamping?.[32mnom[37m"
         ╵                                         [32m~~~[0m

  Error occurs in the template of component MyBookingsComponent.

    src/app/features/public/my-bookings/my-bookings.component.ts:11:15:
[37m      11 │   templateUrl: [32m'./my-bookings.component.html'[37m,
         ╵                [32m~~~~~~~~~~~~~~~~~~~~~~~~~~~~~~[0m


[33m▲ [43;33m[[43;30mWARNING[43;33m][0m [1mNG8107: The left side of this optional chain operation does not include 'null' or 'undefined' in its type, therefore the '?.' operator can be replaced with the '.' operator.[0m [1m[35m[plugin angular-compiler][0m

    src/app/features/public/my-bookings/my-bookings.component.html:42:42:
[37m      42 │               <h3>{{ booking.siteCamping?.[32mnom[37m }}</h3>
         ╵                                           [32m~~~[0m

  Error occurs in the template of component MyBookingsComponent.

    src/app/features/public/my-bookings/my-bookings.component.ts:11:15:
[37m      11 │   templateUrl: [32m'./my-bookings.component.html'[37m,
         ╵                [32m~~~~~~~~~~~~~~~~~~~~~~~~~~~~~~[0m


[33m▲ [43;33m[[43;30mWARNING[43;33m][0m [1mNG8107: The left side of this optional chain operation does not include 'null' or 'undefined' in its type, therefore the '?.' operator can be replaced with the '.' operator.[0m [1m[35m[plugin angular-compiler][0m

    src/app/features/public/my-bookings/my-bookings.component.html:43:58:
[37m      43 │ ...   <p class="location">{{ booking.siteCamping?.[32mlocalisation[37m }}</p>
         ╵                                                   [32m~~~~~~~~~~~~[0m

  Error occurs in the template of component MyBookingsComponent.

    src/app/features/public/my-bookings/my-bookings.component.ts:11:15:
[37m      11 │   templateUrl: [32m'./my-bookings.component.html'[37m,
         ╵                [32m~~~~~~~~~~~~~~~~~~~~~~~~~~~~~~[0m


[33m▲ [43;33m[[43;30mWARNING[43;33m][0m [1mNG8107: The left side of this optional chain operation does not include 'null' or 'undefined' in its type, therefore the '?.' operator can be replaced with the '.' operator.[0m [1m[35m[plugin angular-compiler][0m

    src/app/features/public/my-bookings/my-bookings.component.html:87:74:
[37m      87 │ ...outerLink]="['/public/site-booking', booking.siteCamping?.[32midSite[37m]"
         ╵                                                              [32m~~~~~~[0m

  Error occurs in the template of component MyBookingsComponent.

    src/app/features/public/my-bookings/my-bookings.component.ts:11:15:
[37m      11 │   templateUrl: [32m'./my-bookings.component.html'[37m,
         ╵                [32m~~~~~~~~~~~~~~~~~~~~~~~~~~~~~~[0m

[39m[22m
[1m[33m[33m▲ [43;33m[[43;30mWARNING[43;33m][0m [1mUnexpected "-xxl"[0m [css-syntax-error]

    src/assets/css/nicepage.css:7963:41:
[37m      7963 │   .u-expanded-width:not(.custom-expanded)[32m-xxl[37m {
           ╵                                          [32m~~~~[0m


[33m▲ [43;33m[[43;30mWARNING[43;33m][0m [1mUnexpected "-xl"[0m [css-syntax-error]

    src/assets/css/nicepage.css:7969:52:
[37m      7969 │   .u-xl-mode .u-expanded-width:not(.custom-expanded)[32m-xl[37m {
           ╵                                                     [32m~~~[0m


[33m▲ [43;33m[[43;30mWARNING[43;33m][0m [1mUnexpected "-xl"[0m [css-syntax-error]

    src/assets/css/nicepage.css:7975:53:
[37m      7975 │   .u-xxl-mode .u-expanded-width:not(.custom-expanded)[32m-xl[37m {
           ╵                                                      [32m~~~[0m


[33m▲ [43;33m[[43;30mWARNING[43;33m][0m [1mUnexpected "-lg"[0m [css-syntax-error]

    src/assets/css/nicepage.css:7981:41:
[37m      7981 │   .u-expanded-width:not(.custom-expanded)[32m-lg[37m {
           ╵                                          [32m~~~[0m


[33m▲ [43;33m[[43;30mWARNING[43;33m][0m [1mUnexpected "-md"[0m [css-syntax-error]

    src/assets/css/nicepage.css:7987:41:
[37m      7987 │   .u-expanded-width:not(.custom-expanded)[32m-md[37m {
           ╵                                          [32m~~~[0m


[33m▲ [43;33m[[43;30mWARNING[43;33m][0m [1mUnexpected "-sm"[0m [css-syntax-error]

    src/assets/css/nicepage.css:7993:41:
[37m      7993 │   .u-expanded-width:not(.custom-expanded)[32m-sm[37m {
           ╵                                          [32m~~~[0m


[33m▲ [43;33m[[43;30mWARNING[43;33m][0m [1mUnexpected "-xs"[0m [css-syntax-error]

    src/assets/css/nicepage.css:7999:41:
[37m      7999 │   .u-expanded-width:not(.custom-expanded)[32m-xs[37m {
           ╵                                          [32m~~~[0m


[33m▲ [43;33m[[43;30mWARNING[43;33m][0m [1mUnexpected "-xxl"[0m [css-syntax-error]

    src/assets/css/nicepage.css:8090:42:
[37m      8090 │   .u-expanded-height:not(.custom-expanded)[32m-xxl[37m {
           ╵                                           [32m~~~~[0m


[33m▲ [43;33m[[43;30mWARNING[43;33m][0m [1mUnexpected "-xl"[0m [css-syntax-error]

    src/assets/css/nicepage.css:8095:53:
[37m      8095 │   .u-xl-mode .u-expanded-height:not(.custom-expanded)[32m-xl[37m {
           ╵                                                      [32m~~~[0m


[33m▲ [43;33m[[43;30mWARNING[43;33m][0m [1mUnexpected "-xl"[0m [css-syntax-error]

    src/assets/css/nicepage.css:8100:54:
[37m      8100 │   .u-xxl-mode .u-expanded-height:not(.custom-expanded)[32m-xl[37m {
           ╵                                                       [32m~~~[0m


[33m▲ [43;33m[[43;30mWARNING[43;33m][0m [1mUnexpected "-lg"[0m [css-syntax-error]

    src/assets/css/nicepage.css:8105:42:
[37m      8105 │   .u-expanded-height:not(.custom-expanded)[32m-lg[37m {
           ╵                                           [32m~~~[0m


[33m▲ [43;33m[[43;30mWARNING[43;33m][0m [1mUnexpected "-md"[0m [css-syntax-error]

    src/assets/css/nicepage.css:8110:42:
[37m      8110 │   .u-expanded-height:not(.custom-expanded)[32m-md[37m {
           ╵                                           [32m~~~[0m


[33m▲ [43;33m[[43;30mWARNING[43;33m][0m [1mUnexpected "-sm"[0m [css-syntax-error]

    src/assets/css/nicepage.css:8115:42:
[37m      8115 │   .u-expanded-height:not(.custom-expanded)[32m-sm[37m {
           ╵                                           [32m~~~[0m


[33m▲ [43;33m[[43;30mWARNING[43;33m][0m [1mUnexpected "-xs"[0m [css-syntax-error]

    src/assets/css/nicepage.css:8120:42:
[37m      8120 │   .u-expanded-height:not(.custom-expanded)[32m-xs[37m {
           ╵                                           [32m~~~[0m


[33m▲ [43;33m[[43;30mWARNING[43;33m][0m [1mUnexpected "/"[0m [css-syntax-error]

    src/assets/css/nicepage.css:20056:155:
[37m      20056 │ ...E1MOmNvbS5hZG9iZS54bXAAAAAAADw[32m/[37meHBhY2tldCBiZWdpbj0i77u/IiBpZ...
            ╵                                  [32m^[0m


[33m▲ [43;33m[[43;30mWARNING[43;33m][0m [1mUnterminated string token[0m [css-syntax-error]

    src/assets/css/nicepage.css:20056:2701:
[37m      20056 │ ...BICAAAQEICGCX/hZgANzhlTFY6SDTAAAAAElFTkSuQmCC') 0 0 no-repeat;[32m[37m
            ╵                                                                  [32m^[0m


[33m▲ [43;33m[[43;30mWARNING[43;33m][0m [1mExpected identifier but found "."[0m [css-syntax-error]

    src/assets/css/nicepage.css:20063:2:
[37m      20063 │   [32m.[37mpswp--svg .pswp__button,
            ╵   [32m^[0m


[33m▲ [43;33m[[43;30mWARNING[43;33m][0m [1mUnterminated string token[0m [css-syntax-error]

    src/assets/css/nicepage.css:20064:2528:
[37m      20064 │ ...jEsNWwtMC45LDBsMC4xLTVMMTA5LDE5eiIvPg0KPC9nPg0KPC9zdmc+DQo=');[32m[37m
            ╵                                                                  [32m^[0m


[33m▲ [43;33m[[43;30mWARNING[43;33m][0m [1mUnexpected "}"[0m [css-syntax-error]

    src/assets/css/nicepage.css:20070:0:
[37m      20070 │ [32m}[37m
            ╵ [32m^[0m


[33m▲ [43;33m[[43;30mWARNING[43;33m][0m [1mExpected identifier but found whitespace[0m [css-syntax-error]

    src/assets/css/nicepage.css:20121:6:
[37m      20121 │   top:[32m[37m 35px;
            ╵       [32m^[0m


[33m▲ [43;33m[[43;30mWARNING[43;33m][0m [1mUnexpected "35px"[0m [css-syntax-error]

    src/assets/css/nicepage.css:20121:7:
[37m      20121 │   top: [32m35px[37m;
            ╵        [32m~~~~[0m


[33m▲ [43;33m[[43;30mWARNING[43;33m][0m [1mExpected identifier but found whitespace[0m [css-syntax-error]

    src/assets/css/nicepage.css:20207:10:
[37m      20207 │   display:[32m[37m block;
            ╵           [32m^[0m


[33m▲ [43;33m[[43;30mWARNING[43;33m][0m [1mUnexpected ";"[0m [css-syntax-error]

    src/assets/css/nicepage.css:20207:16:
[37m      20207 │   display: block[32m;[37m
            ╵                 [32m^[0m


[33m▲ [43;33m[[43;30mWARNING[43;33m][0m [1mUnexpected "}"[0m [css-syntax-error]

    src/assets/css/nicepage.css:23639:0:
[37m      23639 │ [32m}[37m
            ╵ [32m^[0m


[33m▲ [43;33m[[43;30mWARNING[43;33m][0m [1mNG8102: The left side of this nullish coalescing operation does not include 'null' or 'undefined' in its type, therefore the '??' operator can be safely removed.[0m [1m[35m[plugin angular-compiler][0m

    src/app/features/admin/avis/admin-avis-list/admin-avis-list.component.html:26:42:
[37m      26 │           [ngClass]="{ 'filled': star <= ([32mavis.note ?? 0[37m) }"
         ╵                                           [32m~~~~~~~~~~~~~~[0m

  Error occurs in the template of component AdminAvisListComponent.

    src/app/features/admin/avis/admin-avis-list/admin-avis-list.component.ts:10:15:
[37m      10 │   templateUrl: [32m'./admin-avis-list.component.html'[37m,
         ╵                [32m~~~~~~~~~~~~~~~~~~~~~~~~~~~~~~~~~~[0m


[33m▲ [43;33m[[43;30mWARNING[43;33m][0m [1mNG8107: The left side of this optional chain operation does not include 'null' or 'undefined' in its type, therefore the '?.' operator can be replaced with the '.' operator.[0m [1m[35m[plugin angular-compiler][0m

    src/app/features/admin/site-bookings/site-bookings.component.html:32:38:
[37m      32 │           <td>{{ booking.siteCamping?.[32mnom[37m }}</td>
         ╵                                       [32m~~~[0m

  Error occurs in the template of component SiteBookingsComponent.

    src/app/features/admin/site-bookings/site-bookings.component.ts:13:15:
[37m      13 │   templateUrl: [32m'./site-bookings.component.html'[37m,
         ╵                [32m~~~~~~~~~~~~~~~~~~~~~~~~~~~~~~~~[0m


[33m▲ [43;33m[[43;30mWARNING[43;33m][0m [1mNG8107: The left side of this optional chain operation does not include 'null' or 'undefined' in its type, therefore the '?.' operator can be replaced with the '.' operator.[0m [1m[35m[plugin angular-compiler][0m

    src/app/features/public/MarketPlace/liste-produit/liste-produit.component.html:25:33:
[37m      25 │           [src]="product.images?.[32mlength[37m
         ╵                                  [32m~~~~~~[0m

  Error occurs in the template of component ListeProduitComponent.

    src/app/features/public/MarketPlace/liste-produit/liste-produit.component.ts:13:15:
[37m      13 │   templateUrl: [32m'./liste-produit.component.html'[37m,
         ╵                [32m~~~~~~~~~~~~~~~~~~~~~~~~~~~~~~~~[0m


[33m▲ [43;33m[[43;30mWARNING[43;33m][0m [1mNG8102: The left side of this nullish coalescing operation does not include 'null' or 'undefined' in its type, therefore the '??' operator can be safely removed.[0m [1m[35m[plugin angular-compiler][0m

    src/app/features/public/camping-sites/camping-sites.component.html:47:42:
[37m      47 │ ...          <span class="info-value">{{ [32msite.capacite ?? 0[37m }}</span>
         ╵                                          [32m~~~~~~~~~~~~~~~~~~[0m

  Error occurs in the template of component CampingSitesComponent.

    src/app/features/public/camping-sites/camping-sites.component.ts:13:15:
[37m      13 │   templateUrl: [32m'./camping-sites.component.html'[37m,
         ╵                [32m~~~~~~~~~~~~~~~~~~~~~~~~~~~~~~~~[0m


[33m▲ [43;33m[[43;30mWARNING[43;33m][0m [1mTS-998113: AvisListComponent is not used within the template of CampingSitesComponent[0m [1m[35m[plugin angular-compiler][0m

    src/app/features/public/camping-sites/camping-sites.component.ts:12:40:
[37m      12 │ ...[CommonModule, RouterModule, [32mAvisListComponent[37m, AddAvisComponent],
         ╵                                 [32m~~~~~~~~~~~~~~~~~[0m


[33m▲ [43;33m[[43;30mWARNING[43;33m][0m [1mTS-998113: AddAvisComponent is not used within the template of CampingSitesComponent[0m [1m[35m[plugin angular-compiler][0m

    src/app/features/public/camping-sites/camping-sites.component.ts:12:59:
[37m      12 │ ...[CommonModule, RouterModule, AvisListComponent, [32mAddAvisComponent[37m],
         ╵                                                    [32m~~~~~~~~~~~~~~~~[0m


[33m▲ [43;33m[[43;30mWARNING[43;33m][0m [1mNG8107: The left side of this optional chain operation does not include 'null' or 'undefined' in its type, therefore the '?.' operator can be replaced with the '.' operator.[0m [1m[35m[plugin angular-compiler][0m

    src/app/features/public/my-bookings/my-bookings.component.html:21:40:
[37m      21 │ ...[src]="booking.siteCamping?.[32mimageUrl[37m || 'assets/images/default-...
         ╵                                [32m~~~~~~~~[0m

  Error occurs in the template of component MyBookingsComponent.

    src/app/features/public/my-bookings/my-bookings.component.ts:11:15:
[37m      11 │   templateUrl: [32m'./my-bookings.component.html'[37m,
         ╵                [32m~~~~~~~~~~~~~~~~~~~~~~~~~~~~~~[0m


[33m▲ [43;33m[[43;30mWARNING[43;33m][0m [1mNG8107: The left side of this optional chain operation does not include 'null' or 'undefined' in its type, therefore the '?.' operator can be replaced with the '.' operator.[0m [1m[35m[plugin angular-compiler][0m

    src/app/features/public/my-bookings/my-bookings.component.html:22:40:
[37m      22 │             [alt]="booking.siteCamping?.[32mnom[37m"
         ╵                                         [32m~~~[0m

  Error occurs in the template of component MyBookingsComponent.

    src/app/features/public/my-bookings/my-bookings.component.ts:11:15:
[37m      11 │   templateUrl: [32m'./my-bookings.component.html'[37m,
         ╵                [32m~~~~~~~~~~~~~~~~~~~~~~~~~~~~~~[0m


[33m▲ [43;33m[[43;30mWARNING[43;33m][0m [1mNG8107: The left side of this optional chain operation does not include 'null' or 'undefined' in its type, therefore the '?.' operator can be replaced with the '.' operator.[0m [1m[35m[plugin angular-compiler][0m

    src/app/features/public/my-bookings/my-bookings.component.html:42:42:
[37m      42 │               <h3>{{ booking.siteCamping?.[32mnom[37m }}</h3>
         ╵                                           [32m~~~[0m

  Error occurs in the template of component MyBookingsComponent.

    src/app/features/public/my-bookings/my-bookings.component.ts:11:15:
[37m      11 │   templateUrl: [32m'./my-bookings.component.html'[37m,
         ╵                [32m~~~~~~~~~~~~~~~~~~~~~~~~~~~~~~[0m


[33m▲ [43;33m[[43;30mWARNING[43;33m][0m [1mNG8107: The left side of this optional chain operation does not include 'null' or 'undefined' in its type, therefore the '?.' operator can be replaced with the '.' operator.[0m [1m[35m[plugin angular-compiler][0m

    src/app/features/public/my-bookings/my-bookings.component.html:43:58:
[37m      43 │ ...   <p class="location">{{ booking.siteCamping?.[32mlocalisation[37m }}</p>
         ╵                                                   [32m~~~~~~~~~~~~[0m

  Error occurs in the template of component MyBookingsComponent.

    src/app/features/public/my-bookings/my-bookings.component.ts:11:15:
[37m      11 │   templateUrl: [32m'./my-bookings.component.html'[37m,
         ╵                [32m~~~~~~~~~~~~~~~~~~~~~~~~~~~~~~[0m


[33m▲ [43;33m[[43;30mWARNING[43;33m][0m [1mNG8107: The left side of this optional chain operation does not include 'null' or 'undefined' in its type, therefore the '?.' operator can be replaced with the '.' operator.[0m [1m[35m[plugin angular-compiler][0m

    src/app/features/public/my-bookings/my-bookings.component.html:87:74:
[37m      87 │ ...outerLink]="['/public/site-booking', booking.siteCamping?.[32midSite[37m]"
         ╵                                                              [32m~~~~~~[0m

  Error occurs in the template of component MyBookingsComponent.

    src/app/features/public/my-bookings/my-bookings.component.ts:11:15:
[37m      11 │   templateUrl: [32m'./my-bookings.component.html'[37m,
         ╵                [32m~~~~~~~~~~~~~~~~~~~~~~~~~~~~~~[0m

[39m[22m
[1m[33m[33m▲ [43;33m[[43;30mWARNING[43;33m][0m [1mUnexpected "-xxl"[0m [css-syntax-error]

    src/assets/css/nicepage.css:7963:41:
[37m      7963 │   .u-expanded-width:not(.custom-expanded)[32m-xxl[37m {
           ╵                                          [32m~~~~[0m


[33m▲ [43;33m[[43;30mWARNING[43;33m][0m [1mUnexpected "-xl"[0m [css-syntax-error]

    src/assets/css/nicepage.css:7969:52:
[37m      7969 │   .u-xl-mode .u-expanded-width:not(.custom-expanded)[32m-xl[37m {
           ╵                                                     [32m~~~[0m


[33m▲ [43;33m[[43;30mWARNING[43;33m][0m [1mUnexpected "-xl"[0m [css-syntax-error]

    src/assets/css/nicepage.css:7975:53:
[37m      7975 │   .u-xxl-mode .u-expanded-width:not(.custom-expanded)[32m-xl[37m {
           ╵                                                      [32m~~~[0m


[33m▲ [43;33m[[43;30mWARNING[43;33m][0m [1mUnexpected "-lg"[0m [css-syntax-error]

    src/assets/css/nicepage.css:7981:41:
[37m      7981 │   .u-expanded-width:not(.custom-expanded)[32m-lg[37m {
           ╵                                          [32m~~~[0m


[33m▲ [43;33m[[43;30mWARNING[43;33m][0m [1mUnexpected "-md"[0m [css-syntax-error]

    src/assets/css/nicepage.css:7987:41:
[37m      7987 │   .u-expanded-width:not(.custom-expanded)[32m-md[37m {
           ╵                                          [32m~~~[0m


[33m▲ [43;33m[[43;30mWARNING[43;33m][0m [1mUnexpected "-sm"[0m [css-syntax-error]

    src/assets/css/nicepage.css:7993:41:
[37m      7993 │   .u-expanded-width:not(.custom-expanded)[32m-sm[37m {
           ╵                                          [32m~~~[0m


[33m▲ [43;33m[[43;30mWARNING[43;33m][0m [1mUnexpected "-xs"[0m [css-syntax-error]

    src/assets/css/nicepage.css:7999:41:
[37m      7999 │   .u-expanded-width:not(.custom-expanded)[32m-xs[37m {
           ╵                                          [32m~~~[0m


[33m▲ [43;33m[[43;30mWARNING[43;33m][0m [1mUnexpected "-xxl"[0m [css-syntax-error]

    src/assets/css/nicepage.css:8090:42:
[37m      8090 │   .u-expanded-height:not(.custom-expanded)[32m-xxl[37m {
           ╵                                           [32m~~~~[0m


[33m▲ [43;33m[[43;30mWARNING[43;33m][0m [1mUnexpected "-xl"[0m [css-syntax-error]

    src/assets/css/nicepage.css:8095:53:
[37m      8095 │   .u-xl-mode .u-expanded-height:not(.custom-expanded)[32m-xl[37m {
           ╵                                                      [32m~~~[0m


[33m▲ [43;33m[[43;30mWARNING[43;33m][0m [1mUnexpected "-xl"[0m [css-syntax-error]

    src/assets/css/nicepage.css:8100:54:
[37m      8100 │   .u-xxl-mode .u-expanded-height:not(.custom-expanded)[32m-xl[37m {
           ╵                                                       [32m~~~[0m


[33m▲ [43;33m[[43;30mWARNING[43;33m][0m [1mUnexpected "-lg"[0m [css-syntax-error]

    src/assets/css/nicepage.css:8105:42:
[37m      8105 │   .u-expanded-height:not(.custom-expanded)[32m-lg[37m {
           ╵                                           [32m~~~[0m


[33m▲ [43;33m[[43;30mWARNING[43;33m][0m [1mUnexpected "-md"[0m [css-syntax-error]

    src/assets/css/nicepage.css:8110:42:
[37m      8110 │   .u-expanded-height:not(.custom-expanded)[32m-md[37m {
           ╵                                           [32m~~~[0m


[33m▲ [43;33m[[43;30mWARNING[43;33m][0m [1mUnexpected "-sm"[0m [css-syntax-error]

    src/assets/css/nicepage.css:8115:42:
[37m      8115 │   .u-expanded-height:not(.custom-expanded)[32m-sm[37m {
           ╵                                           [32m~~~[0m


[33m▲ [43;33m[[43;30mWARNING[43;33m][0m [1mUnexpected "-xs"[0m [css-syntax-error]

    src/assets/css/nicepage.css:8120:42:
[37m      8120 │   .u-expanded-height:not(.custom-expanded)[32m-xs[37m {
           ╵                                           [32m~~~[0m


[33m▲ [43;33m[[43;30mWARNING[43;33m][0m [1mUnexpected "/"[0m [css-syntax-error]

    src/assets/css/nicepage.css:20056:155:
[37m      20056 │ ...E1MOmNvbS5hZG9iZS54bXAAAAAAADw[32m/[37meHBhY2tldCBiZWdpbj0i77u/IiBpZ...
            ╵                                  [32m^[0m


[33m▲ [43;33m[[43;30mWARNING[43;33m][0m [1mUnterminated string token[0m [css-syntax-error]

    src/assets/css/nicepage.css:20056:2701:
[37m      20056 │ ...BICAAAQEICGCX/hZgANzhlTFY6SDTAAAAAElFTkSuQmCC') 0 0 no-repeat;[32m[37m
            ╵                                                                  [32m^[0m


[33m▲ [43;33m[[43;30mWARNING[43;33m][0m [1mExpected identifier but found "."[0m [css-syntax-error]

    src/assets/css/nicepage.css:20063:2:
[37m      20063 │   [32m.[37mpswp--svg .pswp__button,
            ╵   [32m^[0m


[33m▲ [43;33m[[43;30mWARNING[43;33m][0m [1mUnterminated string token[0m [css-syntax-error]

    src/assets/css/nicepage.css:20064:2528:
[37m      20064 │ ...jEsNWwtMC45LDBsMC4xLTVMMTA5LDE5eiIvPg0KPC9nPg0KPC9zdmc+DQo=');[32m[37m
            ╵                                                                  [32m^[0m


[33m▲ [43;33m[[43;30mWARNING[43;33m][0m [1mUnexpected "}"[0m [css-syntax-error]

    src/assets/css/nicepage.css:20070:0:
[37m      20070 │ [32m}[37m
            ╵ [32m^[0m


[33m▲ [43;33m[[43;30mWARNING[43;33m][0m [1mExpected identifier but found whitespace[0m [css-syntax-error]

    src/assets/css/nicepage.css:20121:6:
[37m      20121 │   top:[32m[37m 35px;
            ╵       [32m^[0m


[33m▲ [43;33m[[43;30mWARNING[43;33m][0m [1mUnexpected "35px"[0m [css-syntax-error]

    src/assets/css/nicepage.css:20121:7:
[37m      20121 │   top: [32m35px[37m;
            ╵        [32m~~~~[0m


[33m▲ [43;33m[[43;30mWARNING[43;33m][0m [1mExpected identifier but found whitespace[0m [css-syntax-error]

    src/assets/css/nicepage.css:20207:10:
[37m      20207 │   display:[32m[37m block;
            ╵           [32m^[0m


[33m▲ [43;33m[[43;30mWARNING[43;33m][0m [1mUnexpected ";"[0m [css-syntax-error]

    src/assets/css/nicepage.css:20207:16:
[37m      20207 │   display: block[32m;[37m
            ╵                 [32m^[0m


[33m▲ [43;33m[[43;30mWARNING[43;33m][0m [1mUnexpected "}"[0m [css-syntax-error]

    src/assets/css/nicepage.css:23639:0:
[37m      23639 │ [32m}[37m
            ╵ [32m^[0m


[33m▲ [43;33m[[43;30mWARNING[43;33m][0m [1mNG8102: The left side of this nullish coalescing operation does not include 'null' or 'undefined' in its type, therefore the '??' operator can be safely removed.[0m [1m[35m[plugin angular-compiler][0m

    src/app/features/admin/avis/admin-avis-list/admin-avis-list.component.html:26:42:
[37m      26 │           [ngClass]="{ 'filled': star <= ([32mavis.note ?? 0[37m) }"
         ╵                                           [32m~~~~~~~~~~~~~~[0m

  Error occurs in the template of component AdminAvisListComponent.

    src/app/features/admin/avis/admin-avis-list/admin-avis-list.component.ts:10:15:
[37m      10 │   templateUrl: [32m'./admin-avis-list.component.html'[37m,
         ╵                [32m~~~~~~~~~~~~~~~~~~~~~~~~~~~~~~~~~~[0m


[33m▲ [43;33m[[43;30mWARNING[43;33m][0m [1mNG8107: The left side of this optional chain operation does not include 'null' or 'undefined' in its type, therefore the '?.' operator can be replaced with the '.' operator.[0m [1m[35m[plugin angular-compiler][0m

    src/app/features/admin/site-bookings/site-bookings.component.html:32:38:
[37m      32 │           <td>{{ booking.siteCamping?.[32mnom[37m }}</td>
         ╵                                       [32m~~~[0m

  Error occurs in the template of component SiteBookingsComponent.

    src/app/features/admin/site-bookings/site-bookings.component.ts:13:15:
[37m      13 │   templateUrl: [32m'./site-bookings.component.html'[37m,
         ╵                [32m~~~~~~~~~~~~~~~~~~~~~~~~~~~~~~~~[0m


[33m▲ [43;33m[[43;30mWARNING[43;33m][0m [1mNG8107: The left side of this optional chain operation does not include 'null' or 'undefined' in its type, therefore the '?.' operator can be replaced with the '.' operator.[0m [1m[35m[plugin angular-compiler][0m

    src/app/features/public/MarketPlace/liste-produit/liste-produit.component.html:25:33:
[37m      25 │           [src]="product.images?.[32mlength[37m
         ╵                                  [32m~~~~~~[0m

  Error occurs in the template of component ListeProduitComponent.

    src/app/features/public/MarketPlace/liste-produit/liste-produit.component.ts:13:15:
[37m      13 │   templateUrl: [32m'./liste-produit.component.html'[37m,
         ╵                [32m~~~~~~~~~~~~~~~~~~~~~~~~~~~~~~~~[0m


[33m▲ [43;33m[[43;30mWARNING[43;33m][0m [1mNG8102: The left side of this nullish coalescing operation does not include 'null' or 'undefined' in its type, therefore the '??' operator can be safely removed.[0m [1m[35m[plugin angular-compiler][0m

    src/app/features/public/camping-sites/camping-sites.component.html:47:42:
[37m      47 │ ...          <span class="info-value">{{ [32msite.capacite ?? 0[37m }}</span>
         ╵                                          [32m~~~~~~~~~~~~~~~~~~[0m

  Error occurs in the template of component CampingSitesComponent.

    src/app/features/public/camping-sites/camping-sites.component.ts:13:15:
[37m      13 │   templateUrl: [32m'./camping-sites.component.html'[37m,
         ╵                [32m~~~~~~~~~~~~~~~~~~~~~~~~~~~~~~~~[0m


[33m▲ [43;33m[[43;30mWARNING[43;33m][0m [1mTS-998113: AvisListComponent is not used within the template of CampingSitesComponent[0m [1m[35m[plugin angular-compiler][0m

    src/app/features/public/camping-sites/camping-sites.component.ts:12:40:
[37m      12 │ ...[CommonModule, RouterModule, [32mAvisListComponent[37m, AddAvisComponent],
         ╵                                 [32m~~~~~~~~~~~~~~~~~[0m


[33m▲ [43;33m[[43;30mWARNING[43;33m][0m [1mTS-998113: AddAvisComponent is not used within the template of CampingSitesComponent[0m [1m[35m[plugin angular-compiler][0m

    src/app/features/public/camping-sites/camping-sites.component.ts:12:59:
[37m      12 │ ...[CommonModule, RouterModule, AvisListComponent, [32mAddAvisComponent[37m],
         ╵                                                    [32m~~~~~~~~~~~~~~~~[0m


[33m▲ [43;33m[[43;30mWARNING[43;33m][0m [1mNG8107: The left side of this optional chain operation does not include 'null' or 'undefined' in its type, therefore the '?.' operator can be replaced with the '.' operator.[0m [1m[35m[plugin angular-compiler][0m

    src/app/features/public/my-bookings/my-bookings.component.html:21:40:
[37m      21 │ ...[src]="booking.siteCamping?.[32mimageUrl[37m || 'assets/images/default-...
         ╵                                [32m~~~~~~~~[0m

  Error occurs in the template of component MyBookingsComponent.

    src/app/features/public/my-bookings/my-bookings.component.ts:11:15:
[37m      11 │   templateUrl: [32m'./my-bookings.component.html'[37m,
         ╵                [32m~~~~~~~~~~~~~~~~~~~~~~~~~~~~~~[0m


[33m▲ [43;33m[[43;30mWARNING[43;33m][0m [1mNG8107: The left side of this optional chain operation does not include 'null' or 'undefined' in its type, therefore the '?.' operator can be replaced with the '.' operator.[0m [1m[35m[plugin angular-compiler][0m

    src/app/features/public/my-bookings/my-bookings.component.html:22:40:
[37m      22 │             [alt]="booking.siteCamping?.[32mnom[37m"
         ╵                                         [32m~~~[0m

  Error occurs in the template of component MyBookingsComponent.

    src/app/features/public/my-bookings/my-bookings.component.ts:11:15:
[37m      11 │   templateUrl: [32m'./my-bookings.component.html'[37m,
         ╵                [32m~~~~~~~~~~~~~~~~~~~~~~~~~~~~~~[0m


[33m▲ [43;33m[[43;30mWARNING[43;33m][0m [1mNG8107: The left side of this optional chain operation does not include 'null' or 'undefined' in its type, therefore the '?.' operator can be replaced with the '.' operator.[0m [1m[35m[plugin angular-compiler][0m

    src/app/features/public/my-bookings/my-bookings.component.html:42:42:
[37m      42 │               <h3>{{ booking.siteCamping?.[32mnom[37m }}</h3>
         ╵                                           [32m~~~[0m

  Error occurs in the template of component MyBookingsComponent.

    src/app/features/public/my-bookings/my-bookings.component.ts:11:15:
[37m      11 │   templateUrl: [32m'./my-bookings.component.html'[37m,
         ╵                [32m~~~~~~~~~~~~~~~~~~~~~~~~~~~~~~[0m


[33m▲ [43;33m[[43;30mWARNING[43;33m][0m [1mNG8107: The left side of this optional chain operation does not include 'null' or 'undefined' in its type, therefore the '?.' operator can be replaced with the '.' operator.[0m [1m[35m[plugin angular-compiler][0m

    src/app/features/public/my-bookings/my-bookings.component.html:43:58:
[37m      43 │ ...   <p class="location">{{ booking.siteCamping?.[32mlocalisation[37m }}</p>
         ╵                                                   [32m~~~~~~~~~~~~[0m

  Error occurs in the template of component MyBookingsComponent.

    src/app/features/public/my-bookings/my-bookings.component.ts:11:15:
[37m      11 │   templateUrl: [32m'./my-bookings.component.html'[37m,
         ╵                [32m~~~~~~~~~~~~~~~~~~~~~~~~~~~~~~[0m


[33m▲ [43;33m[[43;30mWARNING[43;33m][0m [1mNG8107: The left side of this optional chain operation does not include 'null' or 'undefined' in its type, therefore the '?.' operator can be replaced with the '.' operator.[0m [1m[35m[plugin angular-compiler][0m

    src/app/features/public/my-bookings/my-bookings.component.html:87:74:
[37m      87 │ ...outerLink]="['/public/site-booking', booking.siteCamping?.[32midSite[37m]"
         ╵                                                              [32m~~~~~~[0m

  Error occurs in the template of component MyBookingsComponent.

    src/app/features/public/my-bookings/my-bookings.component.ts:11:15:
[37m      11 │   templateUrl: [32m'./my-bookings.component.html'[37m,
         ╵                [32m~~~~~~~~~~~~~~~~~~~~~~~~~~~~~~[0m

[39m[22m
[1m[33m[33m▲ [43;33m[[43;30mWARNING[43;33m][0m [1mUnexpected "-xxl"[0m [css-syntax-error]

    src/assets/css/nicepage.css:7963:41:
[37m      7963 │   .u-expanded-width:not(.custom-expanded)[32m-xxl[37m {
           ╵                                          [32m~~~~[0m


[33m▲ [43;33m[[43;30mWARNING[43;33m][0m [1mUnexpected "-xl"[0m [css-syntax-error]

    src/assets/css/nicepage.css:7969:52:
[37m      7969 │   .u-xl-mode .u-expanded-width:not(.custom-expanded)[32m-xl[37m {
           ╵                                                     [32m~~~[0m


[33m▲ [43;33m[[43;30mWARNING[43;33m][0m [1mUnexpected "-xl"[0m [css-syntax-error]

    src/assets/css/nicepage.css:7975:53:
[37m      7975 │   .u-xxl-mode .u-expanded-width:not(.custom-expanded)[32m-xl[37m {
           ╵                                                      [32m~~~[0m


[33m▲ [43;33m[[43;30mWARNING[43;33m][0m [1mUnexpected "-lg"[0m [css-syntax-error]

    src/assets/css/nicepage.css:7981:41:
[37m      7981 │   .u-expanded-width:not(.custom-expanded)[32m-lg[37m {
           ╵                                          [32m~~~[0m


[33m▲ [43;33m[[43;30mWARNING[43;33m][0m [1mUnexpected "-md"[0m [css-syntax-error]

    src/assets/css/nicepage.css:7987:41:
[37m      7987 │   .u-expanded-width:not(.custom-expanded)[32m-md[37m {
           ╵                                          [32m~~~[0m


[33m▲ [43;33m[[43;30mWARNING[43;33m][0m [1mUnexpected "-sm"[0m [css-syntax-error]

    src/assets/css/nicepage.css:7993:41:
[37m      7993 │   .u-expanded-width:not(.custom-expanded)[32m-sm[37m {
           ╵                                          [32m~~~[0m


[33m▲ [43;33m[[43;30mWARNING[43;33m][0m [1mUnexpected "-xs"[0m [css-syntax-error]

    src/assets/css/nicepage.css:7999:41:
[37m      7999 │   .u-expanded-width:not(.custom-expanded)[32m-xs[37m {
           ╵                                          [32m~~~[0m


[33m▲ [43;33m[[43;30mWARNING[43;33m][0m [1mUnexpected "-xxl"[0m [css-syntax-error]

    src/assets/css/nicepage.css:8090:42:
[37m      8090 │   .u-expanded-height:not(.custom-expanded)[32m-xxl[37m {
           ╵                                           [32m~~~~[0m


[33m▲ [43;33m[[43;30mWARNING[43;33m][0m [1mUnexpected "-xl"[0m [css-syntax-error]

    src/assets/css/nicepage.css:8095:53:
[37m      8095 │   .u-xl-mode .u-expanded-height:not(.custom-expanded)[32m-xl[37m {
           ╵                                                      [32m~~~[0m


[33m▲ [43;33m[[43;30mWARNING[43;33m][0m [1mUnexpected "-xl"[0m [css-syntax-error]

    src/assets/css/nicepage.css:8100:54:
[37m      8100 │   .u-xxl-mode .u-expanded-height:not(.custom-expanded)[32m-xl[37m {
           ╵                                                       [32m~~~[0m


[33m▲ [43;33m[[43;30mWARNING[43;33m][0m [1mUnexpected "-lg"[0m [css-syntax-error]

    src/assets/css/nicepage.css:8105:42:
[37m      8105 │   .u-expanded-height:not(.custom-expanded)[32m-lg[37m {
           ╵                                           [32m~~~[0m


[33m▲ [43;33m[[43;30mWARNING[43;33m][0m [1mUnexpected "-md"[0m [css-syntax-error]

    src/assets/css/nicepage.css:8110:42:
[37m      8110 │   .u-expanded-height:not(.custom-expanded)[32m-md[37m {
           ╵                                           [32m~~~[0m


[33m▲ [43;33m[[43;30mWARNING[43;33m][0m [1mUnexpected "-sm"[0m [css-syntax-error]

    src/assets/css/nicepage.css:8115:42:
[37m      8115 │   .u-expanded-height:not(.custom-expanded)[32m-sm[37m {
           ╵                                           [32m~~~[0m


[33m▲ [43;33m[[43;30mWARNING[43;33m][0m [1mUnexpected "-xs"[0m [css-syntax-error]

    src/assets/css/nicepage.css:8120:42:
[37m      8120 │   .u-expanded-height:not(.custom-expanded)[32m-xs[37m {
           ╵                                           [32m~~~[0m


[33m▲ [43;33m[[43;30mWARNING[43;33m][0m [1mUnexpected "/"[0m [css-syntax-error]

    src/assets/css/nicepage.css:20056:155:
[37m      20056 │ ...E1MOmNvbS5hZG9iZS54bXAAAAAAADw[32m/[37meHBhY2tldCBiZWdpbj0i77u/IiBpZ...
            ╵                                  [32m^[0m


[33m▲ [43;33m[[43;30mWARNING[43;33m][0m [1mUnterminated string token[0m [css-syntax-error]

    src/assets/css/nicepage.css:20056:2701:
[37m      20056 │ ...BICAAAQEICGCX/hZgANzhlTFY6SDTAAAAAElFTkSuQmCC') 0 0 no-repeat;[32m[37m
            ╵                                                                  [32m^[0m


[33m▲ [43;33m[[43;30mWARNING[43;33m][0m [1mExpected identifier but found "."[0m [css-syntax-error]

    src/assets/css/nicepage.css:20063:2:
[37m      20063 │   [32m.[37mpswp--svg .pswp__button,
            ╵   [32m^[0m


[33m▲ [43;33m[[43;30mWARNING[43;33m][0m [1mUnterminated string token[0m [css-syntax-error]

    src/assets/css/nicepage.css:20064:2528:
[37m      20064 │ ...jEsNWwtMC45LDBsMC4xLTVMMTA5LDE5eiIvPg0KPC9nPg0KPC9zdmc+DQo=');[32m[37m
            ╵                                                                  [32m^[0m


[33m▲ [43;33m[[43;30mWARNING[43;33m][0m [1mUnexpected "}"[0m [css-syntax-error]

    src/assets/css/nicepage.css:20070:0:
[37m      20070 │ [32m}[37m
            ╵ [32m^[0m


[33m▲ [43;33m[[43;30mWARNING[43;33m][0m [1mExpected identifier but found whitespace[0m [css-syntax-error]

    src/assets/css/nicepage.css:20121:6:
[37m      20121 │   top:[32m[37m 35px;
            ╵       [32m^[0m


[33m▲ [43;33m[[43;30mWARNING[43;33m][0m [1mUnexpected "35px"[0m [css-syntax-error]

    src/assets/css/nicepage.css:20121:7:
[37m      20121 │   top: [32m35px[37m;
            ╵        [32m~~~~[0m


[33m▲ [43;33m[[43;30mWARNING[43;33m][0m [1mExpected identifier but found whitespace[0m [css-syntax-error]

    src/assets/css/nicepage.css:20207:10:
[37m      20207 │   display:[32m[37m block;
            ╵           [32m^[0m


[33m▲ [43;33m[[43;30mWARNING[43;33m][0m [1mUnexpected ";"[0m [css-syntax-error]

    src/assets/css/nicepage.css:20207:16:
[37m      20207 │   display: block[32m;[37m
            ╵                 [32m^[0m


[33m▲ [43;33m[[43;30mWARNING[43;33m][0m [1mUnexpected "}"[0m [css-syntax-error]

    src/assets/css/nicepage.css:23639:0:
[37m      23639 │ [32m}[37m
            ╵ [32m^[0m


[33m▲ [43;33m[[43;30mWARNING[43;33m][0m [1mNG8102: The left side of this nullish coalescing operation does not include 'null' or 'undefined' in its type, therefore the '??' operator can be safely removed.[0m [1m[35m[plugin angular-compiler][0m

    src/app/features/admin/avis/admin-avis-list/admin-avis-list.component.html:26:42:
[37m      26 │           [ngClass]="{ 'filled': star <= ([32mavis.note ?? 0[37m) }"
         ╵                                           [32m~~~~~~~~~~~~~~[0m

  Error occurs in the template of component AdminAvisListComponent.

    src/app/features/admin/avis/admin-avis-list/admin-avis-list.component.ts:10:15:
[37m      10 │   templateUrl: [32m'./admin-avis-list.component.html'[37m,
         ╵                [32m~~~~~~~~~~~~~~~~~~~~~~~~~~~~~~~~~~[0m


[33m▲ [43;33m[[43;30mWARNING[43;33m][0m [1mNG8107: The left side of this optional chain operation does not include 'null' or 'undefined' in its type, therefore the '?.' operator can be replaced with the '.' operator.[0m [1m[35m[plugin angular-compiler][0m

    src/app/features/admin/site-bookings/site-bookings.component.html:32:38:
[37m      32 │           <td>{{ booking.siteCamping?.[32mnom[37m }}</td>
         ╵                                       [32m~~~[0m

  Error occurs in the template of component SiteBookingsComponent.

    src/app/features/admin/site-bookings/site-bookings.component.ts:13:15:
[37m      13 │   templateUrl: [32m'./site-bookings.component.html'[37m,
         ╵                [32m~~~~~~~~~~~~~~~~~~~~~~~~~~~~~~~~[0m


[33m▲ [43;33m[[43;30mWARNING[43;33m][0m [1mNG8107: The left side of this optional chain operation does not include 'null' or 'undefined' in its type, therefore the '?.' operator can be replaced with the '.' operator.[0m [1m[35m[plugin angular-compiler][0m

    src/app/features/public/MarketPlace/liste-produit/liste-produit.component.html:25:33:
[37m      25 │           [src]="product.images?.[32mlength[37m
         ╵                                  [32m~~~~~~[0m

  Error occurs in the template of component ListeProduitComponent.

    src/app/features/public/MarketPlace/liste-produit/liste-produit.component.ts:13:15:
[37m      13 │   templateUrl: [32m'./liste-produit.component.html'[37m,
         ╵                [32m~~~~~~~~~~~~~~~~~~~~~~~~~~~~~~~~[0m


[33m▲ [43;33m[[43;30mWARNING[43;33m][0m [1mNG8102: The left side of this nullish coalescing operation does not include 'null' or 'undefined' in its type, therefore the '??' operator can be safely removed.[0m [1m[35m[plugin angular-compiler][0m

    src/app/features/public/camping-sites/camping-sites.component.html:47:42:
[37m      47 │ ...          <span class="info-value">{{ [32msite.capacite ?? 0[37m }}</span>
         ╵                                          [32m~~~~~~~~~~~~~~~~~~[0m

  Error occurs in the template of component CampingSitesComponent.

    src/app/features/public/camping-sites/camping-sites.component.ts:13:15:
[37m      13 │   templateUrl: [32m'./camping-sites.component.html'[37m,
         ╵                [32m~~~~~~~~~~~~~~~~~~~~~~~~~~~~~~~~[0m


[33m▲ [43;33m[[43;30mWARNING[43;33m][0m [1mTS-998113: AvisListComponent is not used within the template of CampingSitesComponent[0m [1m[35m[plugin angular-compiler][0m

    src/app/features/public/camping-sites/camping-sites.component.ts:12:40:
[37m      12 │ ...[CommonModule, RouterModule, [32mAvisListComponent[37m, AddAvisComponent],
         ╵                                 [32m~~~~~~~~~~~~~~~~~[0m


[33m▲ [43;33m[[43;30mWARNING[43;33m][0m [1mTS-998113: AddAvisComponent is not used within the template of CampingSitesComponent[0m [1m[35m[plugin angular-compiler][0m

    src/app/features/public/camping-sites/camping-sites.component.ts:12:59:
[37m      12 │ ...[CommonModule, RouterModule, AvisListComponent, [32mAddAvisComponent[37m],
         ╵                                                    [32m~~~~~~~~~~~~~~~~[0m


[33m▲ [43;33m[[43;30mWARNING[43;33m][0m [1mNG8107: The left side of this optional chain operation does not include 'null' or 'undefined' in its type, therefore the '?.' operator can be replaced with the '.' operator.[0m [1m[35m[plugin angular-compiler][0m

    src/app/features/public/my-bookings/my-bookings.component.html:21:40:
[37m      21 │ ...[src]="booking.siteCamping?.[32mimageUrl[37m || 'assets/images/default-...
         ╵                                [32m~~~~~~~~[0m

  Error occurs in the template of component MyBookingsComponent.

    src/app/features/public/my-bookings/my-bookings.component.ts:11:15:
[37m      11 │   templateUrl: [32m'./my-bookings.component.html'[37m,
         ╵                [32m~~~~~~~~~~~~~~~~~~~~~~~~~~~~~~[0m


[33m▲ [43;33m[[43;30mWARNING[43;33m][0m [1mNG8107: The left side of this optional chain operation does not include 'null' or 'undefined' in its type, therefore the '?.' operator can be replaced with the '.' operator.[0m [1m[35m[plugin angular-compiler][0m

    src/app/features/public/my-bookings/my-bookings.component.html:22:40:
[37m      22 │             [alt]="booking.siteCamping?.[32mnom[37m"
         ╵                                         [32m~~~[0m

  Error occurs in the template of component MyBookingsComponent.

    src/app/features/public/my-bookings/my-bookings.component.ts:11:15:
[37m      11 │   templateUrl: [32m'./my-bookings.component.html'[37m,
         ╵                [32m~~~~~~~~~~~~~~~~~~~~~~~~~~~~~~[0m


[33m▲ [43;33m[[43;30mWARNING[43;33m][0m [1mNG8107: The left side of this optional chain operation does not include 'null' or 'undefined' in its type, therefore the '?.' operator can be replaced with the '.' operator.[0m [1m[35m[plugin angular-compiler][0m

    src/app/features/public/my-bookings/my-bookings.component.html:42:42:
[37m      42 │               <h3>{{ booking.siteCamping?.[32mnom[37m }}</h3>
         ╵                                           [32m~~~[0m

  Error occurs in the template of component MyBookingsComponent.

    src/app/features/public/my-bookings/my-bookings.component.ts:11:15:
[37m      11 │   templateUrl: [32m'./my-bookings.component.html'[37m,
         ╵                [32m~~~~~~~~~~~~~~~~~~~~~~~~~~~~~~[0m


[33m▲ [43;33m[[43;30mWARNING[43;33m][0m [1mNG8107: The left side of this optional chain operation does not include 'null' or 'undefined' in its type, therefore the '?.' operator can be replaced with the '.' operator.[0m [1m[35m[plugin angular-compiler][0m

    src/app/features/public/my-bookings/my-bookings.component.html:43:58:
[37m      43 │ ...   <p class="location">{{ booking.siteCamping?.[32mlocalisation[37m }}</p>
         ╵                                                   [32m~~~~~~~~~~~~[0m

  Error occurs in the template of component MyBookingsComponent.

    src/app/features/public/my-bookings/my-bookings.component.ts:11:15:
[37m      11 │   templateUrl: [32m'./my-bookings.component.html'[37m,
         ╵                [32m~~~~~~~~~~~~~~~~~~~~~~~~~~~~~~[0m


[33m▲ [43;33m[[43;30mWARNING[43;33m][0m [1mNG8107: The left side of this optional chain operation does not include 'null' or 'undefined' in its type, therefore the '?.' operator can be replaced with the '.' operator.[0m [1m[35m[plugin angular-compiler][0m

    src/app/features/public/my-bookings/my-bookings.component.html:87:74:
[37m      87 │ ...outerLink]="['/public/site-booking', booking.siteCamping?.[32midSite[37m]"
         ╵                                                              [32m~~~~~~[0m

  Error occurs in the template of component MyBookingsComponent.

    src/app/features/public/my-bookings/my-bookings.component.ts:11:15:
[37m      11 │   templateUrl: [32m'./my-bookings.component.html'[37m,
         ╵                [32m~~~~~~~~~~~~~~~~~~~~~~~~~~~~~~[0m

[39m[22m
[1m[31m[31mX [41;31m[[41;97mERROR[41;31m][0m [1mSyntax error ";"[0m

    src/app/features/public/formations/services/formation-media.service.ts:43:5:
[37m      43 │     #[32m[37m;
         ╵      [32m^[0m


[31mX [41;31m[[41;97mERROR[41;31m][0m [1mTS7008: Member '#okkkkkkkkkkkkkkkkkkkkkkkkkkk' implicitly has an 'any' type.[0m [1m[35m[plugin angular-compiler][0m

    src/app/features/public/formations/services/formation-media.service.ts:47:0:
[37m      47 │ [32m#okkkkkkkkkkkkkkkkkkkkkkkkkkk[37m#
         ╵ [32m~~~~~~~~~~~~~~~~~~~~~~~~~~~~~[0m


[31mX [41;31m[[41;97mERROR[41;31m][0m [1mTS1127: Invalid character.[0m [1m[35m[plugin angular-compiler][0m

    src/app/features/public/formations/services/formation-media.service.ts:47:29:
[37m      47 │ #okkkkkkkkkkkkkkkkkkkkkkkkkkk[32m#[37m
         ╵                              [32m^[0m


[31mX [41;31m[[41;97mERROR[41;31m][0m [1mTS7008: Member '#' implicitly has an 'any' type.[0m [1m[35m[plugin angular-compiler][0m

    src/app/features/public/formations/services/formation-media.service.ts:47:29:
[37m      47 │ #okkkkkkkkkkkkkkkkkkkkkkkkkkk[32m#[37m
         ╵                              [32m^[0m

[39m[22m
