[INFO] Scanning for projects...
[INFO] 
[INFO] -----------------------< com.esprit:campConnect >-----------------------
[INFO] Building campConnect 0.0.1-SNAPSHOT
[INFO]   from pom.xml
[INFO] --------------------------------[ jar ]---------------------------------
[INFO] 
[INFO] >>> spring-boot:3.4.12:run (default-cli) > test-compile @ campConnect >>>
[INFO] 
[INFO] --- resources:3.3.1:resources (default-resources) @ campConnect ---
[INFO] Copying 2 resources from src\main\resources to target\classes
[INFO] Copying 0 resource from src\main\resources to target\classes
[INFO] 
[INFO] --- compiler:3.13.0:compile (default-compile) @ campConnect ---
[INFO] Nothing to compile - all classes are up to date.
[INFO] 
[INFO] --- resources:3.3.1:testResources (default-testResources) @ campConnect ---
[INFO] skip non existing resourceDirectory E:\Nouveau dossier\campConnect_backend-main (2)\campConnect_backend-main\src\test\resources
[INFO] 
[INFO] --- compiler:3.13.0:testCompile (default-testCompile) @ campConnect ---
[INFO] Nothing to compile - all classes are up to date.
[INFO] 
[INFO] <<< spring-boot:3.4.12:run (default-cli) < test-compile @ campConnect <<<
[INFO] 
[INFO] 
[INFO] --- spring-boot:3.4.12:run (default-cli) @ campConnect ---
[INFO] Attaching agents: []

  .   ____          _            __ _ _
 /\\ / ___'_ __ _ _(_)_ __  __ _ \ \ \ \
( ( )\___ | '_ | '_| | '_ \/ _` | \ \ \ \
 \\/  ___)| |_)| | | | | || (_| |  ) ) ) )
  '  |____| .__|_| |_|_| |_\__, | / / / /
 =========|_|==============|___/=/_/_/_/

 :: Spring Boot ::               (v3.4.12)

2026-04-22T09:32:57.419+01:00  INFO 12756 --- [campConnect] [           main] c.e.campconnect.CampConnectApplication   : Starting CampConnectApplication using Java 17.0.18 with PID 12756 (E:\Nouveau dossier\campConnect_backend-main (2)\campConnect_backend-main\target\classes started by User in E:\Nouveau dossier\campConnect_backend-main (2)\campConnect_backend-main)
2026-04-22T09:32:57.422+01:00  INFO 12756 --- [campConnect] [           main] c.e.campconnect.CampConnectApplication   : No active profile set, falling back to 1 default profile: "default"
2026-04-22T09:32:57.425+01:00 DEBUG 12756 --- [campConnect] [           main] o.s.boot.SpringApplication               : Loading source class com.esprit.campconnect.CampConnectApplication
2026-04-22T09:32:57.455+01:00 DEBUG 12756 --- [campConnect] [           main] ConfigServletWebServerApplicationContext : Refreshing org.springframework.boot.web.servlet.context.AnnotationConfigServletWebServerApplicationContext@1e4d3ce5
2026-04-22T09:32:58.356+01:00  INFO 12756 --- [campConnect] [           main] .s.d.r.c.RepositoryConfigurationDelegate : Bootstrapping Spring Data JPA repositories in DEFAULT mode.
2026-04-22T09:32:58.377+01:00 DEBUG 12756 --- [campConnect] [           main] o.s.b.a.AutoConfigurationPackages        : @EnableAutoConfiguration was declared on a class in the package 'com.esprit.campconnect'. Automatic @Repository and @Entity scanning is enabled.
2026-04-22T09:32:58.676+01:00  INFO 12756 --- [campConnect] [           main] .s.d.r.c.RepositoryConfigurationDelegate : Finished Spring Data repository scanning in 306 ms. Found 32 JPA repository interfaces.
2026-04-22T09:32:59.162+01:00 DEBUG 12756 --- [campConnect] [           main] .s.b.w.e.t.TomcatServletWebServerFactory : Code archive: C:\Users\User\.m2\repository\org\springframework\boot\spring-boot\3.4.12\spring-boot-3.4.12.jar
2026-04-22T09:32:59.164+01:00 DEBUG 12756 --- [campConnect] [           main] .s.b.w.e.t.TomcatServletWebServerFactory : Code archive: C:\Users\User\.m2\repository\org\springframework\boot\spring-boot\3.4.12\spring-boot-3.4.12.jar
2026-04-22T09:32:59.166+01:00 DEBUG 12756 --- [campConnect] [           main] .s.b.w.e.t.TomcatServletWebServerFactory : None of the document roots [src/main/webapp, public, static] point to a directory and will be ignored.
2026-04-22T09:32:59.188+01:00  INFO 12756 --- [campConnect] [           main] o.s.b.w.embedded.tomcat.TomcatWebServer  : Tomcat initialized with port 0 (http)
2026-04-22T09:32:59.201+01:00  INFO 12756 --- [campConnect] [           main] o.apache.catalina.core.StandardService   : Starting service [Tomcat]
2026-04-22T09:32:59.203+01:00  INFO 12756 --- [campConnect] [           main] o.apache.catalina.core.StandardEngine    : Starting Servlet engine: [Apache Tomcat/10.1.49]
2026-04-22T09:32:59.268+01:00  INFO 12756 --- [campConnect] [           main] o.a.c.c.C.[Tomcat].[localhost].[/api]    : Initializing Spring embedded WebApplicationContext
2026-04-22T09:32:59.270+01:00 DEBUG 12756 --- [campConnect] [           main] w.s.c.ServletWebServerApplicationContext : Published root WebApplicationContext as ServletContext attribute with name [org.springframework.web.context.WebApplicationContext.ROOT]
2026-04-22T09:32:59.272+01:00  INFO 12756 --- [campConnect] [           main] w.s.c.ServletWebServerApplicationContext : Root WebApplicationContext: initialization completed in 1817 ms
2026-04-22T09:32:59.454+01:00  INFO 12756 --- [campConnect] [           main] o.hibernate.jpa.internal.util.LogHelper  : HHH000204: Processing PersistenceUnitInfo [name: default]
2026-04-22T09:32:59.497+01:00  INFO 12756 --- [campConnect] [           main] org.hibernate.Version                    : HHH000412: Hibernate ORM core version 6.6.36.Final
2026-04-22T09:32:59.520+01:00  INFO 12756 --- [campConnect] [           main] o.h.c.internal.RegionFactoryInitiator    : HHH000026: Second-level cache disabled
2026-04-22T09:32:59.701+01:00  INFO 12756 --- [campConnect] [           main] o.s.o.j.p.SpringPersistenceUnitInfo      : No LoadTimeWeaver setup: ignoring JPA class transformer
2026-04-22T09:32:59.723+01:00  INFO 12756 --- [campConnect] [           main] com.zaxxer.hikari.HikariDataSource       : HikariPool-1 - Starting...
2026-04-22T09:32:59.838+01:00  INFO 12756 --- [campConnect] [           main] com.zaxxer.hikari.pool.HikariPool        : HikariPool-1 - Added connection com.mysql.cj.jdbc.ConnectionImpl@294c44b7
2026-04-22T09:32:59.841+01:00  INFO 12756 --- [campConnect] [           main] com.zaxxer.hikari.HikariDataSource       : HikariPool-1 - Start completed.
2026-04-22T09:32:59.891+01:00  WARN 12756 --- [campConnect] [           main] org.hibernate.dialect.Dialect            : HHH000511: The 5.5.5 version for [org.hibernate.dialect.MySQLDialect] is no longer supported, hence certain features may not work properly. The minimum supported version is 8.0.0. Check the community dialects project for available legacy versions.
2026-04-22T09:32:59.916+01:00  INFO 12756 --- [campConnect] [           main] org.hibernate.orm.connections.pooling    : HHH10001005: Database info:
	Database JDBC URL [Connecting through datasource 'HikariDataSource (HikariPool-1)']
	Database driver: undefined/unknown
	Database version: 5.5.5
	Autocommit mode: undefined/unknown
	Isolation level: undefined/unknown
	Minimum pool size: undefined/unknown
	Maximum pool size: undefined/unknown
2026-04-22T09:33:01.139+01:00  INFO 12756 --- [campConnect] [           main] o.h.e.t.j.p.i.JtaPlatformInitiator       : HHH000489: No JTA platform available (set 'hibernate.transaction.jta.platform' to enable JTA platform integration)
2026-04-22T09:33:01.383+01:00  INFO 12756 --- [campConnect] [           main] j.LocalContainerEntityManagerFactoryBean : Initialized JPA EntityManagerFactory for persistence unit 'default'
2026-04-22T09:33:01.605+01:00 DEBUG 12756 --- [campConnect] [           main] o.s.b.w.s.ServletContextInitializerBeans : Mapping filters: springSecurityFilterChain urls=[/*] order=-100, characterEncodingFilter urls=[/*] order=-2147483648, formContentFilter urls=[/*] order=-9900, requestContextFilter urls=[/*] order=-105, jwtAuthenticationFilter urls=[/*] order=2147483647
2026-04-22T09:33:01.606+01:00 DEBUG 12756 --- [campConnect] [           main] o.s.b.w.s.ServletContextInitializerBeans : Mapping servlets: dispatcherServlet urls=[/]
2026-04-22T09:33:01.625+01:00 DEBUG 12756 --- [campConnect] [           main] o.s.b.w.s.f.OrderedRequestContextFilter  : Filter 'requestContextFilter' configured for use
2026-04-22T09:33:01.628+01:00 DEBUG 12756 --- [campConnect] [           main] s.b.w.s.f.OrderedCharacterEncodingFilter : Filter 'characterEncodingFilter' configured for use
2026-04-22T09:33:01.631+01:00 DEBUG 12756 --- [campConnect] [           main] .DelegatingFilterProxyRegistrationBean$1 : Filter 'springSecurityFilterChain' configured for use
2026-04-22T09:33:01.634+01:00 DEBUG 12756 --- [campConnect] [           main] o.s.b.w.s.f.OrderedFormContentFilter     : Filter 'formContentFilter' configured for use
2026-04-22T09:33:01.786+01:00  INFO 12756 --- [campConnect] [           main] eAuthenticationProviderManagerConfigurer : Global AuthenticationManager configured with AuthenticationProvider bean with name authenticationProvider
2026-04-22T09:33:01.788+01:00  WARN 12756 --- [campConnect] [           main] r$InitializeUserDetailsManagerConfigurer : Global AuthenticationManager configured with an AuthenticationProvider bean. UserDetailsService beans will not be used by Spring Security for automatically configuring username/password login. Consider removing the AuthenticationProvider bean. Alternatively, consider using the UserDetailsService in a manually instantiated DaoAuthenticationProvider. If the current configuration is intentional, to turn off this warning, increase the logging level of 'org.springframework.security.config.annotation.authentication.configuration.InitializeUserDetailsBeanManagerConfigurer' to ERROR
2026-04-22T09:33:02.127+01:00  INFO 12756 --- [campConnect] [           main] o.s.d.j.r.query.QueryEnhancerFactory     : Hibernate is in classpath; If applicable, HQL parser will be used.
2026-04-22T09:33:03.841+01:00  WARN 12756 --- [campConnect] [           main] JpaBaseConfiguration$JpaWebConfiguration : spring.jpa.open-in-view is enabled by default. Therefore, database queries may be performed during view rendering. Explicitly configure spring.jpa.open-in-view to disable this warning
2026-04-22T09:33:04.043+01:00 DEBUG 12756 --- [campConnect] [           main] s.w.s.m.m.a.RequestMappingHandlerMapping : 267 mappings in 'requestMappingHandlerMapping'
2026-04-22T09:33:04.121+01:00 DEBUG 12756 --- [campConnect] [           main] o.s.w.s.handler.SimpleUrlHandlerMapping  : Patterns [/webjars/**, /**, /uploads/**, /swagger-ui*/*swagger-initializer.js, /swagger-ui*/**] in 'resourceHandlerMapping'
2026-04-22T09:33:04.267+01:00 DEBUG 12756 --- [campConnect] [           main] s.w.s.m.m.a.RequestMappingHandlerAdapter : ControllerAdvice beans: 0 @ModelAttribute, 0 @InitBinder, 1 RequestBodyAdvice, 1 ResponseBodyAdvice
2026-04-22T09:33:04.323+01:00 DEBUG 12756 --- [campConnect] [           main] .m.m.a.ExceptionHandlerExceptionResolver : ControllerAdvice beans: 2 @ExceptionHandler, 1 ResponseBodyAdvice
2026-04-22T09:33:04.525+01:00  INFO 12756 --- [campConnect] [           main] o.s.b.w.embedded.tomcat.TomcatWebServer  : Tomcat started on port 58565 (http) with context path '/api'
2026-04-22T09:33:04.541+01:00 DEBUG 12756 --- [campConnect] [           main] .s.b.a.l.ConditionEvaluationReportLogger : 


============================
CONDITIONS EVALUATION REPORT
============================


Positive matches:
-----------------

   AopAutoConfiguration matched:
      - @ConditionalOnProperty (spring.aop.auto=true) matched (OnPropertyCondition)

   AopAutoConfiguration.AspectJAutoProxyingConfiguration matched:
      - @ConditionalOnClass found required class 'org.aspectj.weaver.Advice' (OnClassCondition)

   AopAutoConfiguration.AspectJAutoProxyingConfiguration.CglibAutoProxyConfiguration matched:
      - @ConditionalOnProperty (spring.aop.proxy-target-class=true) matched (OnPropertyCondition)

   ApplicationAvailabilityAutoConfiguration#applicationAvailability matched:
      - @ConditionalOnMissingBean (types: org.springframework.boot.availability.ApplicationAvailability; SearchStrategy: all) did not find any beans (OnBeanCondition)

   DataSourceAutoConfiguration matched:
      - @ConditionalOnClass found required classes 'javax.sql.DataSource', 'org.springframework.jdbc.datasource.embedded.EmbeddedDatabaseType' (OnClassCondition)
      - @ConditionalOnMissingBean (types: io.r2dbc.spi.ConnectionFactory; SearchStrategy: all) did not find any beans (OnBeanCondition)

   DataSourceAutoConfiguration.PooledDataSourceConfiguration matched:
      - AnyNestedCondition 1 matched 1 did not; NestedCondition on DataSourceAutoConfiguration.PooledDataSourceCondition.PooledDataSourceAvailable PooledDataSource found supported DataSource; NestedCondition on DataSourceAutoConfiguration.PooledDataSourceCondition.ExplicitType @ConditionalOnProperty (spring.datasource.type) did not find property 'type' (DataSourceAutoConfiguration.PooledDataSourceCondition)
      - @ConditionalOnMissingBean (types: javax.sql.DataSource,javax.sql.XADataSource; SearchStrategy: all) did not find any beans (OnBeanCondition)

   DataSourceAutoConfiguration.PooledDataSourceConfiguration#jdbcConnectionDetails matched:
      - @ConditionalOnMissingBean (types: org.springframework.boot.autoconfigure.jdbc.JdbcConnectionDetails; SearchStrategy: all) did not find any beans (OnBeanCondition)

   DataSourceConfiguration.Hikari matched:
      - @ConditionalOnClass found required class 'com.zaxxer.hikari.HikariDataSource' (OnClassCondition)
      - @ConditionalOnProperty (spring.datasource.type=com.zaxxer.hikari.HikariDataSource) matched (OnPropertyCondition)
      - @ConditionalOnMissingBean (types: javax.sql.DataSource; SearchStrategy: all) did not find any beans (OnBeanCondition)

   DataSourceInitializationConfiguration matched:
      - @ConditionalOnClass found required class 'org.springframework.jdbc.datasource.init.DatabasePopulator' (OnClassCondition)
      - @ConditionalOnSingleCandidate (types: javax.sql.DataSource; SearchStrategy: all) found a single bean 'dataSource'; @ConditionalOnMissingBean (types: org.springframework.boot.autoconfigure.sql.init.SqlDataSourceScriptDatabaseInitializer,org.springframework.boot.autoconfigure.sql.init.SqlR2dbcScriptDatabaseInitializer; SearchStrategy: all) did not find any beans (OnBeanCondition)

   DataSourceJmxConfiguration matched:
      - @ConditionalOnProperty (spring.jmx.enabled=true) matched (OnPropertyCondition)

   DataSourceJmxConfiguration.Hikari matched:
      - @ConditionalOnClass found required class 'com.zaxxer.hikari.HikariDataSource' (OnClassCondition)
      - @ConditionalOnSingleCandidate (types: javax.sql.DataSource; SearchStrategy: all) found a single bean 'dataSource' (OnBeanCondition)

   DataSourcePoolMetadataProvidersConfiguration.HikariPoolDataSourceMetadataProviderConfiguration matched:
      - @ConditionalOnClass found required class 'com.zaxxer.hikari.HikariDataSource' (OnClassCondition)

   DataSourceTransactionManagerAutoConfiguration matched:
      - @ConditionalOnClass found required classes 'javax.sql.DataSource', 'org.springframework.jdbc.core.JdbcTemplate', 'org.springframework.transaction.TransactionManager' (OnClassCondition)

   DataSourceTransactionManagerAutoConfiguration.JdbcTransactionManagerConfiguration matched:
      - @ConditionalOnSingleCandidate (types: javax.sql.DataSource; SearchStrategy: all) found a single bean 'dataSource' (OnBeanCondition)

   DispatcherServletAutoConfiguration matched:
      - @ConditionalOnClass found required class 'org.springframework.web.servlet.DispatcherServlet' (OnClassCondition)
      - found 'session' scope (OnWebApplicationCondition)

   DispatcherServletAutoConfiguration.DispatcherServletConfiguration matched:
      - @ConditionalOnClass found required class 'jakarta.servlet.ServletRegistration' (OnClassCondition)
      - Default DispatcherServlet did not find dispatcher servlet beans (DispatcherServletAutoConfiguration.DefaultDispatcherServletCondition)

   DispatcherServletAutoConfiguration.DispatcherServletRegistrationConfiguration matched:
      - @ConditionalOnClass found required class 'jakarta.servlet.ServletRegistration' (OnClassCondition)
      - DispatcherServlet Registration did not find servlet registration bean (DispatcherServletAutoConfiguration.DispatcherServletRegistrationCondition)

   DispatcherServletAutoConfiguration.DispatcherServletRegistrationConfiguration#dispatcherServletRegistration matched:
      - @ConditionalOnBean (names: dispatcherServlet types: org.springframework.web.servlet.DispatcherServlet; SearchStrategy: all) found bean 'dispatcherServlet' (OnBeanCondition)

   EmbeddedWebServerFactoryCustomizerAutoConfiguration matched:
      - @ConditionalOnWebApplication (required) found 'session' scope (OnWebApplicationCondition)
      - @ConditionalOnWarDeployment the application is not deployed as a WAR file. (OnWarDeploymentCondition)

   EmbeddedWebServerFactoryCustomizerAutoConfiguration.TomcatWebServerFactoryCustomizerConfiguration matched:
      - @ConditionalOnClass found required classes 'org.apache.catalina.startup.Tomcat', 'org.apache.coyote.UpgradeProtocol' (OnClassCondition)

   ErrorMvcAutoConfiguration matched:
      - @ConditionalOnClass found required classes 'jakarta.servlet.Servlet', 'org.springframework.web.servlet.DispatcherServlet' (OnClassCondition)
      - found 'session' scope (OnWebApplicationCondition)

   ErrorMvcAutoConfiguration#basicErrorController matched:
      - @ConditionalOnMissingBean (types: org.springframework.boot.web.servlet.error.ErrorController; SearchStrategy: current) did not find any beans (OnBeanCondition)

   ErrorMvcAutoConfiguration#errorAttributes matched:
      - @ConditionalOnMissingBean (types: org.springframework.boot.web.servlet.error.ErrorAttributes; SearchStrategy: current) did not find any beans (OnBeanCondition)

   ErrorMvcAutoConfiguration.DefaultErrorViewResolverConfiguration#conventionErrorViewResolver matched:
      - @ConditionalOnBean (types: org.springframework.web.servlet.DispatcherServlet; SearchStrategy: all) found bean 'dispatcherServlet'; @ConditionalOnMissingBean (types: org.springframework.boot.autoconfigure.web.servlet.error.ErrorViewResolver; SearchStrategy: all) did not find any beans (OnBeanCondition)

   ErrorMvcAutoConfiguration.WhitelabelErrorViewConfiguration matched:
      - @ConditionalOnProperty (server.error.whitelabel.enabled) matched (OnPropertyCondition)
      - ErrorTemplate Missing did not find error template view (ErrorMvcAutoConfiguration.ErrorTemplateMissingCondition)

   ErrorMvcAutoConfiguration.WhitelabelErrorViewConfiguration#beanNameViewResolver matched:
      - @ConditionalOnMissingBean (types: org.springframework.web.servlet.view.BeanNameViewResolver; SearchStrategy: all) did not find any beans (OnBeanCondition)

   ErrorMvcAutoConfiguration.WhitelabelErrorViewConfiguration#defaultErrorView matched:
      - @ConditionalOnMissingBean (names: error; SearchStrategy: all) did not find any beans (OnBeanCondition)

   GenericCacheConfiguration matched:
      - Cache org.springframework.boot.autoconfigure.cache.GenericCacheConfiguration automatic cache type (CacheCondition)

   GsonAutoConfiguration matched:
      - @ConditionalOnClass found required class 'com.google.gson.Gson' (OnClassCondition)

   GsonAutoConfiguration#gson matched:
      - @ConditionalOnMissingBean (types: com.google.gson.Gson; SearchStrategy: all) did not find any beans (OnBeanCondition)

   GsonAutoConfiguration#gsonBuilder matched:
      - @ConditionalOnMissingBean (types: com.google.gson.GsonBuilder; SearchStrategy: all) did not find any beans (OnBeanCondition)

   GsonHttpMessageConvertersConfiguration matched:
      - @ConditionalOnClass found required class 'com.google.gson.Gson' (OnClassCondition)

   HibernateJpaAutoConfiguration matched:
      - @ConditionalOnClass found required classes 'org.springframework.orm.jpa.LocalContainerEntityManagerFactoryBean', 'jakarta.persistence.EntityManager', 'org.hibernate.engine.spi.SessionImplementor' (OnClassCondition)

   HibernateJpaConfiguration matched:
      - @ConditionalOnSingleCandidate (types: javax.sql.DataSource; SearchStrategy: all) found a single bean 'dataSource' (OnBeanCondition)

   HttpClientAutoConfiguration matched:
      - @ConditionalOnClass found required class 'org.springframework.http.client.ClientHttpRequestFactory' (OnClassCondition)
      - NoneNestedConditions 0 matched 1 did not; NestedCondition on NotReactiveWebApplicationCondition.ReactiveWebApplication did not find reactive web application classes (NotReactiveWebApplicationCondition)

   HttpClientAutoConfiguration#clientHttpRequestFactoryBuilder matched:
      - @ConditionalOnMissingBean (types: org.springframework.boot.http.client.ClientHttpRequestFactoryBuilder; SearchStrategy: all) did not find any beans (OnBeanCondition)

   HttpClientAutoConfiguration#clientHttpRequestFactorySettings matched:
      - @ConditionalOnMissingBean (types: org.springframework.boot.http.client.ClientHttpRequestFactorySettings; SearchStrategy: all) did not find any beans (OnBeanCondition)

   HttpEncodingAutoConfiguration matched:
      - @ConditionalOnClass found required class 'org.springframework.web.filter.CharacterEncodingFilter' (OnClassCondition)
      - found 'session' scope (OnWebApplicationCondition)
      - @ConditionalOnProperty (server.servlet.encoding.enabled) matched (OnPropertyCondition)

   HttpEncodingAutoConfiguration#characterEncodingFilter matched:
      - @ConditionalOnMissingBean (types: org.springframework.web.filter.CharacterEncodingFilter; SearchStrategy: all) did not find any beans (OnBeanCondition)

   HttpMessageConvertersAutoConfiguration matched:
      - @ConditionalOnClass found required class 'org.springframework.http.converter.HttpMessageConverter' (OnClassCondition)
      - NoneNestedConditions 0 matched 1 did not; NestedCondition on HttpMessageConvertersAutoConfiguration.NotReactiveWebApplicationCondition.ReactiveWebApplication did not find reactive web application classes (HttpMessageConvertersAutoConfiguration.NotReactiveWebApplicationCondition)

   HttpMessageConvertersAutoConfiguration#messageConverters matched:
      - @ConditionalOnMissingBean (types: org.springframework.boot.autoconfigure.http.HttpMessageConverters; SearchStrategy: all) did not find any beans (OnBeanCondition)

   HttpMessageConvertersAutoConfiguration.StringHttpMessageConverterConfiguration matched:
      - @ConditionalOnClass found required class 'org.springframework.http.converter.StringHttpMessageConverter' (OnClassCondition)

   HttpMessageConvertersAutoConfiguration.StringHttpMessageConverterConfiguration#stringHttpMessageConverter matched:
      - @ConditionalOnMissingBean (types: org.springframework.http.converter.StringHttpMessageConverter; SearchStrategy: all) did not find any beans (OnBeanCondition)

   JacksonAutoConfiguration matched:
      - @ConditionalOnClass found required class 'com.fasterxml.jackson.databind.ObjectMapper' (OnClassCondition)

   JacksonAutoConfiguration.Jackson2ObjectMapperBuilderCustomizerConfiguration matched:
      - @ConditionalOnClass found required class 'org.springframework.http.converter.json.Jackson2ObjectMapperBuilder' (OnClassCondition)

   JacksonAutoConfiguration.JacksonObjectMapperBuilderConfiguration matched:
      - @ConditionalOnClass found required class 'org.springframework.http.converter.json.Jackson2ObjectMapperBuilder' (OnClassCondition)

   JacksonAutoConfiguration.JacksonObjectMapperBuilderConfiguration#jacksonObjectMapperBuilder matched:
      - @ConditionalOnMissingBean (types: org.springframework.http.converter.json.Jackson2ObjectMapperBuilder; SearchStrategy: all) did not find any beans (OnBeanCondition)

   JacksonAutoConfiguration.JacksonObjectMapperConfiguration matched:
      - @ConditionalOnClass found required class 'org.springframework.http.converter.json.Jackson2ObjectMapperBuilder' (OnClassCondition)

   JacksonAutoConfiguration.JacksonObjectMapperConfiguration#jacksonObjectMapper matched:
      - @ConditionalOnMissingBean (types: com.fasterxml.jackson.databind.ObjectMapper; SearchStrategy: all) did not find any beans (OnBeanCondition)

   JacksonAutoConfiguration.ParameterNamesModuleConfiguration matched:
      - @ConditionalOnClass found required class 'com.fasterxml.jackson.module.paramnames.ParameterNamesModule' (OnClassCondition)

   JacksonAutoConfiguration.ParameterNamesModuleConfiguration#parameterNamesModule matched:
      - @ConditionalOnMissingBean (types: com.fasterxml.jackson.module.paramnames.ParameterNamesModule; SearchStrategy: all) did not find any beans (OnBeanCondition)

   JacksonHttpMessageConvertersConfiguration.MappingJackson2HttpMessageConverterConfiguration matched:
      - @ConditionalOnClass found required class 'com.fasterxml.jackson.databind.ObjectMapper' (OnClassCondition)
      - @ConditionalOnProperty (spring.mvc.converters.preferred-json-mapper=jackson) matched (OnPropertyCondition)
      - @ConditionalOnBean (types: com.fasterxml.jackson.databind.ObjectMapper; SearchStrategy: all) found bean 'jacksonObjectMapper' (OnBeanCondition)

   JacksonHttpMessageConvertersConfiguration.MappingJackson2HttpMessageConverterConfiguration#mappingJackson2HttpMessageConverter matched:
      - @ConditionalOnMissingBean (types: org.springframework.http.converter.json.MappingJackson2HttpMessageConverter ignored: org.springframework.hateoas.server.mvc.TypeConstrainedMappingJackson2HttpMessageConverter,org.springframework.data.rest.webmvc.alps.AlpsJsonHttpMessageConverter; SearchStrategy: all) did not find any beans (OnBeanCondition)

   JdbcClientAutoConfiguration matched:
      - @ConditionalOnSingleCandidate (types: org.springframework.jdbc.core.namedparam.NamedParameterJdbcTemplate; SearchStrategy: all) found a single bean 'namedParameterJdbcTemplate'; @ConditionalOnMissingBean (types: org.springframework.jdbc.core.simple.JdbcClient; SearchStrategy: all) did not find any beans (OnBeanCondition)

   JdbcTemplateAutoConfiguration matched:
      - @ConditionalOnClass found required classes 'javax.sql.DataSource', 'org.springframework.jdbc.core.JdbcTemplate' (OnClassCondition)
      - @ConditionalOnSingleCandidate (types: javax.sql.DataSource; SearchStrategy: all) found a single bean 'dataSource' (OnBeanCondition)

   JdbcTemplateConfiguration matched:
      - @ConditionalOnMissingBean (types: org.springframework.jdbc.core.JdbcOperations; SearchStrategy: all) did not find any beans (OnBeanCondition)

   JpaBaseConfiguration#entityManagerFactory matched:
      - @ConditionalOnMissingBean (types: org.springframework.orm.jpa.LocalContainerEntityManagerFactoryBean,jakarta.persistence.EntityManagerFactory; SearchStrategy: all) did not find any beans (OnBeanCondition)

   JpaBaseConfiguration#entityManagerFactoryBuilder matched:
      - @ConditionalOnMissingBean (types: org.springframework.boot.orm.jpa.EntityManagerFactoryBuilder; SearchStrategy: all) did not find any beans (OnBeanCondition)

   JpaBaseConfiguration#jpaVendorAdapter matched:
      - @ConditionalOnMissingBean (types: org.springframework.orm.jpa.JpaVendorAdapter; SearchStrategy: all) did not find any beans (OnBeanCondition)

   JpaBaseConfiguration#transactionManager matched:
      - @ConditionalOnMissingBean (types: org.springframework.transaction.TransactionManager; SearchStrategy: all) did not find any beans (OnBeanCondition)

   JpaBaseConfiguration.JpaWebConfiguration matched:
      - @ConditionalOnClass found required class 'org.springframework.web.servlet.config.annotation.WebMvcConfigurer' (OnClassCondition)
      - found 'session' scope (OnWebApplicationCondition)
      - @ConditionalOnProperty (spring.jpa.open-in-view=true) matched (OnPropertyCondition)
      - @ConditionalOnMissingBean (types: org.springframework.orm.jpa.support.OpenEntityManagerInViewInterceptor,org.springframework.orm.jpa.support.OpenEntityManagerInViewFilter; SearchStrategy: all) did not find any beans (OnBeanCondition)

   JpaBaseConfiguration.PersistenceManagedTypesConfiguration matched:
      - @ConditionalOnMissingBean (types: org.springframework.orm.jpa.LocalContainerEntityManagerFactoryBean,jakarta.persistence.EntityManagerFactory; SearchStrategy: all) did not find any beans (OnBeanCondition)

   JpaBaseConfiguration.PersistenceManagedTypesConfiguration#persistenceManagedTypes matched:
      - @ConditionalOnMissingBean (types: org.springframework.orm.jpa.persistenceunit.PersistenceManagedTypes; SearchStrategy: all) did not find any beans (OnBeanCondition)

   JpaRepositoriesAutoConfiguration matched:
      - @ConditionalOnClass found required class 'org.springframework.data.jpa.repository.JpaRepository' (OnClassCondition)
      - @ConditionalOnProperty (spring.data.jpa.repositories.enabled=true) matched (OnPropertyCondition)
      - @ConditionalOnBean (types: javax.sql.DataSource; SearchStrategy: all) found bean 'dataSource'; @ConditionalOnMissingBean (types: org.springframework.data.jpa.repository.support.JpaRepositoryFactoryBean,org.springframework.data.jpa.repository.config.JpaRepositoryConfigExtension; SearchStrategy: all) did not find any beans (OnBeanCondition)

   JtaAutoConfiguration matched:
      - @ConditionalOnClass found required class 'jakarta.transaction.Transaction' (OnClassCondition)
      - @ConditionalOnProperty (spring.jta.enabled) matched (OnPropertyCondition)

   LifecycleAutoConfiguration#defaultLifecycleProcessor matched:
      - @ConditionalOnMissingBean (names: lifecycleProcessor; SearchStrategy: current) did not find any beans (OnBeanCondition)

   MailSenderAutoConfiguration matched:
      - @ConditionalOnClass found required classes 'jakarta.mail.internet.MimeMessage', 'jakarta.activation.MimeType', 'org.springframework.mail.MailSender' (OnClassCondition)
      - AnyNestedCondition 1 matched 1 did not; NestedCondition on MailSenderAutoConfiguration.MailSenderCondition.JndiNameProperty @ConditionalOnProperty (spring.mail.jndi-name) did not find property 'jndi-name'; NestedCondition on MailSenderAutoConfiguration.MailSenderCondition.HostProperty @ConditionalOnProperty (spring.mail.host) matched (MailSenderAutoConfiguration.MailSenderCondition)
      - @ConditionalOnMissingBean (types: org.springframework.mail.MailSender; SearchStrategy: all) did not find any beans (OnBeanCondition)

   MailSenderPropertiesConfiguration matched:
      - @ConditionalOnProperty (spring.mail.host) matched (OnPropertyCondition)

   MailSenderPropertiesConfiguration#mailSender matched:
      - @ConditionalOnMissingBean (types: org.springframework.mail.javamail.JavaMailSender; SearchStrategy: all) did not find any beans (OnBeanCondition)

   MultipartAutoConfiguration matched:
      - @ConditionalOnClass found required classes 'jakarta.servlet.Servlet', 'org.springframework.web.multipart.support.StandardServletMultipartResolver', 'jakarta.servlet.MultipartConfigElement' (OnClassCondition)
      - found 'session' scope (OnWebApplicationCondition)
      - @ConditionalOnProperty (spring.servlet.multipart.enabled) matched (OnPropertyCondition)

   MultipartAutoConfiguration#multipartConfigElement matched:
      - @ConditionalOnMissingBean (types: jakarta.servlet.MultipartConfigElement; SearchStrategy: all) did not find any beans (OnBeanCondition)

   MultipartAutoConfiguration#multipartResolver matched:
      - @ConditionalOnMissingBean (types: org.springframework.web.multipart.MultipartResolver; SearchStrategy: all) did not find any beans (OnBeanCondition)

   NamedParameterJdbcTemplateConfiguration matched:
      - @ConditionalOnSingleCandidate (types: org.springframework.jdbc.core.JdbcTemplate; SearchStrategy: all) found a single bean 'jdbcTemplate'; @ConditionalOnMissingBean (types: org.springframework.jdbc.core.namedparam.NamedParameterJdbcOperations; SearchStrategy: all) did not find any beans (OnBeanCondition)

   NoOpCacheConfiguration matched:
      - Cache org.springframework.boot.autoconfigure.cache.NoOpCacheConfiguration automatic cache type (CacheCondition)

   PersistenceExceptionTranslationAutoConfiguration matched:
      - @ConditionalOnClass found required class 'org.springframework.dao.annotation.PersistenceExceptionTranslationPostProcessor' (OnClassCondition)

   PersistenceExceptionTranslationAutoConfiguration#persistenceExceptionTranslationPostProcessor matched:
      - @ConditionalOnProperty (spring.dao.exceptiontranslation.enabled) matched (OnPropertyCondition)
      - @ConditionalOnMissingBean (types: org.springframework.dao.annotation.PersistenceExceptionTranslationPostProcessor; SearchStrategy: all) did not find any beans (OnBeanCondition)

   PropertyPlaceholderAutoConfiguration#propertySourcesPlaceholderConfigurer matched:
      - @ConditionalOnMissingBean (types: org.springframework.context.support.PropertySourcesPlaceholderConfigurer; SearchStrategy: current) did not find any beans (OnBeanCondition)

   RestClientAutoConfiguration matched:
      - @ConditionalOnClass found required class 'org.springframework.web.client.RestClient' (OnClassCondition)
      - NoneNestedConditions 0 matched 1 did not; NestedCondition on NotReactiveWebApplicationCondition.ReactiveWebApplication did not find reactive web application classes (NotReactiveWebApplicationCondition)

   RestClientAutoConfiguration#httpMessageConvertersRestClientCustomizer matched:
      - @ConditionalOnMissingBean (types: org.springframework.boot.autoconfigure.web.client.HttpMessageConvertersRestClientCustomizer; SearchStrategy: all) did not find any beans (OnBeanCondition)

   RestClientAutoConfiguration#restClientBuilder matched:
      - @ConditionalOnMissingBean (types: org.springframework.web.client.RestClient$Builder; SearchStrategy: all) did not find any beans (OnBeanCondition)

   RestClientAutoConfiguration#restClientBuilderConfigurer matched:
      - @ConditionalOnMissingBean (types: org.springframework.boot.autoconfigure.web.client.RestClientBuilderConfigurer; SearchStrategy: all) did not find any beans (OnBeanCondition)

   RestClientAutoConfiguration#restClientSsl matched:
      - @ConditionalOnBean (types: org.springframework.boot.ssl.SslBundles; SearchStrategy: all) found bean 'sslBundleRegistry'; @ConditionalOnMissingBean (types: org.springframework.boot.autoconfigure.web.client.RestClientSsl; SearchStrategy: all) did not find any beans (OnBeanCondition)

   RestTemplateAutoConfiguration matched:
      - @ConditionalOnClass found required class 'org.springframework.web.client.RestTemplate' (OnClassCondition)
      - NoneNestedConditions 0 matched 1 did not; NestedCondition on NotReactiveWebApplicationCondition.ReactiveWebApplication did not find reactive web application classes (NotReactiveWebApplicationCondition)

   RestTemplateAutoConfiguration#restTemplateBuilder matched:
      - @ConditionalOnMissingBean (types: org.springframework.boot.web.client.RestTemplateBuilder; SearchStrategy: all) did not find any beans (OnBeanCondition)

   SecurityAutoConfiguration matched:
      - @ConditionalOnClass found required class 'org.springframework.security.authentication.DefaultAuthenticationEventPublisher' (OnClassCondition)

   SecurityAutoConfiguration#authenticationEventPublisher matched:
      - @ConditionalOnMissingBean (types: org.springframework.security.authentication.AuthenticationEventPublisher; SearchStrategy: all) did not find any beans (OnBeanCondition)

   SecurityFilterAutoConfiguration matched:
      - @ConditionalOnClass found required classes 'org.springframework.security.web.context.AbstractSecurityWebApplicationInitializer', 'org.springframework.security.config.http.SessionCreationPolicy' (OnClassCondition)
      - found 'session' scope (OnWebApplicationCondition)

   SecurityFilterAutoConfiguration#securityFilterChainRegistration matched:
      - @ConditionalOnBean (names: springSecurityFilterChain; SearchStrategy: all) found bean 'springSecurityFilterChain' (OnBeanCondition)

   ServletWebServerFactoryAutoConfiguration matched:
      - @ConditionalOnClass found required class 'jakarta.servlet.ServletRequest' (OnClassCondition)
      - found 'session' scope (OnWebApplicationCondition)

   ServletWebServerFactoryAutoConfiguration.TomcatConfiguration matched:
      - @ConditionalOnClass found required class 'org.apache.catalina.startup.Tomcat' (OnClassCondition)

   ServletWebServerFactoryConfiguration.EmbeddedTomcat matched:
      - @ConditionalOnClass found required classes 'jakarta.servlet.Servlet', 'org.apache.catalina.startup.Tomcat', 'org.apache.coyote.UpgradeProtocol' (OnClassCondition)
      - @ConditionalOnMissingBean (types: org.springframework.boot.web.servlet.server.ServletWebServerFactory; SearchStrategy: current) did not find any beans (OnBeanCondition)

   SimpleCacheConfiguration matched:
      - Cache org.springframework.boot.autoconfigure.cache.SimpleCacheConfiguration automatic cache type (CacheCondition)

   SpringBootWebSecurityConfiguration matched:
      - found 'session' scope (OnWebApplicationCondition)

   SpringBootWebSecurityConfiguration.WebSecurityEnablerConfiguration matched:
      - @ConditionalOnClass found required class 'org.springframework.security.config.annotation.web.configuration.EnableWebSecurity' (OnClassCondition)
      - @ConditionalOnMissingBean (names: springSecurityFilterChain; SearchStrategy: all) did not find any beans (OnBeanCondition)

   SpringDataWebAutoConfiguration matched:
      - @ConditionalOnClass found required classes 'org.springframework.data.web.PageableHandlerMethodArgumentResolver', 'org.springframework.web.servlet.config.annotation.WebMvcConfigurer' (OnClassCondition)
      - found 'session' scope (OnWebApplicationCondition)
      - @ConditionalOnMissingBean (types: org.springframework.data.web.PageableHandlerMethodArgumentResolver; SearchStrategy: all) did not find any beans (OnBeanCondition)

   SpringDataWebAutoConfiguration#pageableCustomizer matched:
      - @ConditionalOnMissingBean (types: org.springframework.data.web.config.PageableHandlerMethodArgumentResolverCustomizer; SearchStrategy: all) did not find any beans (OnBeanCondition)

   SpringDataWebAutoConfiguration#sortCustomizer matched:
      - @ConditionalOnMissingBean (types: org.springframework.data.web.config.SortHandlerMethodArgumentResolverCustomizer; SearchStrategy: all) did not find any beans (OnBeanCondition)

   SpringDataWebAutoConfiguration#springDataWebSettings matched:
      - @ConditionalOnMissingBean (types: org.springframework.data.web.config.SpringDataWebSettings; SearchStrategy: all) did not find any beans (OnBeanCondition)

   SpringDocConfigProperties matched:
      - @ConditionalOnProperty (springdoc.api-docs.enabled) matched (OnPropertyCondition)
      - @ConditionalOnBean (types: org.springdoc.core.configuration.SpringDocConfiguration; SearchStrategy: all) found bean 'org.springdoc.core.configuration.SpringDocConfiguration' (OnBeanCondition)

   SpringDocConfiguration matched:
      - @ConditionalOnWebApplication (required) found 'session' scope (OnWebApplicationCondition)
      - @ConditionalOnProperty (springdoc.api-docs.enabled) matched (OnPropertyCondition)

   SpringDocConfiguration#fileSupportConverter matched:
      - @ConditionalOnMissingBean (types: org.springdoc.core.converters.FileSupportConverter; SearchStrategy: all) did not find any beans (OnBeanCondition)

   SpringDocConfiguration#objectMapperProvider matched:
      - @ConditionalOnMissingBean (types: org.springdoc.core.providers.ObjectMapperProvider; SearchStrategy: all) did not find any beans (OnBeanCondition)

   SpringDocConfiguration#openAPIBuilder matched:
      - @ConditionalOnMissingBean (types: org.springdoc.core.service.OpenAPIService; SearchStrategy: all) did not find any beans (OnBeanCondition)

   SpringDocConfiguration#operationBuilder matched:
      - @ConditionalOnMissingBean (types: org.springdoc.core.service.OperationService; SearchStrategy: all) did not find any beans (OnBeanCondition)

   SpringDocConfiguration#parameterBuilder matched:
      - @ConditionalOnMissingBean (types: org.springdoc.core.service.GenericParameterService; SearchStrategy: all) did not find any beans (OnBeanCondition)

   SpringDocConfiguration#polymorphicModelConverter matched:
      - @ConditionalOnProperty (springdoc.model-converters.polymorphic-converter.enabled) matched (OnPropertyCondition)
      - @ConditionalOnMissingBean (types: org.springdoc.core.converters.PolymorphicModelConverter; SearchStrategy: all) did not find any beans (OnBeanCondition)

   SpringDocConfiguration#requestBodyBuilder matched:
      - @ConditionalOnMissingBean (types: org.springdoc.core.service.RequestBodyService; SearchStrategy: all) did not find any beans (OnBeanCondition)

   SpringDocConfiguration#responseSupportConverter matched:
      - @ConditionalOnMissingBean (types: org.springdoc.core.converters.ResponseSupportConverter; SearchStrategy: all) did not find any beans (OnBeanCondition)

   SpringDocConfiguration#schemaPropertyDeprecatingConverter matched:
      - @ConditionalOnProperty (springdoc.model-converters.deprecating-converter.enabled) matched (OnPropertyCondition)
      - @ConditionalOnMissingBean (types: org.springdoc.core.converters.SchemaPropertyDeprecatingConverter; SearchStrategy: all) did not find any beans (OnBeanCondition)

   SpringDocConfiguration#securityParser matched:
      - @ConditionalOnMissingBean (types: org.springdoc.core.service.SecurityService; SearchStrategy: all) did not find any beans (OnBeanCondition)

   SpringDocConfiguration#springDocCustomizers matched:
      - @ConditionalOnMissingBean (types: org.springdoc.core.customizers.SpringDocCustomizers; SearchStrategy: all) did not find any beans (OnBeanCondition)

   SpringDocConfiguration#springDocProviders matched:
      - @ConditionalOnMissingBean (types: org.springdoc.core.providers.SpringDocProviders; SearchStrategy: all) did not find any beans (OnBeanCondition)

   SpringDocConfiguration.SpringDocSpringDataWebPropertiesProvider matched:
      - @ConditionalOnClass found required class 'org.springframework.boot.autoconfigure.data.web.SpringDataWebProperties' (OnClassCondition)

   SpringDocConfiguration.SpringDocSpringDataWebPropertiesProvider#springDataWebPropertiesProvider matched:
      - @ConditionalOnMissingBean (types: org.springdoc.core.providers.SpringDataWebPropertiesProvider; SearchStrategy: all) did not find any beans (OnBeanCondition)

   SpringDocConfiguration.WebConversionServiceConfiguration matched:
      - @ConditionalOnClass found required class 'org.springframework.boot.autoconfigure.web.format.WebConversionService' (OnClassCondition)

   SpringDocPageableConfiguration matched:
      - @ConditionalOnClass found required class 'org.springframework.data.domain.Pageable' (OnClassCondition)
      - @ConditionalOnWebApplication (required) found 'session' scope (OnWebApplicationCondition)
      - @ConditionalOnProperty (springdoc.api-docs.enabled) matched (OnPropertyCondition)
      - @ConditionalOnBean (types: org.springdoc.core.configuration.SpringDocConfiguration; SearchStrategy: all) found bean 'org.springdoc.core.configuration.SpringDocConfiguration' (OnBeanCondition)

   SpringDocPageableConfiguration#delegatingMethodParameterCustomizer matched:
      - @ConditionalOnMissingBean (types: org.springdoc.core.customizers.DelegatingMethodParameterCustomizer; SearchStrategy: all) did not find any beans (OnBeanCondition)

   SpringDocPageableConfiguration#pageableOpenAPIConverter matched:
      - @ConditionalOnProperty (springdoc.model-converters.pageable-converter.enabled) matched (OnPropertyCondition)
      - @ConditionalOnMissingBean (types: org.springdoc.core.converters.PageableOpenAPIConverter; SearchStrategy: all) did not find any beans (OnBeanCondition)

   SpringDocSecurityConfiguration matched:
      - @ConditionalOnClass found required class 'org.springframework.security.web.SecurityFilterChain' (OnClassCondition)
      - @ConditionalOnWebApplication (required) found 'session' scope (OnWebApplicationCondition)
      - @ConditionalOnExpression (#{${springdoc.api-docs.enabled:true} and ${springdoc.enable-spring-security:true}}) resulted in true (OnExpressionCondition)
      - @ConditionalOnBean (types: org.springdoc.core.configuration.SpringDocConfiguration; SearchStrategy: all) found bean 'org.springdoc.core.configuration.SpringDocConfiguration' (OnBeanCondition)

   SpringDocSecurityConfiguration.SpringSecurityLoginEndpointConfiguration matched:
      - @ConditionalOnClass found required class 'jakarta.servlet.Filter' (OnClassCondition)

   SpringDocSortConfiguration matched:
      - @ConditionalOnClass found required class 'org.springframework.data.domain.Sort' (OnClassCondition)
      - @ConditionalOnWebApplication (required) found 'session' scope (OnWebApplicationCondition)
      - @ConditionalOnProperty (springdoc.api-docs.enabled) matched (OnPropertyCondition)
      - @ConditionalOnBean (types: org.springdoc.core.configuration.SpringDocConfiguration; SearchStrategy: all) found bean 'org.springdoc.core.configuration.SpringDocConfiguration' (OnBeanCondition)

   SpringDocSortConfiguration#sortOpenAPIConverter matched:
      - @ConditionalOnProperty (springdoc.model-converters.sort-converter.enabled) matched (OnPropertyCondition)
      - @ConditionalOnMissingBean (types: org.springdoc.core.converters.SortOpenAPIConverter; SearchStrategy: all) did not find any beans (OnBeanCondition)

   SpringDocUIConfiguration matched:
      - @ConditionalOnWebApplication (required) found 'session' scope (OnWebApplicationCondition)
      - @ConditionalOnExpression (#{${springdoc.api-docs.enabled:true}}) resulted in true (OnExpressionCondition)
      - @ConditionalOnBean (types: org.springdoc.core.configuration.SpringDocConfiguration; SearchStrategy: all) found bean 'org.springdoc.core.configuration.SpringDocConfiguration' (OnBeanCondition)

   SpringDocWebMvcConfiguration matched:
      - found 'session' scope (OnWebApplicationCondition)
      - @ConditionalOnProperty (springdoc.api-docs.enabled) matched (OnPropertyCondition)
      - @ConditionalOnBean (types: org.springdoc.core.configuration.SpringDocConfiguration; SearchStrategy: all) found bean 'org.springdoc.core.configuration.SpringDocConfiguration' (OnBeanCondition)

   SpringDocWebMvcConfiguration#openApiResource matched:
      - @ConditionalOnProperty (springdoc.use-management-port=false) matched (OnPropertyCondition)
      - @ConditionalOnMissingBean (types: org.springdoc.webmvc.api.OpenApiWebMvcResource; SearchStrategy: all) did not find any beans (OnBeanCondition)

   SpringDocWebMvcConfiguration#requestBuilder matched:
      - @ConditionalOnMissingBean (types: org.springdoc.webmvc.core.service.RequestService; SearchStrategy: all) did not find any beans (OnBeanCondition)

   SpringDocWebMvcConfiguration#responseBuilder matched:
      - @ConditionalOnMissingBean (types: org.springdoc.core.service.GenericResponseService; SearchStrategy: all) did not find any beans (OnBeanCondition)

   SpringDocWebMvcConfiguration#springWebProvider matched:
      - @ConditionalOnMissingBean (types: org.springdoc.core.providers.SpringWebProvider; SearchStrategy: all) did not find any beans (OnBeanCondition)

   SpringDocWebMvcConfiguration.SpringDocWebMvcRouterConfiguration matched:
      - @ConditionalOnClass found required class 'org.springframework.web.servlet.function.RouterFunction' (OnClassCondition)

   SpringDocWebMvcConfiguration.SpringDocWebMvcRouterConfiguration#routerFunctionProvider matched:
      - @ConditionalOnMissingBean (types: org.springdoc.webmvc.core.providers.RouterFunctionWebMvcProvider; SearchStrategy: all) did not find any beans (OnBeanCondition)

   SqlInitializationAutoConfiguration matched:
      - @ConditionalOnProperty (spring.sql.init.enabled) matched (OnPropertyCondition)
      - NoneNestedConditions 0 matched 1 did not; NestedCondition on SqlInitializationAutoConfiguration.SqlInitializationModeCondition.ModeIsNever @ConditionalOnProperty (spring.sql.init.mode=never) did not find property 'mode' (SqlInitializationAutoConfiguration.SqlInitializationModeCondition)

   SslAutoConfiguration#sslBundleRegistry matched:
      - @ConditionalOnMissingBean (types: org.springframework.boot.ssl.SslBundleRegistry,org.springframework.boot.ssl.SslBundles; SearchStrategy: all) did not find any beans (OnBeanCondition)

   SwaggerConfig matched:
      - found 'session' scope (OnWebApplicationCondition)
      - @ConditionalOnProperty (springdoc.swagger-ui.enabled) matched (OnPropertyCondition)
      - @ConditionalOnBean (types: org.springdoc.core.configuration.SpringDocConfiguration; SearchStrategy: all) found bean 'org.springdoc.core.configuration.SpringDocConfiguration' (OnBeanCondition)

   SwaggerConfig#indexPageTransformer matched:
      - @ConditionalOnMissingBean (types: org.springdoc.webmvc.ui.SwaggerIndexTransformer; SearchStrategy: all) did not find any beans (OnBeanCondition)

   SwaggerConfig#swaggerConfigResource matched:
      - @ConditionalOnProperty (springdoc.use-management-port=false) matched (OnPropertyCondition)
      - @ConditionalOnMissingBean (types: org.springdoc.webmvc.ui.SwaggerConfigResource; SearchStrategy: all) did not find any beans (OnBeanCondition)

   SwaggerConfig#swaggerResourceResolver matched:
      - @ConditionalOnMissingBean (types: org.springdoc.webmvc.ui.SwaggerResourceResolver; SearchStrategy: all) did not find any beans (OnBeanCondition)

   SwaggerConfig#swaggerWebMvcConfigurer matched:
      - @ConditionalOnMissingBean (types: org.springdoc.webmvc.ui.SwaggerWebMvcConfigurer; SearchStrategy: all) did not find any beans (OnBeanCondition)

   SwaggerConfig#swaggerWelcome matched:
      - @ConditionalOnProperty (springdoc.use-management-port=false) matched (OnPropertyCondition)
      - @ConditionalOnMissingBean (types: org.springdoc.webmvc.ui.SwaggerWelcomeWebMvc; SearchStrategy: all) did not find any beans (OnBeanCondition)

   SwaggerUiConfigParameters matched:
      - @ConditionalOnProperty (springdoc.swagger-ui.enabled) matched (OnPropertyCondition)
      - @ConditionalOnBean (types: org.springdoc.core.configuration.SpringDocConfiguration; SearchStrategy: all) found bean 'org.springdoc.core.configuration.SpringDocConfiguration' (OnBeanCondition)

   SwaggerUiConfigProperties matched:
      - @ConditionalOnProperty (springdoc.swagger-ui.enabled) matched (OnPropertyCondition)
      - @ConditionalOnBean (types: org.springdoc.core.configuration.SpringDocConfiguration; SearchStrategy: all) found bean 'org.springdoc.core.configuration.SpringDocConfiguration' (OnBeanCondition)

   SwaggerUiOAuthProperties matched:
      - @ConditionalOnProperty (springdoc.swagger-ui.enabled) matched (OnPropertyCondition)
      - @ConditionalOnBean (types: org.springdoc.core.configuration.SpringDocConfiguration; SearchStrategy: all) found bean 'org.springdoc.core.configuration.SpringDocConfiguration' (OnBeanCondition)

   TaskExecutionAutoConfiguration matched:
      - @ConditionalOnClass found required class 'org.springframework.scheduling.concurrent.ThreadPoolTaskExecutor' (OnClassCondition)

   TaskExecutorConfigurations.SimpleAsyncTaskExecutorBuilderConfiguration#simpleAsyncTaskExecutorBuilder matched:
      - @ConditionalOnMissingBean (types: org.springframework.boot.task.SimpleAsyncTaskExecutorBuilder; SearchStrategy: all) did not find any beans (OnBeanCondition)
      - @ConditionalOnThreading found PLATFORM (OnThreadingCondition)

   TaskExecutorConfigurations.TaskExecutorConfiguration matched:
      - @ConditionalOnMissingBean (types: java.util.concurrent.Executor; SearchStrategy: all) did not find any beans (OnBeanCondition)

   TaskExecutorConfigurations.TaskExecutorConfiguration#applicationTaskExecutor matched:
      - @ConditionalOnThreading found PLATFORM (OnThreadingCondition)

   TaskExecutorConfigurations.ThreadPoolTaskExecutorBuilderConfiguration#threadPoolTaskExecutorBuilder matched:
      - @ConditionalOnMissingBean (types: org.springframework.boot.task.ThreadPoolTaskExecutorBuilder; SearchStrategy: all) did not find any beans (OnBeanCondition)

   TaskSchedulingAutoConfiguration matched:
      - @ConditionalOnClass found required class 'org.springframework.scheduling.concurrent.ThreadPoolTaskScheduler' (OnClassCondition)

   TaskSchedulingAutoConfiguration#scheduledBeanLazyInitializationExcludeFilter matched:
      - @ConditionalOnBean (names: org.springframework.context.annotation.internalScheduledAnnotationProcessor; SearchStrategy: all) found bean 'org.springframework.context.annotation.internalScheduledAnnotationProcessor' (OnBeanCondition)

   TaskSchedulingConfigurations.SimpleAsyncTaskSchedulerBuilderConfiguration#simpleAsyncTaskSchedulerBuilder matched:
      - @ConditionalOnMissingBean (types: org.springframework.boot.task.SimpleAsyncTaskSchedulerBuilder; SearchStrategy: all) did not find any beans (OnBeanCondition)
      - @ConditionalOnThreading found PLATFORM (OnThreadingCondition)

   TaskSchedulingConfigurations.TaskSchedulerConfiguration matched:
      - @ConditionalOnBean (names: org.springframework.context.annotation.internalScheduledAnnotationProcessor; SearchStrategy: all) found bean 'org.springframework.context.annotation.internalScheduledAnnotationProcessor'; @ConditionalOnMissingBean (types: org.springframework.scheduling.TaskScheduler,java.util.concurrent.ScheduledExecutorService; SearchStrategy: all) did not find any beans (OnBeanCondition)

   TaskSchedulingConfigurations.TaskSchedulerConfiguration#taskScheduler matched:
      - @ConditionalOnThreading found PLATFORM (OnThreadingCondition)

   TaskSchedulingConfigurations.ThreadPoolTaskSchedulerBuilderConfiguration#threadPoolTaskSchedulerBuilder matched:
      - @ConditionalOnMissingBean (types: org.springframework.boot.task.ThreadPoolTaskSchedulerBuilder; SearchStrategy: all) did not find any beans (OnBeanCondition)

   TransactionAutoConfiguration matched:
      - @ConditionalOnClass found required class 'org.springframework.transaction.PlatformTransactionManager' (OnClassCondition)

   TransactionAutoConfiguration.EnableTransactionManagementConfiguration matched:
      - @ConditionalOnBean (types: org.springframework.transaction.TransactionManager; SearchStrategy: all) found bean 'transactionManager'; @ConditionalOnMissingBean (types: org.springframework.transaction.annotation.AbstractTransactionManagementConfiguration; SearchStrategy: all) did not find any beans (OnBeanCondition)

   TransactionAutoConfiguration.EnableTransactionManagementConfiguration.CglibAutoProxyConfiguration matched:
      - @ConditionalOnProperty (spring.aop.proxy-target-class=true) matched (OnPropertyCondition)

   TransactionAutoConfiguration.TransactionTemplateConfiguration matched:
      - @ConditionalOnSingleCandidate (types: org.springframework.transaction.PlatformTransactionManager; SearchStrategy: all) found a single bean 'transactionManager' (OnBeanCondition)

   TransactionAutoConfiguration.TransactionTemplateConfiguration#transactionTemplate matched:
      - @ConditionalOnMissingBean (types: org.springframework.transaction.support.TransactionOperations; SearchStrategy: all) did not find any beans (OnBeanCondition)

   TransactionManagerCustomizationAutoConfiguration matched:
      - @ConditionalOnClass found required class 'org.springframework.transaction.PlatformTransactionManager' (OnClassCondition)

   TransactionManagerCustomizationAutoConfiguration#platformTransactionManagerCustomizers matched:
      - @ConditionalOnMissingBean (types: org.springframework.boot.autoconfigure.transaction.TransactionManagerCustomizers; SearchStrategy: all) did not find any beans (OnBeanCondition)

   ValidationAutoConfiguration matched:
      - @ConditionalOnClass found required class 'jakarta.validation.executable.ExecutableValidator' (OnClassCondition)
      - @ConditionalOnResource found location classpath:META-INF/services/jakarta.validation.spi.ValidationProvider (OnResourceCondition)

   ValidationAutoConfiguration#defaultValidator matched:
      - @ConditionalOnMissingBean (types: jakarta.validation.Validator; SearchStrategy: all) did not find any beans (OnBeanCondition)

   ValidationAutoConfiguration#methodValidationPostProcessor matched:
      - @ConditionalOnMissingBean (types: org.springframework.validation.beanvalidation.MethodValidationPostProcessor; SearchStrategy: current) did not find any beans (OnBeanCondition)

   WebMvcAutoConfiguration matched:
      - @ConditionalOnClass found required classes 'jakarta.servlet.Servlet', 'org.springframework.web.servlet.DispatcherServlet', 'org.springframework.web.servlet.config.annotation.WebMvcConfigurer' (OnClassCondition)
      - found 'session' scope (OnWebApplicationCondition)
      - @ConditionalOnMissingBean (types: org.springframework.web.servlet.config.annotation.WebMvcConfigurationSupport; SearchStrategy: all) did not find any beans (OnBeanCondition)

   WebMvcAutoConfiguration#formContentFilter matched:
      - @ConditionalOnProperty (spring.mvc.formcontent.filter.enabled) matched (OnPropertyCondition)
      - @ConditionalOnMissingBean (types: org.springframework.web.filter.FormContentFilter; SearchStrategy: all) did not find any beans (OnBeanCondition)

   WebMvcAutoConfiguration.EnableWebMvcConfiguration#flashMapManager matched:
      - @ConditionalOnMissingBean (names: flashMapManager; SearchStrategy: all) did not find any beans (OnBeanCondition)

   WebMvcAutoConfiguration.EnableWebMvcConfiguration#localeResolver matched:
      - @ConditionalOnMissingBean (names: localeResolver; SearchStrategy: all) did not find any beans (OnBeanCondition)

   WebMvcAutoConfiguration.EnableWebMvcConfiguration#themeResolver matched:
      - @ConditionalOnMissingBean (names: themeResolver; SearchStrategy: all) did not find any beans (OnBeanCondition)

   WebMvcAutoConfiguration.EnableWebMvcConfiguration#viewNameTranslator matched:
      - @ConditionalOnMissingBean (names: viewNameTranslator; SearchStrategy: all) did not find any beans (OnBeanCondition)

   WebMvcAutoConfiguration.WebMvcAutoConfigurationAdapter#defaultViewResolver matched:
      - @ConditionalOnMissingBean (types: org.springframework.web.servlet.view.InternalResourceViewResolver; SearchStrategy: all) did not find any beans (OnBeanCondition)

   WebMvcAutoConfiguration.WebMvcAutoConfigurationAdapter#requestContextFilter matched:
      - @ConditionalOnMissingBean (types: org.springframework.web.context.request.RequestContextListener,org.springframework.web.filter.RequestContextFilter; SearchStrategy: all) did not find any beans (OnBeanCondition)

   WebMvcAutoConfiguration.WebMvcAutoConfigurationAdapter#viewResolver matched:
      - @ConditionalOnBean (types: org.springframework.web.servlet.ViewResolver; SearchStrategy: all) found beans 'defaultViewResolver', 'beanNameViewResolver', 'mvcViewResolver'; @ConditionalOnMissingBean (names: viewResolver types: org.springframework.web.servlet.view.ContentNegotiatingViewResolver; SearchStrategy: all) did not find any beans (OnBeanCondition)

   WebSocketServletAutoConfiguration matched:
      - @ConditionalOnClass found required classes 'jakarta.servlet.Servlet', 'jakarta.websocket.server.ServerContainer' (OnClassCondition)
      - found 'session' scope (OnWebApplicationCondition)

   WebSocketServletAutoConfiguration.TomcatWebSocketConfiguration matched:
      - @ConditionalOnClass found required classes 'org.apache.catalina.startup.Tomcat', 'org.apache.tomcat.websocket.server.WsSci' (OnClassCondition)

   WebSocketServletAutoConfiguration.TomcatWebSocketConfiguration#websocketServletWebServerCustomizer matched:
      - @ConditionalOnMissingBean (names: websocketServletWebServerCustomizer; SearchStrategy: all) did not find any beans (OnBeanCondition)


Negative matches:
-----------------

   ActiveMQAutoConfiguration:
      Did not match:
         - @ConditionalOnClass did not find required class 'jakarta.jms.ConnectionFactory' (OnClassCondition)

   AopAutoConfiguration.AspectJAutoProxyingConfiguration.JdkDynamicAutoProxyConfiguration:
      Did not match:
         - @ConditionalOnProperty (spring.aop.proxy-target-class=false) did not find property 'proxy-target-class' (OnPropertyCondition)

   AopAutoConfiguration.ClassProxyingConfiguration:
      Did not match:
         - @ConditionalOnMissingClass found unwanted class 'org.aspectj.weaver.Advice' (OnClassCondition)

   ArtemisAutoConfiguration:
      Did not match:
         - @ConditionalOnClass did not find required class 'jakarta.jms.ConnectionFactory' (OnClassCondition)

   BatchAutoConfiguration:
      Did not match:
         - @ConditionalOnClass did not find required class 'org.springframework.batch.core.launch.JobLauncher' (OnClassCondition)

   Cache2kCacheConfiguration:
      Did not match:
         - @ConditionalOnClass did not find required class 'org.cache2k.Cache2kBuilder' (OnClassCondition)

   CacheAutoConfiguration:
      Did not match:
         - @ConditionalOnBean (types: org.springframework.cache.interceptor.CacheAspectSupport; SearchStrategy: all) did not find any beans of type org.springframework.cache.interceptor.CacheAspectSupport (OnBeanCondition)
      Matched:
         - @ConditionalOnClass found required class 'org.springframework.cache.CacheManager' (OnClassCondition)

   CacheAutoConfiguration.CacheManagerEntityManagerFactoryDependsOnPostProcessor:
      Did not match:
         - Ancestor org.springframework.boot.autoconfigure.cache.CacheAutoConfiguration did not match (ConditionEvaluationReport.AncestorsMatchedCondition)
      Matched:
         - @ConditionalOnClass found required class 'org.springframework.orm.jpa.LocalContainerEntityManagerFactoryBean' (OnClassCondition)

   CaffeineCacheConfiguration:
      Did not match:
         - @ConditionalOnClass did not find required class 'com.github.benmanes.caffeine.cache.Caffeine' (OnClassCondition)

   CassandraAutoConfiguration:
      Did not match:
         - @ConditionalOnClass did not find required class 'com.datastax.oss.driver.api.core.CqlSession' (OnClassCondition)

   CassandraDataAutoConfiguration:
      Did not match:
         - @ConditionalOnClass did not find required class 'com.datastax.oss.driver.api.core.CqlSession' (OnClassCondition)

   CassandraReactiveDataAutoConfiguration:
      Did not match:
         - @ConditionalOnClass did not find required class 'com.datastax.oss.driver.api.core.CqlSession' (OnClassCondition)

   CassandraReactiveRepositoriesAutoConfiguration:
      Did not match:
         - @ConditionalOnClass did not find required class 'org.springframework.data.cassandra.ReactiveSession' (OnClassCondition)

   CassandraRepositoriesAutoConfiguration:
      Did not match:
         - @ConditionalOnClass did not find required class 'com.datastax.oss.driver.api.core.CqlSession' (OnClassCondition)

   ClientHttpConnectorAutoConfiguration:
      Did not match:
         - @ConditionalOnClass did not find required class 'org.springframework.web.reactive.function.client.WebClient' (OnClassCondition)

   CodecsAutoConfiguration:
      Did not match:
         - @ConditionalOnClass did not find required class 'org.springframework.web.reactive.function.client.WebClient' (OnClassCondition)

   CouchbaseAutoConfiguration:
      Did not match:
         - @ConditionalOnClass did not find required class 'com.couchbase.client.java.Cluster' (OnClassCondition)

   CouchbaseCacheConfiguration:
      Did not match:
         - @ConditionalOnClass did not find required class 'com.couchbase.client.java.Cluster' (OnClassCondition)

   CouchbaseDataAutoConfiguration:
      Did not match:
         - @ConditionalOnClass did not find required class 'com.couchbase.client.java.Bucket' (OnClassCondition)

   CouchbaseReactiveDataAutoConfiguration:
      Did not match:
         - @ConditionalOnClass did not find required class 'com.couchbase.client.java.Cluster' (OnClassCondition)

   CouchbaseReactiveRepositoriesAutoConfiguration:
      Did not match:
         - @ConditionalOnClass did not find required class 'com.couchbase.client.java.Cluster' (OnClassCondition)

   CouchbaseRepositoriesAutoConfiguration:
      Did not match:
         - @ConditionalOnClass did not find required class 'com.couchbase.client.java.Bucket' (OnClassCondition)

   DataSourceAutoConfiguration.EmbeddedDatabaseConfiguration:
      Did not match:
         - EmbeddedDataSource spring.datasource.url is set (DataSourceAutoConfiguration.EmbeddedDatabaseCondition)

   DataSourceCheckpointRestoreConfiguration:
      Did not match:
         - @ConditionalOnClass did not find required class 'org.crac.Resource' (OnClassCondition)

   DataSourceConfiguration.Dbcp2:
      Did not match:
         - @ConditionalOnClass did not find required class 'org.apache.commons.dbcp2.BasicDataSource' (OnClassCondition)

   DataSourceConfiguration.Generic:
      Did not match:
         - @ConditionalOnProperty (spring.datasource.type) did not find property 'spring.datasource.type' (OnPropertyCondition)

   DataSourceConfiguration.OracleUcp:
      Did not match:
         - @ConditionalOnClass did not find required classes 'oracle.ucp.jdbc.PoolDataSourceImpl', 'oracle.jdbc.OracleConnection' (OnClassCondition)

   DataSourceConfiguration.Tomcat:
      Did not match:
         - @ConditionalOnClass did not find required class 'org.apache.tomcat.jdbc.pool.DataSource' (OnClassCondition)

   DataSourceJmxConfiguration.TomcatDataSourceJmxConfiguration:
      Did not match:
         - @ConditionalOnClass did not find required class 'org.apache.tomcat.jdbc.pool.DataSourceProxy' (OnClassCondition)

   DataSourcePoolMetadataProvidersConfiguration.CommonsDbcp2PoolDataSourceMetadataProviderConfiguration:
      Did not match:
         - @ConditionalOnClass did not find required class 'org.apache.commons.dbcp2.BasicDataSource' (OnClassCondition)

   DataSourcePoolMetadataProvidersConfiguration.OracleUcpPoolDataSourceMetadataProviderConfiguration:
      Did not match:
         - @ConditionalOnClass did not find required classes 'oracle.ucp.jdbc.PoolDataSource', 'oracle.jdbc.OracleConnection' (OnClassCondition)

   DataSourcePoolMetadataProvidersConfiguration.TomcatDataSourcePoolMetadataProviderConfiguration:
      Did not match:
         - @ConditionalOnClass did not find required class 'org.apache.tomcat.jdbc.pool.DataSource' (OnClassCondition)

   DataSourceTransactionManagerAutoConfiguration.JdbcTransactionManagerConfiguration#transactionManager:
      Did not match:
         - @ConditionalOnMissingBean (types: org.springframework.transaction.TransactionManager; SearchStrategy: all) found beans of type 'org.springframework.transaction.TransactionManager' transactionManager (OnBeanCondition)

   DispatcherServletAutoConfiguration.DispatcherServletConfiguration#multipartResolver:
      Did not match:
         - @ConditionalOnBean (types: org.springframework.web.multipart.MultipartResolver; SearchStrategy: all) did not find any beans of type org.springframework.web.multipart.MultipartResolver (OnBeanCondition)

   ElasticsearchClientAutoConfiguration:
      Did not match:
         - @ConditionalOnClass did not find required class 'co.elastic.clients.elasticsearch.ElasticsearchClient' (OnClassCondition)

   ElasticsearchDataAutoConfiguration:
      Did not match:
         - @ConditionalOnClass did not find required class 'org.springframework.data.elasticsearch.client.elc.ElasticsearchTemplate' (OnClassCondition)

   ElasticsearchRepositoriesAutoConfiguration:
      Did not match:
         - @ConditionalOnClass did not find required class 'org.springframework.data.elasticsearch.repository.ElasticsearchRepository' (OnClassCondition)

   ElasticsearchRestClientAutoConfiguration:
      Did not match:
         - @ConditionalOnClass did not find required class 'org.elasticsearch.client.RestClientBuilder' (OnClassCondition)

   EmbeddedLdapAutoConfiguration:
      Did not match:
         - @ConditionalOnClass did not find required class 'com.unboundid.ldap.listener.InMemoryDirectoryServer' (OnClassCondition)

   EmbeddedWebServerFactoryCustomizerAutoConfiguration.JettyWebServerFactoryCustomizerConfiguration:
      Did not match:
         - @ConditionalOnClass did not find required classes 'org.eclipse.jetty.server.Server', 'org.eclipse.jetty.util.Loader', 'org.eclipse.jetty.ee10.webapp.WebAppContext' (OnClassCondition)

   EmbeddedWebServerFactoryCustomizerAutoConfiguration.NettyWebServerFactoryCustomizerConfiguration:
      Did not match:
         - @ConditionalOnClass did not find required class 'reactor.netty.http.server.HttpServer' (OnClassCondition)

   EmbeddedWebServerFactoryCustomizerAutoConfiguration.TomcatWebServerFactoryCustomizerConfiguration#tomcatVirtualThreadsProtocolHandlerCustomizer:
      Did not match:
         - @ConditionalOnThreading did not find VIRTUAL (OnThreadingCondition)

   EmbeddedWebServerFactoryCustomizerAutoConfiguration.UndertowWebServerFactoryCustomizerConfiguration:
      Did not match:
         - @ConditionalOnClass did not find required classes 'io.undertow.Undertow', 'org.xnio.SslClientAuthMode' (OnClassCondition)

   ErrorWebFluxAutoConfiguration:
      Did not match:
         - @ConditionalOnClass did not find required class 'org.springframework.web.reactive.config.WebFluxConfigurer' (OnClassCondition)

   FlywayAutoConfiguration:
      Did not match:
         - @ConditionalOnClass did not find required class 'org.flywaydb.core.Flyway' (OnClassCondition)

   FreeMarkerAutoConfiguration:
      Did not match:
         - @ConditionalOnClass did not find required class 'freemarker.template.Configuration' (OnClassCondition)

   GraphQlAutoConfiguration:
      Did not match:
         - @ConditionalOnClass did not find required class 'graphql.GraphQL' (OnClassCondition)

   GraphQlQueryByExampleAutoConfiguration:
      Did not match:
         - @ConditionalOnClass did not find required class 'graphql.GraphQL' (OnClassCondition)

   GraphQlQuerydslAutoConfiguration:
      Did not match:
         - @ConditionalOnClass did not find required class 'com.querydsl.core.Query' (OnClassCondition)

   GraphQlRSocketAutoConfiguration:
      Did not match:
         - @ConditionalOnClass did not find required class 'graphql.GraphQL' (OnClassCondition)

   GraphQlReactiveQueryByExampleAutoConfiguration:
      Did not match:
         - @ConditionalOnClass did not find required class 'graphql.GraphQL' (OnClassCondition)

   GraphQlReactiveQuerydslAutoConfiguration:
      Did not match:
         - @ConditionalOnClass did not find required class 'com.querydsl.core.Query' (OnClassCondition)

   GraphQlWebFluxAutoConfiguration:
      Did not match:
         - @ConditionalOnClass did not find required class 'graphql.GraphQL' (OnClassCondition)

   GraphQlWebFluxSecurityAutoConfiguration:
      Did not match:
         - @ConditionalOnClass did not find required class 'graphql.GraphQL' (OnClassCondition)

   GraphQlWebMvcAutoConfiguration:
      Did not match:
         - @ConditionalOnClass did not find required class 'graphql.GraphQL' (OnClassCondition)

   GraphQlWebMvcSecurityAutoConfiguration:
      Did not match:
         - @ConditionalOnClass did not find required class 'graphql.GraphQL' (OnClassCondition)

   GroovyTemplateAutoConfiguration:
      Did not match:
         - @ConditionalOnClass did not find required class 'groovy.text.markup.MarkupTemplateEngine' (OnClassCondition)

   GsonHttpMessageConvertersConfiguration.GsonHttpMessageConverterConfiguration:
      Did not match:
         - AnyNestedCondition 0 matched 2 did not; NestedCondition on GsonHttpMessageConvertersConfiguration.PreferGsonOrJacksonAndJsonbUnavailableCondition.JacksonJsonbUnavailable NoneNestedConditions 1 matched 1 did not; NestedCondition on GsonHttpMessageConvertersConfiguration.JacksonAndJsonbUnavailableCondition.JsonbPreferred @ConditionalOnProperty (spring.mvc.converters.preferred-json-mapper=jsonb) did not find property 'spring.mvc.converters.preferred-json-mapper'; NestedCondition on GsonHttpMessageConvertersConfiguration.JacksonAndJsonbUnavailableCondition.JacksonAvailable @ConditionalOnBean (types: org.springframework.http.converter.json.MappingJackson2HttpMessageConverter; SearchStrategy: all) found bean 'mappingJackson2HttpMessageConverter'; NestedCondition on GsonHttpMessageConvertersConfiguration.PreferGsonOrJacksonAndJsonbUnavailableCondition.GsonPreferred @ConditionalOnProperty (spring.mvc.converters.preferred-json-mapper=gson) did not find property 'spring.mvc.converters.preferred-json-mapper' (GsonHttpMessageConvertersConfiguration.PreferGsonOrJacksonAndJsonbUnavailableCondition)

   H2ConsoleAutoConfiguration:
      Did not match:
         - @ConditionalOnClass did not find required class 'org.h2.server.web.JakartaWebServlet' (OnClassCondition)

   HazelcastAutoConfiguration:
      Did not match:
         - @ConditionalOnClass did not find required class 'com.hazelcast.core.HazelcastInstance' (OnClassCondition)

   HazelcastCacheConfiguration:
      Did not match:
         - @ConditionalOnClass did not find required class 'com.hazelcast.core.HazelcastInstance' (OnClassCondition)

   HazelcastJpaDependencyAutoConfiguration:
      Did not match:
         - @ConditionalOnClass did not find required class 'com.hazelcast.core.HazelcastInstance' (OnClassCondition)

   HttpHandlerAutoConfiguration:
      Did not match:
         - @ConditionalOnClass did not find required class 'org.springframework.web.reactive.DispatcherHandler' (OnClassCondition)

   HypermediaAutoConfiguration:
      Did not match:
         - @ConditionalOnClass did not find required class 'org.springframework.hateoas.EntityModel' (OnClassCondition)

   InfinispanCacheConfiguration:
      Did not match:
         - @ConditionalOnClass did not find required class 'org.infinispan.spring.embedded.provider.SpringEmbeddedCacheManager' (OnClassCondition)

   IntegrationAutoConfiguration:
      Did not match:
         - @ConditionalOnClass did not find required class 'org.springframework.integration.config.EnableIntegration' (OnClassCondition)

   JCacheCacheConfiguration:
      Did not match:
         - @ConditionalOnClass did not find required class 'javax.cache.Caching' (OnClassCondition)

   JacksonHttpMessageConvertersConfiguration.MappingJackson2XmlHttpMessageConverterConfiguration:
      Did not match:
         - @ConditionalOnClass did not find required class 'com.fasterxml.jackson.dataformat.xml.XmlMapper' (OnClassCondition)

   JdbcRepositoriesAutoConfiguration:
      Did not match:
         - @ConditionalOnClass did not find required class 'org.springframework.data.jdbc.repository.config.AbstractJdbcConfiguration' (OnClassCondition)

   JerseyAutoConfiguration:
      Did not match:
         - @ConditionalOnClass did not find required class 'org.glassfish.jersey.server.spring.SpringComponentProvider' (OnClassCondition)

   JmsAutoConfiguration:
      Did not match:
         - @ConditionalOnClass did not find required class 'jakarta.jms.Message' (OnClassCondition)

   JmxAutoConfiguration:
      Did not match:
         - @ConditionalOnProperty (spring.jmx.enabled=true) did not find property 'enabled' (OnPropertyCondition)
      Matched:
         - @ConditionalOnClass found required class 'org.springframework.jmx.export.MBeanExporter' (OnClassCondition)

   JndiConnectionFactoryAutoConfiguration:
      Did not match:
         - @ConditionalOnClass did not find required class 'org.springframework.jms.core.JmsTemplate' (OnClassCondition)

   JndiDataSourceAutoConfiguration:
      Did not match:
         - @ConditionalOnProperty (spring.datasource.jndi-name) did not find property 'jndi-name' (OnPropertyCondition)
      Matched:
         - @ConditionalOnClass found required classes 'javax.sql.DataSource', 'org.springframework.jdbc.datasource.embedded.EmbeddedDatabaseType' (OnClassCondition)

   JndiJtaConfiguration:
      Did not match:
         - @ConditionalOnJndi JNDI environment is not available (OnJndiCondition)
      Matched:
         - @ConditionalOnClass found required class 'org.springframework.transaction.jta.JtaTransactionManager' (OnClassCondition)

   JooqAutoConfiguration:
      Did not match:
         - @ConditionalOnClass did not find required class 'org.jooq.DSLContext' (OnClassCondition)

   JpaRepositoriesAutoConfiguration#entityManagerFactoryBootstrapExecutorCustomizer:
      Did not match:
         - AnyNestedCondition 0 matched 2 did not; NestedCondition on JpaRepositoriesAutoConfiguration.BootstrapExecutorCondition.LazyBootstrapMode @ConditionalOnProperty (spring.data.jpa.repositories.bootstrap-mode=lazy) did not find property 'bootstrap-mode'; NestedCondition on JpaRepositoriesAutoConfiguration.BootstrapExecutorCondition.DeferredBootstrapMode @ConditionalOnProperty (spring.data.jpa.repositories.bootstrap-mode=deferred) did not find property 'bootstrap-mode' (JpaRepositoriesAutoConfiguration.BootstrapExecutorCondition)

   JsonbAutoConfiguration:
      Did not match:
         - @ConditionalOnClass did not find required class 'jakarta.json.bind.Jsonb' (OnClassCondition)

   JsonbHttpMessageConvertersConfiguration:
      Did not match:
         - @ConditionalOnClass did not find required class 'jakarta.json.bind.Jsonb' (OnClassCondition)

   KafkaAutoConfiguration:
      Did not match:
         - @ConditionalOnClass did not find required class 'org.springframework.kafka.core.KafkaTemplate' (OnClassCondition)

   LdapAutoConfiguration:
      Did not match:
         - @ConditionalOnClass did not find required class 'org.springframework.ldap.core.ContextSource' (OnClassCondition)

   LdapRepositoriesAutoConfiguration:
      Did not match:
         - @ConditionalOnClass did not find required class 'org.springframework.data.ldap.repository.LdapRepository' (OnClassCondition)

   LiquibaseAutoConfiguration:
      Did not match:
         - @ConditionalOnClass did not find required class 'liquibase.change.DatabaseChange' (OnClassCondition)

   MailSenderJndiConfiguration:
      Did not match:
         - @ConditionalOnProperty (spring.mail.jndi-name) did not find property 'jndi-name' (OnPropertyCondition)
      Matched:
         - @ConditionalOnClass found required class 'jakarta.mail.Session' (OnClassCondition)

   MailSenderValidatorAutoConfiguration:
      Did not match:
         - @ConditionalOnProperty (spring.mail.test-connection) did not find property 'test-connection' (OnPropertyCondition)

   MessageSourceAutoConfiguration:
      Did not match:
         - ResourceBundle did not find bundle with basename messages (MessageSourceAutoConfiguration.ResourceBundleCondition)

   MongoAutoConfiguration:
      Did not match:
         - @ConditionalOnClass did not find required class 'com.mongodb.client.MongoClient' (OnClassCondition)

   MongoDataAutoConfiguration:
      Did not match:
         - @ConditionalOnClass did not find required class 'com.mongodb.client.MongoClient' (OnClassCondition)

   MongoReactiveAutoConfiguration:
      Did not match:
         - @ConditionalOnClass did not find required class 'com.mongodb.reactivestreams.client.MongoClient' (OnClassCondition)

   MongoReactiveDataAutoConfiguration:
      Did not match:
         - @ConditionalOnClass did not find required class 'com.mongodb.reactivestreams.client.MongoClient' (OnClassCondition)

   MongoReactiveRepositoriesAutoConfiguration:
      Did not match:
         - @ConditionalOnClass did not find required class 'com.mongodb.reactivestreams.client.MongoClient' (OnClassCondition)

   MongoRepositoriesAutoConfiguration:
      Did not match:
         - @ConditionalOnClass did not find required class 'com.mongodb.client.MongoClient' (OnClassCondition)

   MultipleOpenApiSupportConfiguration:
      Did not match:
         - AnyNestedCondition 0 matched 2 did not; NestedCondition on MultipleOpenApiSupportCondition.OnActuatorDifferentPort @ConditionalOnProperty (springdoc.show-actuator) did not find property 'springdoc.show-actuator'; NestedCondition on MultipleOpenApiSupportCondition.OnMultipleOpenApiSupportCondition AnyNestedCondition 0 matched 2 did not; NestedCondition on MultipleOpenApiGroupsCondition.OnGroupConfigProperty @ConditionalOnProperty (springdoc.group-configs[0].group) did not find property 'springdoc.group-configs[0].group'; NestedCondition on MultipleOpenApiGroupsCondition.OnGroupedOpenApiBean @ConditionalOnBean (types: org.springdoc.core.models.GroupedOpenApi; SearchStrategy: all) did not find any beans of type org.springdoc.core.models.GroupedOpenApi (MultipleOpenApiSupportCondition)
      Matched:
         - found 'session' scope (OnWebApplicationCondition)
         - @ConditionalOnProperty (springdoc.api-docs.enabled) matched (OnPropertyCondition)

   MultipleOpenApiSupportConfiguration.SpringDocWebMvcActuatorDifferentConfiguration:
      Did not match:
         - @ConditionalOnClass did not find required class 'org.springframework.boot.actuate.endpoint.web.servlet.WebMvcEndpointHandlerMapping' (OnClassCondition)
         - Ancestor org.springdoc.webmvc.core.configuration.MultipleOpenApiSupportConfiguration did not match (ConditionEvaluationReport.AncestorsMatchedCondition)

   MustacheAutoConfiguration:
      Did not match:
         - @ConditionalOnClass did not find required class 'com.samskivert.mustache.Mustache' (OnClassCondition)

   Neo4jAutoConfiguration:
      Did not match:
         - @ConditionalOnClass did not find required class 'org.neo4j.driver.Driver' (OnClassCondition)

   Neo4jDataAutoConfiguration:
      Did not match:
         - @ConditionalOnClass did not find required class 'org.neo4j.driver.Driver' (OnClassCondition)

   Neo4jReactiveDataAutoConfiguration:
      Did not match:
         - @ConditionalOnClass did not find required class 'org.neo4j.driver.Driver' (OnClassCondition)

   Neo4jReactiveRepositoriesAutoConfiguration:
      Did not match:
         - @ConditionalOnClass did not find required class 'org.neo4j.driver.Driver' (OnClassCondition)

   Neo4jRepositoriesAutoConfiguration:
      Did not match:
         - @ConditionalOnClass did not find required class 'org.neo4j.driver.Driver' (OnClassCondition)

   NettyAutoConfiguration:
      Did not match:
         - @ConditionalOnClass did not find required class 'io.netty.util.NettyRuntime' (OnClassCondition)

   OAuth2AuthorizationServerAutoConfiguration:
      Did not match:
         - @ConditionalOnClass did not find required class 'org.springframework.security.oauth2.server.authorization.OAuth2Authorization' (OnClassCondition)

   OAuth2AuthorizationServerJwtAutoConfiguration:
      Did not match:
         - @ConditionalOnClass did not find required class 'com.nimbusds.jose.jwk.source.JWKSource' (OnClassCondition)

   OAuth2ClientAutoConfiguration:
      Did not match:
         - @ConditionalOnClass did not find required class 'org.springframework.security.oauth2.client.registration.ClientRegistration' (OnClassCondition)

   OAuth2ResourceServerAutoConfiguration:
      Did not match:
         - @ConditionalOnClass did not find required class 'org.springframework.security.oauth2.server.resource.authentication.BearerTokenAuthenticationToken' (OnClassCondition)

   ProjectInfoAutoConfiguration#buildProperties:
      Did not match:
         - @ConditionalOnResource did not find resource '${spring.info.build.location:classpath:META-INF/build-info.properties}' (OnResourceCondition)

   ProjectInfoAutoConfiguration#gitProperties:
      Did not match:
         - GitResource did not find git info at classpath:git.properties (ProjectInfoAutoConfiguration.GitResourceAvailableCondition)

   PulsarAutoConfiguration:
      Did not match:
         - @ConditionalOnClass did not find required class 'org.apache.pulsar.client.api.PulsarClient' (OnClassCondition)

   PulsarReactiveAutoConfiguration:
      Did not match:
         - @ConditionalOnClass did not find required class 'org.apache.pulsar.client.api.PulsarClient' (OnClassCondition)

   QuartzAutoConfiguration:
      Did not match:
         - @ConditionalOnClass did not find required class 'org.quartz.Scheduler' (OnClassCondition)

   R2dbcAutoConfiguration:
      Did not match:
         - @ConditionalOnClass did not find required class 'io.r2dbc.spi.ConnectionFactory' (OnClassCondition)

   R2dbcDataAutoConfiguration:
      Did not match:
         - @ConditionalOnClass did not find required class 'org.springframework.data.r2dbc.core.R2dbcEntityTemplate' (OnClassCondition)

   R2dbcInitializationConfiguration:
      Did not match:
         - @ConditionalOnClass did not find required classes 'io.r2dbc.spi.ConnectionFactory', 'org.springframework.r2dbc.connection.init.DatabasePopulator' (OnClassCondition)

   R2dbcProxyAutoConfiguration:
      Did not match:
         - @ConditionalOnClass did not find required class 'io.r2dbc.proxy.ProxyConnectionFactory' (OnClassCondition)

   R2dbcRepositoriesAutoConfiguration:
      Did not match:
         - @ConditionalOnClass did not find required class 'io.r2dbc.spi.ConnectionFactory' (OnClassCondition)

   R2dbcTransactionManagerAutoConfiguration:
      Did not match:
         - @ConditionalOnClass did not find required class 'org.springframework.r2dbc.connection.R2dbcTransactionManager' (OnClassCondition)

   RSocketGraphQlClientAutoConfiguration:
      Did not match:
         - @ConditionalOnClass did not find required class 'graphql.GraphQL' (OnClassCondition)

   RSocketMessagingAutoConfiguration:
      Did not match:
         - @ConditionalOnClass did not find required class 'io.rsocket.RSocket' (OnClassCondition)

   RSocketRequesterAutoConfiguration:
      Did not match:
         - @ConditionalOnClass did not find required class 'io.rsocket.RSocket' (OnClassCondition)

   RSocketSecurityAutoConfiguration:
      Did not match:
         - @ConditionalOnClass did not find required class 'org.springframework.security.rsocket.core.SecuritySocketAcceptorInterceptor' (OnClassCondition)

   RSocketServerAutoConfiguration:
      Did not match:
         - @ConditionalOnClass did not find required class 'io.rsocket.core.RSocketServer' (OnClassCondition)

   RSocketStrategiesAutoConfiguration:
      Did not match:
         - @ConditionalOnClass did not find required class 'io.netty.buffer.PooledByteBufAllocator' (OnClassCondition)

   RabbitAutoConfiguration:
      Did not match:
         - @ConditionalOnClass did not find required class 'com.rabbitmq.client.Channel' (OnClassCondition)

   ReactiveElasticsearchClientAutoConfiguration:
      Did not match:
         - @ConditionalOnClass did not find required class 'co.elastic.clients.transport.ElasticsearchTransport' (OnClassCondition)

   ReactiveElasticsearchRepositoriesAutoConfiguration:
      Did not match:
         - @ConditionalOnClass did not find required class 'reactor.core.publisher.Mono' (OnClassCondition)

   ReactiveMultipartAutoConfiguration:
      Did not match:
         - @ConditionalOnClass did not find required class 'org.springframework.web.reactive.config.WebFluxConfigurer' (OnClassCondition)

   ReactiveOAuth2ClientAutoConfiguration:
      Did not match:
         - @ConditionalOnClass did not find required class 'reactor.core.publisher.Flux' (OnClassCondition)

   ReactiveOAuth2ResourceServerAutoConfiguration:
      Did not match:
         - @ConditionalOnWebApplication did not find reactive web application classes (OnWebApplicationCondition)

   ReactiveSecurityAutoConfiguration:
      Did not match:
         - @ConditionalOnClass did not find required class 'reactor.core.publisher.Flux' (OnClassCondition)

   ReactiveUserDetailsServiceAutoConfiguration:
      Did not match:
         - AnyNestedCondition 0 matched 2 did not; NestedCondition on ReactiveUserDetailsServiceAutoConfiguration.RSocketEnabledOrReactiveWebApplication.ReactiveWebApplicationCondition did not find reactive web application classes; NestedCondition on ReactiveUserDetailsServiceAutoConfiguration.RSocketEnabledOrReactiveWebApplication.RSocketSecurityEnabledCondition @ConditionalOnBean (types: org.springframework.messaging.rsocket.annotation.support.RSocketMessageHandler; SearchStrategy: all) did not find any beans of type org.springframework.messaging.rsocket.annotation.support.RSocketMessageHandler (ReactiveUserDetailsServiceAutoConfiguration.RSocketEnabledOrReactiveWebApplication)
      Matched:
         - @ConditionalOnClass found required class 'org.springframework.security.authentication.ReactiveAuthenticationManager' (OnClassCondition)
         - AnyNestedCondition 1 matched 2 did not; NestedCondition on ReactiveUserDetailsServiceAutoConfiguration.MissingAlternativeOrUserPropertiesConfigured.PasswordConfigured @ConditionalOnProperty (spring.security.user.password) did not find property 'password'; NestedCondition on ReactiveUserDetailsServiceAutoConfiguration.MissingAlternativeOrUserPropertiesConfigured.NameConfigured @ConditionalOnProperty (spring.security.user.name) did not find property 'name'; NestedCondition on ReactiveUserDetailsServiceAutoConfiguration.MissingAlternativeOrUserPropertiesConfigured.MissingAlternative @ConditionalOnMissingClass did not find unwanted classes 'org.springframework.security.oauth2.client.registration.ClientRegistrationRepository', 'org.springframework.security.oauth2.server.resource.introspection.ReactiveOpaqueTokenIntrospector' (ReactiveUserDetailsServiceAutoConfiguration.MissingAlternativeOrUserPropertiesConfigured)

   ReactiveWebServerFactoryAutoConfiguration:
      Did not match:
         - @ConditionalOnWebApplication did not find reactive web application classes (OnWebApplicationCondition)

   ReactorAutoConfiguration:
      Did not match:
         - @ConditionalOnClass did not find required class 'reactor.core.publisher.Hooks' (OnClassCondition)

   RedisAutoConfiguration:
      Did not match:
         - @ConditionalOnClass did not find required class 'org.springframework.data.redis.core.RedisOperations' (OnClassCondition)

   RedisCacheConfiguration:
      Did not match:
         - @ConditionalOnClass did not find required class 'org.springframework.data.redis.connection.RedisConnectionFactory' (OnClassCondition)

   RedisReactiveAutoConfiguration:
      Did not match:
         - @ConditionalOnClass did not find required class 'reactor.core.publisher.Flux' (OnClassCondition)

   RedisRepositoriesAutoConfiguration:
      Did not match:
         - @ConditionalOnClass did not find required class 'org.springframework.data.redis.repository.configuration.EnableRedisRepositories' (OnClassCondition)

   RepositoryRestMvcAutoConfiguration:
      Did not match:
         - @ConditionalOnClass did not find required class 'org.springframework.data.rest.webmvc.config.RepositoryRestMvcConfiguration' (OnClassCondition)

   Saml2RelyingPartyAutoConfiguration:
      Did not match:
         - @ConditionalOnClass did not find required class 'org.springframework.security.saml2.provider.service.registration.RelyingPartyRegistrationRepository' (OnClassCondition)

   SecurityDataConfiguration:
      Did not match:
         - @ConditionalOnClass did not find required class 'org.springframework.security.data.repository.query.SecurityEvaluationContextExtension' (OnClassCondition)

   SendGridAutoConfiguration:
      Did not match:
         - @ConditionalOnClass did not find required class 'com.sendgrid.SendGrid' (OnClassCondition)

   ServletWebServerFactoryAutoConfiguration.ForwardedHeaderFilterConfiguration:
      Did not match:
         - @ConditionalOnProperty (server.forward-headers-strategy=framework) did not find property 'server.forward-headers-strategy' (OnPropertyCondition)

   ServletWebServerFactoryConfiguration.EmbeddedJetty:
      Did not match:
         - @ConditionalOnClass did not find required classes 'org.eclipse.jetty.server.Server', 'org.eclipse.jetty.util.Loader', 'org.eclipse.jetty.ee10.webapp.WebAppContext' (OnClassCondition)

   ServletWebServerFactoryConfiguration.EmbeddedUndertow:
      Did not match:
         - @ConditionalOnClass did not find required classes 'io.undertow.Undertow', 'org.xnio.SslClientAuthMode' (OnClassCondition)

   SessionAutoConfiguration:
      Did not match:
         - @ConditionalOnClass did not find required class 'org.springframework.session.Session' (OnClassCondition)

   SpringApplicationAdminJmxAutoConfiguration:
      Did not match:
         - @ConditionalOnProperty (spring.application.admin.enabled=true) did not find property 'enabled' (OnPropertyCondition)

   SpringBootWebSecurityConfiguration.SecurityFilterChainConfiguration:
      Did not match:
         - AllNestedConditions 1 matched 1 did not; NestedCondition on DefaultWebSecurityCondition.Beans @ConditionalOnMissingBean (types: org.springframework.security.web.SecurityFilterChain; SearchStrategy: all) found beans of type 'org.springframework.security.web.SecurityFilterChain' securityFilterChain; NestedCondition on DefaultWebSecurityCondition.Classes @ConditionalOnClass found required classes 'org.springframework.security.web.SecurityFilterChain', 'org.springframework.security.config.annotation.web.builders.HttpSecurity' (DefaultWebSecurityCondition)

   SpringDocConfiguration#propertiesResolverForSchema:
      Did not match:
         - @ConditionalOnProperty (springdoc.api-docs.resolve-schema-properties) did not find property 'springdoc.api-docs.resolve-schema-properties' (OnPropertyCondition)

   SpringDocConfiguration#propertyCustomizingConverter:
      Did not match:
         - @ConditionalOnBean (types: org.springdoc.core.customizers.PropertyCustomizer; SearchStrategy: all) did not find any beans of type org.springdoc.core.customizers.PropertyCustomizer (OnBeanCondition)

   SpringDocConfiguration#springdocBeanFactoryPostProcessor:
      Did not match:
         - AnyNestedCondition 0 matched 2 did not; NestedCondition on CacheOrGroupedOpenApiCondition.OnCacheDisabled found non-matching nested conditions @ConditionalOnProperty (springdoc.cache.disabled) did not find property 'springdoc.cache.disabled'; NestedCondition on CacheOrGroupedOpenApiCondition.OnMultipleOpenApiSupportCondition AnyNestedCondition 0 matched 2 did not; NestedCondition on MultipleOpenApiSupportCondition.OnActuatorDifferentPort @ConditionalOnProperty (springdoc.show-actuator) did not find property 'springdoc.show-actuator'; NestedCondition on MultipleOpenApiSupportCondition.OnMultipleOpenApiSupportCondition AnyNestedCondition 0 matched 2 did not; NestedCondition on MultipleOpenApiGroupsCondition.OnGroupConfigProperty @ConditionalOnProperty (springdoc.group-configs[0].group) did not find property 'springdoc.group-configs[0].group'; NestedCondition on MultipleOpenApiGroupsCondition.OnGroupedOpenApiBean @ConditionalOnBean (types: org.springdoc.core.models.GroupedOpenApi; SearchStrategy: all) did not find any beans of type org.springdoc.core.models.GroupedOpenApi (CacheOrGroupedOpenApiCondition)
      Matched:
         - @ConditionalOnClass found required class 'org.springframework.boot.context.properties.bind.BindResult' (OnClassCondition)

   SpringDocConfiguration#springdocBeanFactoryPostProcessor2:
      Did not match:
         - @ConditionalOnMissingClass found unwanted class 'org.springframework.boot.context.properties.bind.BindResult' (OnClassCondition)

   SpringDocConfiguration.SpringDocActuatorConfiguration:
      Did not match:
         - @ConditionalOnClass did not find required class 'org.springframework.boot.actuate.autoconfigure.endpoint.web.WebEndpointProperties' (OnClassCondition)

   SpringDocConfiguration.SpringDocRepositoryRestConfiguration:
      Did not match:
         - @ConditionalOnClass did not find required class 'org.springframework.data.rest.core.config.RepositoryRestConfiguration' (OnClassCondition)

   SpringDocConfiguration.SpringDocWebFluxSupportConfiguration:
      Did not match:
         - @ConditionalOnClass did not find required class 'reactor.core.publisher.Flux' (OnClassCondition)

   SpringDocDataRestConfiguration:
      Did not match:
         - @ConditionalOnClass did not find required class 'org.springframework.data.rest.core.config.RepositoryRestConfiguration' (OnClassCondition)

   SpringDocFunctionCatalogConfiguration:
      Did not match:
         - @ConditionalOnClass did not find required class 'org.springframework.cloud.function.web.function.FunctionEndpointInitializer' (OnClassCondition)

   SpringDocGroovyConfiguration:
      Did not match:
         - @ConditionalOnClass did not find required class 'groovy.lang.MetaClass' (OnClassCondition)

   SpringDocHateoasConfiguration:
      Did not match:
         - @ConditionalOnClass did not find required class 'org.springframework.hateoas.server.LinkRelationProvider' (OnClassCondition)

   SpringDocJacksonKotlinModuleConfiguration:
      Did not match:
         - @ConditionalOnClass did not find required class 'com.fasterxml.jackson.module.kotlin.KotlinModule' (OnClassCondition)

   SpringDocJavadocConfiguration:
      Did not match:
         - @ConditionalOnClass did not find required class 'com.github.therapi.runtimejavadoc.CommentFormatter' (OnClassCondition)

   SpringDocKotlinConfiguration:
      Did not match:
         - @ConditionalOnClass did not find required class 'kotlin.coroutines.Continuation' (OnClassCondition)

   SpringDocKotlinxConfiguration:
      Did not match:
         - @ConditionalOnClass did not find required class 'kotlinx.coroutines.flow.Flow' (OnClassCondition)

   SpringDocSecurityConfiguration.SpringDocSecurityOAuth2Configuration:
      Did not match:
         - @ConditionalOnClass did not find required class 'org.springframework.security.oauth2.server.authorization.OAuth2AuthorizationService' (OnClassCondition)

   SpringDocSecurityConfiguration.SpringSecurityLoginEndpointConfiguration#springSecurityLoginEndpointCustomiser:
      Did not match:
         - @ConditionalOnProperty (springdoc.show-login-endpoint) did not find property 'springdoc.show-login-endpoint' (OnPropertyCondition)

   SpringDocSortConfiguration#delegatingMethodParameterCustomizer:
      Did not match:
         - @ConditionalOnMissingBean (types: org.springdoc.core.customizers.DelegatingMethodParameterCustomizer; SearchStrategy: all) found beans of type 'org.springdoc.core.customizers.DelegatingMethodParameterCustomizer' delegatingMethodParameterCustomizer (OnBeanCondition)

   SpringDocWebMvcConfiguration.SpringDocWebMvcActuatorConfiguration:
      Did not match:
         - @ConditionalOnClass did not find required class 'org.springframework.boot.actuate.endpoint.web.servlet.WebMvcEndpointHandlerMapping' (OnClassCondition)

   SwaggerConfig#springWebProvider:
      Did not match:
         - @ConditionalOnMissingBean (types: org.springdoc.core.providers.SpringWebProvider; SearchStrategy: all) found beans of type 'org.springdoc.core.providers.SpringWebProvider' springWebProvider (OnBeanCondition)

   SwaggerConfig#swaggerUiConfigParameters:
      Did not match:
         - @ConditionalOnMissingBean (types: org.springdoc.core.properties.SwaggerUiConfigParameters; SearchStrategy: all) found beans of type 'org.springdoc.core.properties.SwaggerUiConfigParameters' org.springdoc.core.properties.SwaggerUiConfigParameters (OnBeanCondition)

   SwaggerConfig#swaggerUiHome:
      Did not match:
         - @ConditionalOnProperty (springdoc.swagger-ui.use-root-path=true) did not find property 'springdoc.swagger-ui.use-root-path' (OnPropertyCondition)

   SwaggerConfig.SwaggerActuatorWelcomeConfiguration:
      Did not match:
         - @ConditionalOnClass did not find required class 'org.springframework.boot.actuate.endpoint.web.servlet.WebMvcEndpointHandlerMapping' (OnClassCondition)

   TaskExecutorConfigurations.SimpleAsyncTaskExecutorBuilderConfiguration#simpleAsyncTaskExecutorBuilderVirtualThreads:
      Did not match:
         - @ConditionalOnMissingBean (types: org.springframework.boot.task.SimpleAsyncTaskExecutorBuilder; SearchStrategy: all) found beans of type 'org.springframework.boot.task.SimpleAsyncTaskExecutorBuilder' simpleAsyncTaskExecutorBuilder (OnBeanCondition)

   TaskExecutorConfigurations.TaskExecutorConfiguration#applicationTaskExecutorVirtualThreads:
      Did not match:
         - @ConditionalOnThreading did not find VIRTUAL (OnThreadingCondition)

   TaskSchedulingConfigurations.SimpleAsyncTaskSchedulerBuilderConfiguration#simpleAsyncTaskSchedulerBuilderVirtualThreads:
      Did not match:
         - @ConditionalOnMissingBean (types: org.springframework.boot.task.SimpleAsyncTaskSchedulerBuilder; SearchStrategy: all) found beans of type 'org.springframework.boot.task.SimpleAsyncTaskSchedulerBuilder' simpleAsyncTaskSchedulerBuilder (OnBeanCondition)

   TaskSchedulingConfigurations.TaskSchedulerConfiguration#taskSchedulerVirtualThreads:
      Did not match:
         - @ConditionalOnThreading did not find VIRTUAL (OnThreadingCondition)

   ThymeleafAutoConfiguration:
      Did not match:
         - @ConditionalOnClass did not find required class 'org.thymeleaf.spring6.SpringTemplateEngine' (OnClassCondition)

   TransactionAutoConfiguration#transactionalOperator:
      Did not match:
         - @ConditionalOnSingleCandidate (types: org.springframework.transaction.ReactiveTransactionManager; SearchStrategy: all) did not find any beans (OnBeanCondition)

   TransactionAutoConfiguration.AspectJTransactionManagementConfiguration:
      Did not match:
         - @ConditionalOnBean (types: org.springframework.transaction.aspectj.AbstractTransactionAspect; SearchStrategy: all) did not find any beans of type org.springframework.transaction.aspectj.AbstractTransactionAspect (OnBeanCondition)

   TransactionAutoConfiguration.EnableTransactionManagementConfiguration.JdkDynamicAutoProxyConfiguration:
      Did not match:
         - @ConditionalOnProperty (spring.aop.proxy-target-class=false) did not find property 'proxy-target-class' (OnPropertyCondition)

   UserDetailsServiceAutoConfiguration:
      Did not match:
         - @ConditionalOnMissingBean (types: org.springframework.security.authentication.AuthenticationManager,org.springframework.security.authentication.AuthenticationProvider,org.springframework.security.core.userdetails.UserDetailsService,org.springframework.security.authentication.AuthenticationManagerResolver,org.springframework.security.oauth2.jwt.JwtDecoder; SearchStrategy: all) found beans of type 'org.springframework.security.authentication.AuthenticationManager' authenticationManager and found beans of type 'org.springframework.security.core.userdetails.UserDetailsService' customUserDetailsService and found beans of type 'org.springframework.security.authentication.AuthenticationProvider' authenticationProvider (OnBeanCondition)
      Matched:
         - @ConditionalOnClass found required class 'org.springframework.security.authentication.AuthenticationManager' (OnClassCondition)
         - found 'session' scope (OnWebApplicationCondition)
         - AnyNestedCondition 1 matched 2 did not; NestedCondition on UserDetailsServiceAutoConfiguration.MissingAlternativeOrUserPropertiesConfigured.PasswordConfigured @ConditionalOnProperty (spring.security.user.password) did not find property 'password'; NestedCondition on UserDetailsServiceAutoConfiguration.MissingAlternativeOrUserPropertiesConfigured.NameConfigured @ConditionalOnProperty (spring.security.user.name) did not find property 'name'; NestedCondition on UserDetailsServiceAutoConfiguration.MissingAlternativeOrUserPropertiesConfigured.MissingAlternative @ConditionalOnMissingClass did not find unwanted classes 'org.springframework.security.oauth2.client.registration.ClientRegistrationRepository', 'org.springframework.security.oauth2.server.resource.introspection.OpaqueTokenIntrospector', 'org.springframework.security.saml2.provider.service.registration.RelyingPartyRegistrationRepository' (UserDetailsServiceAutoConfiguration.MissingAlternativeOrUserPropertiesConfigured)

   WebClientAutoConfiguration:
      Did not match:
         - @ConditionalOnClass did not find required class 'org.springframework.web.reactive.function.client.WebClient' (OnClassCondition)

   WebFluxAutoConfiguration:
      Did not match:
         - @ConditionalOnClass did not find required class 'org.springframework.web.reactive.config.WebFluxConfigurer' (OnClassCondition)

   WebMvcAutoConfiguration#hiddenHttpMethodFilter:
      Did not match:
         - @ConditionalOnProperty (spring.mvc.hiddenmethod.filter.enabled) did not find property 'enabled' (OnPropertyCondition)

   WebMvcAutoConfiguration.ProblemDetailsErrorHandlingConfiguration:
      Did not match:
         - @ConditionalOnProperty (spring.mvc.problemdetails.enabled=true) did not find property 'enabled' (OnPropertyCondition)

   WebMvcAutoConfiguration.ResourceChainCustomizerConfiguration:
      Did not match:
         - @ConditionalOnEnabledResourceChain did not find class org.webjars.WebJarVersionLocator (OnEnabledResourceChainCondition)

   WebMvcAutoConfiguration.WebMvcAutoConfigurationAdapter#beanNameViewResolver:
      Did not match:
         - @ConditionalOnMissingBean (types: org.springframework.web.servlet.view.BeanNameViewResolver; SearchStrategy: all) found beans of type 'org.springframework.web.servlet.view.BeanNameViewResolver' beanNameViewResolver (OnBeanCondition)

   WebServiceTemplateAutoConfiguration:
      Did not match:
         - @ConditionalOnClass did not find required class 'org.springframework.oxm.Marshaller' (OnClassCondition)

   WebServicesAutoConfiguration:
      Did not match:
         - @ConditionalOnClass did not find required class 'org.springframework.ws.transport.http.MessageDispatcherServlet' (OnClassCondition)

   WebSessionIdResolverAutoConfiguration:
      Did not match:
         - @ConditionalOnClass did not find required class 'reactor.core.publisher.Mono' (OnClassCondition)

   WebSocketMessagingAutoConfiguration:
      Did not match:
         - @ConditionalOnClass did not find required class 'org.springframework.web.socket.config.annotation.WebSocketMessageBrokerConfigurer' (OnClassCondition)

   WebSocketReactiveAutoConfiguration:
      Did not match:
         - @ConditionalOnWebApplication did not find reactive web application classes (OnWebApplicationCondition)

   WebSocketServletAutoConfiguration.JettyWebSocketConfiguration:
      Did not match:
         - @ConditionalOnClass did not find required class 'org.eclipse.jetty.ee10.websocket.jakarta.server.config.JakartaWebSocketServletContainerInitializer' (OnClassCondition)

   WebSocketServletAutoConfiguration.UndertowWebSocketConfiguration:
      Did not match:
         - @ConditionalOnClass did not find required class 'io.undertow.websockets.jsr.Bootstrap' (OnClassCondition)

   XADataSourceAutoConfiguration:
      Did not match:
         - @ConditionalOnBean (types: org.springframework.boot.jdbc.XADataSourceWrapper; SearchStrategy: all) did not find any beans of type org.springframework.boot.jdbc.XADataSourceWrapper (OnBeanCondition)
      Matched:
         - @ConditionalOnClass found required classes 'javax.sql.DataSource', 'jakarta.transaction.TransactionManager', 'org.springframework.jdbc.datasource.embedded.EmbeddedDatabaseType' (OnClassCondition)


Exclusions:
-----------

    None


Unconditional classes:
----------------------

    org.springframework.boot.autoconfigure.context.ConfigurationPropertiesAutoConfiguration

    org.springframework.boot.autoconfigure.ssl.SslAutoConfiguration

    org.springframework.boot.autoconfigure.context.PropertyPlaceholderAutoConfiguration

    org.springframework.boot.autoconfigure.context.LifecycleAutoConfiguration

    org.springframework.boot.autoconfigure.availability.ApplicationAvailabilityAutoConfiguration

    org.springframework.boot.autoconfigure.info.ProjectInfoAutoConfiguration



2026-04-22T09:33:04.558+01:00  INFO 12756 --- [campConnect] [           main] c.e.campconnect.CampConnectApplication   : Started CampConnectApplication in 7.451 seconds (process running for 7.687)
2026-04-22T09:33:04.560+01:00 DEBUG 12756 --- [campConnect] [           main] o.s.b.a.ApplicationAvailabilityBean      : Application availability state LivenessState changed to CORRECT
2026-04-22T09:33:04.664+01:00 DEBUG 12756 --- [campConnect] [           main] org.hibernate.SQL                        : select u1_0.id,u1_0.date_creation,u1_0.email,u1_0.mot_de_passe,u1_0.nom,u1_0.profil_id,u1_0.role,u1_0.telephone,u1_0.two_factor_enabled,u1_0.two_factor_secret,u1_0.two_factor_verified from utilisateur u1_0 where u1_0.email=?
Hibernate: select u1_0.id,u1_0.date_creation,u1_0.email,u1_0.mot_de_passe,u1_0.nom,u1_0.profil_id,u1_0.role,u1_0.telephone,u1_0.two_factor_enabled,u1_0.two_factor_secret,u1_0.two_factor_verified from utilisateur u1_0 where u1_0.email=?
2026-04-22T09:33:04.700+01:00 DEBUG 12756 --- [campConnect] [           main] o.s.jdbc.core.JdbcTemplate               : Executing SQL query [SELECT COLUMN_TYPE
FROM INFORMATION_SCHEMA.COLUMNS
WHERE TABLE_SCHEMA = DATABASE()
  AND TABLE_NAME = 'user_notifications'
  AND COLUMN_NAME = 'notification_type'
]
2026-04-22T09:33:04.736+01:00 DEBUG 12756 --- [campConnect] [           main] o.s.jdbc.core.JdbcTemplate               : Executing prepared SQL query
2026-04-22T09:33:04.739+01:00 DEBUG 12756 --- [campConnect] [           main] o.s.jdbc.core.JdbcTemplate               : Executing prepared SQL statement [SELECT COUNT(*)
FROM INFORMATION_SCHEMA.COLUMNS
WHERE TABLE_SCHEMA = DATABASE()
  AND TABLE_NAME = ?
  AND COLUMN_NAME = ?
]
2026-04-22T09:33:04.754+01:00  WARN 12756 --- [campConnect] [           main] c.e.c.R.S.PromotionOfferDataBackfill     : Skipping promotion backfill because legacy promotion schema is not present
2026-04-22T09:33:04.762+01:00 DEBUG 12756 --- [campConnect] [           main] org.hibernate.SQL                        : select po1_0.id from promotion_offer po1_0 where upper(po1_0.code)=upper(?) limit ?
Hibernate: select po1_0.id from promotion_offer po1_0 where upper(po1_0.code)=upper(?) limit ?
2026-04-22T09:33:04.770+01:00 DEBUG 12756 --- [campConnect] [           main] org.hibernate.SQL                        : select po1_0.id from promotion_offer po1_0 where upper(po1_0.code)=upper(?) limit ?
Hibernate: select po1_0.id from promotion_offer po1_0 where upper(po1_0.code)=upper(?) limit ?
2026-04-22T09:33:04.775+01:00 DEBUG 12756 --- [campConnect] [           main] o.s.jdbc.core.JdbcTemplate               : Executing prepared SQL query
2026-04-22T09:33:04.776+01:00 DEBUG 12756 --- [campConnect] [           main] o.s.jdbc.core.JdbcTemplate               : Executing prepared SQL statement [SELECT COLUMN_TYPE
FROM INFORMATION_SCHEMA.COLUMNS
WHERE TABLE_SCHEMA = DATABASE()
  AND TABLE_NAME = 'reservation'
  AND COLUMN_NAME = ?
]
2026-04-22T09:33:04.784+01:00 DEBUG 12756 --- [campConnect] [           main] o.s.jdbc.core.JdbcTemplate               : Executing prepared SQL query
2026-04-22T09:33:04.785+01:00 DEBUG 12756 --- [campConnect] [           main] o.s.jdbc.core.JdbcTemplate               : Executing prepared SQL statement [SELECT COLUMN_TYPE
FROM INFORMATION_SCHEMA.COLUMNS
WHERE TABLE_SCHEMA = DATABASE()
  AND TABLE_NAME = 'reservation'
  AND COLUMN_NAME = ?
]
2026-04-22T09:33:04.793+01:00 DEBUG 12756 --- [campConnect] [           main] o.s.b.a.ApplicationAvailabilityBean      : Application availability state ReadinessState changed to ACCEPTING_TRAFFIC
2026-04-22T09:34:00.019+01:00 DEBUG 12756 --- [campConnect] [   scheduling-1] org.hibernate.SQL                        : select r1_0.id,r1_0.base_price_total,r1_0.cancellation_reason,r1_0.cancelled_at,r1_0.date_creation,r1_0.date_modification,r1_0.date_paiement,r1_0.discount_amount,r1_0.discount_auto_applied,r1_0.discount_label,r1_0.est_en_attente,r1_0.event_id,e1_0.id,e1_0.banner_image,e1_0.capacite_max,e1_0.capacite_waitlist,e1_0.categorie,e1_0.date_creation,e1_0.date_debut,e1_0.date_fin,e1_0.date_modification,e1_0.description,e1_0.duree_minutes,e1_0.gallery_images,e1_0.google_place_id,e1_0.latitude,e1_0.lieu,e1_0.longitude,e1_0.organisateur_id,e1_0.prix,e1_0.published,e1_0.published_at,e1_0.recurrence_frequency,e1_0.reservation_approval_required,e1_0.source_event_id,e1_0.statut,e1_0.thumbnail_image,e1_0.titre,r1_0.feedback_comment,r1_0.feedback_rating,r1_0.feedback_requested_at,r1_0.feedback_submitted_at,r1_0.invoice_hosted_url,r1_0.invoice_pdf_url,r1_0.nombre_participants,r1_0.prix_total,r1_0.promo_code,r1_0.promotion_offer_id,r1_0.refund_amount,r1_0.refund_percentage,r1_0.refunded_at,r1_0.remarques,r1_0.reminder_one_day_sent_at,r1_0.reminder_seven_days_sent_at,r1_0.reminder_two_hours_sent_at,r1_0.statut,r1_0.statut_paiement,r1_0.stripe_invoice_id,r1_0.stripe_invoice_number,r1_0.transaction_id,r1_0.utilisateur_id,r1_0.waitlist_offer_expires_at,r1_0.waitlist_offered_at from reservation r1_0 join event e1_0 on e1_0.id=r1_0.event_id where r1_0.est_en_attente=1 and r1_0.statut='PENDING' and e1_0.date_debut<=? order by e1_0.date_debut,r1_0.date_creation
Hibernate: select r1_0.id,r1_0.base_price_total,r1_0.cancellation_reason,r1_0.cancelled_at,r1_0.date_creation,r1_0.date_modification,r1_0.date_paiement,r1_0.discount_amount,r1_0.discount_auto_applied,r1_0.discount_label,r1_0.est_en_attente,r1_0.event_id,e1_0.id,e1_0.banner_image,e1_0.capacite_max,e1_0.capacite_waitlist,e1_0.categorie,e1_0.date_creation,e1_0.date_debut,e1_0.date_fin,e1_0.date_modification,e1_0.description,e1_0.duree_minutes,e1_0.gallery_images,e1_0.google_place_id,e1_0.latitude,e1_0.lieu,e1_0.longitude,e1_0.organisateur_id,e1_0.prix,e1_0.published,e1_0.published_at,e1_0.recurrence_frequency,e1_0.reservation_approval_required,e1_0.source_event_id,e1_0.statut,e1_0.thumbnail_image,e1_0.titre,r1_0.feedback_comment,r1_0.feedback_rating,r1_0.feedback_requested_at,r1_0.feedback_submitted_at,r1_0.invoice_hosted_url,r1_0.invoice_pdf_url,r1_0.nombre_participants,r1_0.prix_total,r1_0.promo_code,r1_0.promotion_offer_id,r1_0.refund_amount,r1_0.refund_percentage,r1_0.refunded_at,r1_0.remarques,r1_0.reminder_one_day_sent_at,r1_0.reminder_seven_days_sent_at,r1_0.reminder_two_hours_sent_at,r1_0.statut,r1_0.statut_paiement,r1_0.stripe_invoice_id,r1_0.stripe_invoice_number,r1_0.transaction_id,r1_0.utilisateur_id,r1_0.waitlist_offer_expires_at,r1_0.waitlist_offered_at from reservation r1_0 join event e1_0 on e1_0.id=r1_0.event_id where r1_0.est_en_attente=1 and r1_0.statut='PENDING' and e1_0.date_debut<=? order by e1_0.date_debut,r1_0.date_creation
2026-04-22T09:35:00.018+01:00 DEBUG 12756 --- [campConnect] [   scheduling-1] org.hibernate.SQL                        : select r1_0.id,r1_0.base_price_total,r1_0.cancellation_reason,r1_0.cancelled_at,r1_0.date_creation,r1_0.date_modification,r1_0.date_paiement,r1_0.discount_amount,r1_0.discount_auto_applied,r1_0.discount_label,r1_0.est_en_attente,r1_0.event_id,e1_0.id,e1_0.banner_image,e1_0.capacite_max,e1_0.capacite_waitlist,e1_0.categorie,e1_0.date_creation,e1_0.date_debut,e1_0.date_fin,e1_0.date_modification,e1_0.description,e1_0.duree_minutes,e1_0.gallery_images,e1_0.google_place_id,e1_0.latitude,e1_0.lieu,e1_0.longitude,e1_0.organisateur_id,e1_0.prix,e1_0.published,e1_0.published_at,e1_0.recurrence_frequency,e1_0.reservation_approval_required,e1_0.source_event_id,e1_0.statut,e1_0.thumbnail_image,e1_0.titre,r1_0.feedback_comment,r1_0.feedback_rating,r1_0.feedback_requested_at,r1_0.feedback_submitted_at,r1_0.invoice_hosted_url,r1_0.invoice_pdf_url,r1_0.nombre_participants,r1_0.prix_total,r1_0.promo_code,r1_0.promotion_offer_id,r1_0.refund_amount,r1_0.refund_percentage,r1_0.refunded_at,r1_0.remarques,r1_0.reminder_one_day_sent_at,r1_0.reminder_seven_days_sent_at,r1_0.reminder_two_hours_sent_at,r1_0.statut,r1_0.statut_paiement,r1_0.stripe_invoice_id,r1_0.stripe_invoice_number,r1_0.transaction_id,r1_0.utilisateur_id,r1_0.waitlist_offer_expires_at,r1_0.waitlist_offered_at from reservation r1_0 join event e1_0 on e1_0.id=r1_0.event_id where r1_0.est_en_attente=1 and r1_0.statut='PENDING' and e1_0.date_debut<=? order by e1_0.date_debut,r1_0.date_creation
Hibernate: select r1_0.id,r1_0.base_price_total,r1_0.cancellation_reason,r1_0.cancelled_at,r1_0.date_creation,r1_0.date_modification,r1_0.date_paiement,r1_0.discount_amount,r1_0.discount_auto_applied,r1_0.discount_label,r1_0.est_en_attente,r1_0.event_id,e1_0.id,e1_0.banner_image,e1_0.capacite_max,e1_0.capacite_waitlist,e1_0.categorie,e1_0.date_creation,e1_0.date_debut,e1_0.date_fin,e1_0.date_modification,e1_0.description,e1_0.duree_minutes,e1_0.gallery_images,e1_0.google_place_id,e1_0.latitude,e1_0.lieu,e1_0.longitude,e1_0.organisateur_id,e1_0.prix,e1_0.published,e1_0.published_at,e1_0.recurrence_frequency,e1_0.reservation_approval_required,e1_0.source_event_id,e1_0.statut,e1_0.thumbnail_image,e1_0.titre,r1_0.feedback_comment,r1_0.feedback_rating,r1_0.feedback_requested_at,r1_0.feedback_submitted_at,r1_0.invoice_hosted_url,r1_0.invoice_pdf_url,r1_0.nombre_participants,r1_0.prix_total,r1_0.promo_code,r1_0.promotion_offer_id,r1_0.refund_amount,r1_0.refund_percentage,r1_0.refunded_at,r1_0.remarques,r1_0.reminder_one_day_sent_at,r1_0.reminder_seven_days_sent_at,r1_0.reminder_two_hours_sent_at,r1_0.statut,r1_0.statut_paiement,r1_0.stripe_invoice_id,r1_0.stripe_invoice_number,r1_0.transaction_id,r1_0.utilisateur_id,r1_0.waitlist_offer_expires_at,r1_0.waitlist_offered_at from reservation r1_0 join event e1_0 on e1_0.id=r1_0.event_id where r1_0.est_en_attente=1 and r1_0.statut='PENDING' and e1_0.date_debut<=? order by e1_0.date_debut,r1_0.date_creation
2026-04-22T09:36:00.004+01:00 DEBUG 12756 --- [campConnect] [   scheduling-1] org.hibernate.SQL                        : select r1_0.id,r1_0.base_price_total,r1_0.cancellation_reason,r1_0.cancelled_at,r1_0.date_creation,r1_0.date_modification,r1_0.date_paiement,r1_0.discount_amount,r1_0.discount_auto_applied,r1_0.discount_label,r1_0.est_en_attente,r1_0.event_id,e1_0.id,e1_0.banner_image,e1_0.capacite_max,e1_0.capacite_waitlist,e1_0.categorie,e1_0.date_creation,e1_0.date_debut,e1_0.date_fin,e1_0.date_modification,e1_0.description,e1_0.duree_minutes,e1_0.gallery_images,e1_0.google_place_id,e1_0.latitude,e1_0.lieu,e1_0.longitude,e1_0.organisateur_id,e1_0.prix,e1_0.published,e1_0.published_at,e1_0.recurrence_frequency,e1_0.reservation_approval_required,e1_0.source_event_id,e1_0.statut,e1_0.thumbnail_image,e1_0.titre,r1_0.feedback_comment,r1_0.feedback_rating,r1_0.feedback_requested_at,r1_0.feedback_submitted_at,r1_0.invoice_hosted_url,r1_0.invoice_pdf_url,r1_0.nombre_participants,r1_0.prix_total,r1_0.promo_code,r1_0.promotion_offer_id,r1_0.refund_amount,r1_0.refund_percentage,r1_0.refunded_at,r1_0.remarques,r1_0.reminder_one_day_sent_at,r1_0.reminder_seven_days_sent_at,r1_0.reminder_two_hours_sent_at,r1_0.statut,r1_0.statut_paiement,r1_0.stripe_invoice_id,r1_0.stripe_invoice_number,r1_0.transaction_id,r1_0.utilisateur_id,r1_0.waitlist_offer_expires_at,r1_0.waitlist_offered_at from reservation r1_0 join event e1_0 on e1_0.id=r1_0.event_id where r1_0.est_en_attente=1 and r1_0.statut='PENDING' and e1_0.date_debut<=? order by e1_0.date_debut,r1_0.date_creation
Hibernate: select r1_0.id,r1_0.base_price_total,r1_0.cancellation_reason,r1_0.cancelled_at,r1_0.date_creation,r1_0.date_modification,r1_0.date_paiement,r1_0.discount_amount,r1_0.discount_auto_applied,r1_0.discount_label,r1_0.est_en_attente,r1_0.event_id,e1_0.id,e1_0.banner_image,e1_0.capacite_max,e1_0.capacite_waitlist,e1_0.categorie,e1_0.date_creation,e1_0.date_debut,e1_0.date_fin,e1_0.date_modification,e1_0.description,e1_0.duree_minutes,e1_0.gallery_images,e1_0.google_place_id,e1_0.latitude,e1_0.lieu,e1_0.longitude,e1_0.organisateur_id,e1_0.prix,e1_0.published,e1_0.published_at,e1_0.recurrence_frequency,e1_0.reservation_approval_required,e1_0.source_event_id,e1_0.statut,e1_0.thumbnail_image,e1_0.titre,r1_0.feedback_comment,r1_0.feedback_rating,r1_0.feedback_requested_at,r1_0.feedback_submitted_at,r1_0.invoice_hosted_url,r1_0.invoice_pdf_url,r1_0.nombre_participants,r1_0.prix_total,r1_0.promo_code,r1_0.promotion_offer_id,r1_0.refund_amount,r1_0.refund_percentage,r1_0.refunded_at,r1_0.remarques,r1_0.reminder_one_day_sent_at,r1_0.reminder_seven_days_sent_at,r1_0.reminder_two_hours_sent_at,r1_0.statut,r1_0.statut_paiement,r1_0.stripe_invoice_id,r1_0.stripe_invoice_number,r1_0.transaction_id,r1_0.utilisateur_id,r1_0.waitlist_offer_expires_at,r1_0.waitlist_offered_at from reservation r1_0 join event e1_0 on e1_0.id=r1_0.event_id where r1_0.est_en_attente=1 and r1_0.statut='PENDING' and e1_0.date_debut<=? order by e1_0.date_debut,r1_0.date_creation
2026-04-22T09:37:00.007+01:00 DEBUG 12756 --- [campConnect] [   scheduling-1] org.hibernate.SQL                        : select r1_0.id,r1_0.base_price_total,r1_0.cancellation_reason,r1_0.cancelled_at,r1_0.date_creation,r1_0.date_modification,r1_0.date_paiement,r1_0.discount_amount,r1_0.discount_auto_applied,r1_0.discount_label,r1_0.est_en_attente,r1_0.event_id,e1_0.id,e1_0.banner_image,e1_0.capacite_max,e1_0.capacite_waitlist,e1_0.categorie,e1_0.date_creation,e1_0.date_debut,e1_0.date_fin,e1_0.date_modification,e1_0.description,e1_0.duree_minutes,e1_0.gallery_images,e1_0.google_place_id,e1_0.latitude,e1_0.lieu,e1_0.longitude,e1_0.organisateur_id,e1_0.prix,e1_0.published,e1_0.published_at,e1_0.recurrence_frequency,e1_0.reservation_approval_required,e1_0.source_event_id,e1_0.statut,e1_0.thumbnail_image,e1_0.titre,r1_0.feedback_comment,r1_0.feedback_rating,r1_0.feedback_requested_at,r1_0.feedback_submitted_at,r1_0.invoice_hosted_url,r1_0.invoice_pdf_url,r1_0.nombre_participants,r1_0.prix_total,r1_0.promo_code,r1_0.promotion_offer_id,r1_0.refund_amount,r1_0.refund_percentage,r1_0.refunded_at,r1_0.remarques,r1_0.reminder_one_day_sent_at,r1_0.reminder_seven_days_sent_at,r1_0.reminder_two_hours_sent_at,r1_0.statut,r1_0.statut_paiement,r1_0.stripe_invoice_id,r1_0.stripe_invoice_number,r1_0.transaction_id,r1_0.utilisateur_id,r1_0.waitlist_offer_expires_at,r1_0.waitlist_offered_at from reservation r1_0 join event e1_0 on e1_0.id=r1_0.event_id where r1_0.est_en_attente=1 and r1_0.statut='PENDING' and e1_0.date_debut<=? order by e1_0.date_debut,r1_0.date_creation
Hibernate: select r1_0.id,r1_0.base_price_total,r1_0.cancellation_reason,r1_0.cancelled_at,r1_0.date_creation,r1_0.date_modification,r1_0.date_paiement,r1_0.discount_amount,r1_0.discount_auto_applied,r1_0.discount_label,r1_0.est_en_attente,r1_0.event_id,e1_0.id,e1_0.banner_image,e1_0.capacite_max,e1_0.capacite_waitlist,e1_0.categorie,e1_0.date_creation,e1_0.date_debut,e1_0.date_fin,e1_0.date_modification,e1_0.description,e1_0.duree_minutes,e1_0.gallery_images,e1_0.google_place_id,e1_0.latitude,e1_0.lieu,e1_0.longitude,e1_0.organisateur_id,e1_0.prix,e1_0.published,e1_0.published_at,e1_0.recurrence_frequency,e1_0.reservation_approval_required,e1_0.source_event_id,e1_0.statut,e1_0.thumbnail_image,e1_0.titre,r1_0.feedback_comment,r1_0.feedback_rating,r1_0.feedback_requested_at,r1_0.feedback_submitted_at,r1_0.invoice_hosted_url,r1_0.invoice_pdf_url,r1_0.nombre_participants,r1_0.prix_total,r1_0.promo_code,r1_0.promotion_offer_id,r1_0.refund_amount,r1_0.refund_percentage,r1_0.refunded_at,r1_0.remarques,r1_0.reminder_one_day_sent_at,r1_0.reminder_seven_days_sent_at,r1_0.reminder_two_hours_sent_at,r1_0.statut,r1_0.statut_paiement,r1_0.stripe_invoice_id,r1_0.stripe_invoice_number,r1_0.transaction_id,r1_0.utilisateur_id,r1_0.waitlist_offer_expires_at,r1_0.waitlist_offered_at from reservation r1_0 join event e1_0 on e1_0.id=r1_0.event_id where r1_0.est_en_attente=1 and r1_0.statut='PENDING' and e1_0.date_debut<=? order by e1_0.date_debut,r1_0.date_creation
2026-04-22T09:38:00.003+01:00 DEBUG 12756 --- [campConnect] [   scheduling-1] org.hibernate.SQL                        : select r1_0.id,r1_0.base_price_total,r1_0.cancellation_reason,r1_0.cancelled_at,r1_0.date_creation,r1_0.date_modification,r1_0.date_paiement,r1_0.discount_amount,r1_0.discount_auto_applied,r1_0.discount_label,r1_0.est_en_attente,r1_0.event_id,e1_0.id,e1_0.banner_image,e1_0.capacite_max,e1_0.capacite_waitlist,e1_0.categorie,e1_0.date_creation,e1_0.date_debut,e1_0.date_fin,e1_0.date_modification,e1_0.description,e1_0.duree_minutes,e1_0.gallery_images,e1_0.google_place_id,e1_0.latitude,e1_0.lieu,e1_0.longitude,e1_0.organisateur_id,e1_0.prix,e1_0.published,e1_0.published_at,e1_0.recurrence_frequency,e1_0.reservation_approval_required,e1_0.source_event_id,e1_0.statut,e1_0.thumbnail_image,e1_0.titre,r1_0.feedback_comment,r1_0.feedback_rating,r1_0.feedback_requested_at,r1_0.feedback_submitted_at,r1_0.invoice_hosted_url,r1_0.invoice_pdf_url,r1_0.nombre_participants,r1_0.prix_total,r1_0.promo_code,r1_0.promotion_offer_id,r1_0.refund_amount,r1_0.refund_percentage,r1_0.refunded_at,r1_0.remarques,r1_0.reminder_one_day_sent_at,r1_0.reminder_seven_days_sent_at,r1_0.reminder_two_hours_sent_at,r1_0.statut,r1_0.statut_paiement,r1_0.stripe_invoice_id,r1_0.stripe_invoice_number,r1_0.transaction_id,r1_0.utilisateur_id,r1_0.waitlist_offer_expires_at,r1_0.waitlist_offered_at from reservation r1_0 join event e1_0 on e1_0.id=r1_0.event_id where r1_0.est_en_attente=1 and r1_0.statut='PENDING' and e1_0.date_debut<=? order by e1_0.date_debut,r1_0.date_creation
Hibernate: select r1_0.id,r1_0.base_price_total,r1_0.cancellation_reason,r1_0.cancelled_at,r1_0.date_creation,r1_0.date_modification,r1_0.date_paiement,r1_0.discount_amount,r1_0.discount_auto_applied,r1_0.discount_label,r1_0.est_en_attente,r1_0.event_id,e1_0.id,e1_0.banner_image,e1_0.capacite_max,e1_0.capacite_waitlist,e1_0.categorie,e1_0.date_creation,e1_0.date_debut,e1_0.date_fin,e1_0.date_modification,e1_0.description,e1_0.duree_minutes,e1_0.gallery_images,e1_0.google_place_id,e1_0.latitude,e1_0.lieu,e1_0.longitude,e1_0.organisateur_id,e1_0.prix,e1_0.published,e1_0.published_at,e1_0.recurrence_frequency,e1_0.reservation_approval_required,e1_0.source_event_id,e1_0.statut,e1_0.thumbnail_image,e1_0.titre,r1_0.feedback_comment,r1_0.feedback_rating,r1_0.feedback_requested_at,r1_0.feedback_submitted_at,r1_0.invoice_hosted_url,r1_0.invoice_pdf_url,r1_0.nombre_participants,r1_0.prix_total,r1_0.promo_code,r1_0.promotion_offer_id,r1_0.refund_amount,r1_0.refund_percentage,r1_0.refunded_at,r1_0.remarques,r1_0.reminder_one_day_sent_at,r1_0.reminder_seven_days_sent_at,r1_0.reminder_two_hours_sent_at,r1_0.statut,r1_0.statut_paiement,r1_0.stripe_invoice_id,r1_0.stripe_invoice_number,r1_0.transaction_id,r1_0.utilisateur_id,r1_0.waitlist_offer_expires_at,r1_0.waitlist_offered_at from reservation r1_0 join event e1_0 on e1_0.id=r1_0.event_id where r1_0.est_en_attente=1 and r1_0.statut='PENDING' and e1_0.date_debut<=? order by e1_0.date_debut,r1_0.date_creation
2026-04-22T09:39:00.006+01:00 DEBUG 12756 --- [campConnect] [   scheduling-1] org.hibernate.SQL                        : select r1_0.id,r1_0.base_price_total,r1_0.cancellation_reason,r1_0.cancelled_at,r1_0.date_creation,r1_0.date_modification,r1_0.date_paiement,r1_0.discount_amount,r1_0.discount_auto_applied,r1_0.discount_label,r1_0.est_en_attente,r1_0.event_id,e1_0.id,e1_0.banner_image,e1_0.capacite_max,e1_0.capacite_waitlist,e1_0.categorie,e1_0.date_creation,e1_0.date_debut,e1_0.date_fin,e1_0.date_modification,e1_0.description,e1_0.duree_minutes,e1_0.gallery_images,e1_0.google_place_id,e1_0.latitude,e1_0.lieu,e1_0.longitude,e1_0.organisateur_id,e1_0.prix,e1_0.published,e1_0.published_at,e1_0.recurrence_frequency,e1_0.reservation_approval_required,e1_0.source_event_id,e1_0.statut,e1_0.thumbnail_image,e1_0.titre,r1_0.feedback_comment,r1_0.feedback_rating,r1_0.feedback_requested_at,r1_0.feedback_submitted_at,r1_0.invoice_hosted_url,r1_0.invoice_pdf_url,r1_0.nombre_participants,r1_0.prix_total,r1_0.promo_code,r1_0.promotion_offer_id,r1_0.refund_amount,r1_0.refund_percentage,r1_0.refunded_at,r1_0.remarques,r1_0.reminder_one_day_sent_at,r1_0.reminder_seven_days_sent_at,r1_0.reminder_two_hours_sent_at,r1_0.statut,r1_0.statut_paiement,r1_0.stripe_invoice_id,r1_0.stripe_invoice_number,r1_0.transaction_id,r1_0.utilisateur_id,r1_0.waitlist_offer_expires_at,r1_0.waitlist_offered_at from reservation r1_0 join event e1_0 on e1_0.id=r1_0.event_id where r1_0.est_en_attente=1 and r1_0.statut='PENDING' and e1_0.date_debut<=? order by e1_0.date_debut,r1_0.date_creation
Hibernate: select r1_0.id,r1_0.base_price_total,r1_0.cancellation_reason,r1_0.cancelled_at,r1_0.date_creation,r1_0.date_modification,r1_0.date_paiement,r1_0.discount_amount,r1_0.discount_auto_applied,r1_0.discount_label,r1_0.est_en_attente,r1_0.event_id,e1_0.id,e1_0.banner_image,e1_0.capacite_max,e1_0.capacite_waitlist,e1_0.categorie,e1_0.date_creation,e1_0.date_debut,e1_0.date_fin,e1_0.date_modification,e1_0.description,e1_0.duree_minutes,e1_0.gallery_images,e1_0.google_place_id,e1_0.latitude,e1_0.lieu,e1_0.longitude,e1_0.organisateur_id,e1_0.prix,e1_0.published,e1_0.published_at,e1_0.recurrence_frequency,e1_0.reservation_approval_required,e1_0.source_event_id,e1_0.statut,e1_0.thumbnail_image,e1_0.titre,r1_0.feedback_comment,r1_0.feedback_rating,r1_0.feedback_requested_at,r1_0.feedback_submitted_at,r1_0.invoice_hosted_url,r1_0.invoice_pdf_url,r1_0.nombre_participants,r1_0.prix_total,r1_0.promo_code,r1_0.promotion_offer_id,r1_0.refund_amount,r1_0.refund_percentage,r1_0.refunded_at,r1_0.remarques,r1_0.reminder_one_day_sent_at,r1_0.reminder_seven_days_sent_at,r1_0.reminder_two_hours_sent_at,r1_0.statut,r1_0.statut_paiement,r1_0.stripe_invoice_id,r1_0.stripe_invoice_number,r1_0.transaction_id,r1_0.utilisateur_id,r1_0.waitlist_offer_expires_at,r1_0.waitlist_offered_at from reservation r1_0 join event e1_0 on e1_0.id=r1_0.event_id where r1_0.est_en_attente=1 and r1_0.statut='PENDING' and e1_0.date_debut<=? order by e1_0.date_debut,r1_0.date_creation
2026-04-22T09:40:00.009+01:00 DEBUG 12756 --- [campConnect] [   scheduling-1] org.hibernate.SQL                        : select r1_0.id,r1_0.base_price_total,r1_0.cancellation_reason,r1_0.cancelled_at,r1_0.date_creation,r1_0.date_modification,r1_0.date_paiement,r1_0.discount_amount,r1_0.discount_auto_applied,r1_0.discount_label,r1_0.est_en_attente,r1_0.event_id,e1_0.id,e1_0.banner_image,e1_0.capacite_max,e1_0.capacite_waitlist,e1_0.categorie,e1_0.date_creation,e1_0.date_debut,e1_0.date_fin,e1_0.date_modification,e1_0.description,e1_0.duree_minutes,e1_0.gallery_images,e1_0.google_place_id,e1_0.latitude,e1_0.lieu,e1_0.longitude,e1_0.organisateur_id,e1_0.prix,e1_0.published,e1_0.published_at,e1_0.recurrence_frequency,e1_0.reservation_approval_required,e1_0.source_event_id,e1_0.statut,e1_0.thumbnail_image,e1_0.titre,r1_0.feedback_comment,r1_0.feedback_rating,r1_0.feedback_requested_at,r1_0.feedback_submitted_at,r1_0.invoice_hosted_url,r1_0.invoice_pdf_url,r1_0.nombre_participants,r1_0.prix_total,r1_0.promo_code,r1_0.promotion_offer_id,r1_0.refund_amount,r1_0.refund_percentage,r1_0.refunded_at,r1_0.remarques,r1_0.reminder_one_day_sent_at,r1_0.reminder_seven_days_sent_at,r1_0.reminder_two_hours_sent_at,r1_0.statut,r1_0.statut_paiement,r1_0.stripe_invoice_id,r1_0.stripe_invoice_number,r1_0.transaction_id,r1_0.utilisateur_id,r1_0.waitlist_offer_expires_at,r1_0.waitlist_offered_at from reservation r1_0 join event e1_0 on e1_0.id=r1_0.event_id where r1_0.est_en_attente=1 and r1_0.statut='PENDING' and e1_0.date_debut<=? order by e1_0.date_debut,r1_0.date_creation
Hibernate: select r1_0.id,r1_0.base_price_total,r1_0.cancellation_reason,r1_0.cancelled_at,r1_0.date_creation,r1_0.date_modification,r1_0.date_paiement,r1_0.discount_amount,r1_0.discount_auto_applied,r1_0.discount_label,r1_0.est_en_attente,r1_0.event_id,e1_0.id,e1_0.banner_image,e1_0.capacite_max,e1_0.capacite_waitlist,e1_0.categorie,e1_0.date_creation,e1_0.date_debut,e1_0.date_fin,e1_0.date_modification,e1_0.description,e1_0.duree_minutes,e1_0.gallery_images,e1_0.google_place_id,e1_0.latitude,e1_0.lieu,e1_0.longitude,e1_0.organisateur_id,e1_0.prix,e1_0.published,e1_0.published_at,e1_0.recurrence_frequency,e1_0.reservation_approval_required,e1_0.source_event_id,e1_0.statut,e1_0.thumbnail_image,e1_0.titre,r1_0.feedback_comment,r1_0.feedback_rating,r1_0.feedback_requested_at,r1_0.feedback_submitted_at,r1_0.invoice_hosted_url,r1_0.invoice_pdf_url,r1_0.nombre_participants,r1_0.prix_total,r1_0.promo_code,r1_0.promotion_offer_id,r1_0.refund_amount,r1_0.refund_percentage,r1_0.refunded_at,r1_0.remarques,r1_0.reminder_one_day_sent_at,r1_0.reminder_seven_days_sent_at,r1_0.reminder_two_hours_sent_at,r1_0.statut,r1_0.statut_paiement,r1_0.stripe_invoice_id,r1_0.stripe_invoice_number,r1_0.transaction_id,r1_0.utilisateur_id,r1_0.waitlist_offer_expires_at,r1_0.waitlist_offered_at from reservation r1_0 join event e1_0 on e1_0.id=r1_0.event_id where r1_0.est_en_attente=1 and r1_0.statut='PENDING' and e1_0.date_debut<=? order by e1_0.date_debut,r1_0.date_creation
2026-04-22T09:41:00.002+01:00 DEBUG 12756 --- [campConnect] [   scheduling-1] org.hibernate.SQL                        : select r1_0.id,r1_0.base_price_total,r1_0.cancellation_reason,r1_0.cancelled_at,r1_0.date_creation,r1_0.date_modification,r1_0.date_paiement,r1_0.discount_amount,r1_0.discount_auto_applied,r1_0.discount_label,r1_0.est_en_attente,r1_0.event_id,e1_0.id,e1_0.banner_image,e1_0.capacite_max,e1_0.capacite_waitlist,e1_0.categorie,e1_0.date_creation,e1_0.date_debut,e1_0.date_fin,e1_0.date_modification,e1_0.description,e1_0.duree_minutes,e1_0.gallery_images,e1_0.google_place_id,e1_0.latitude,e1_0.lieu,e1_0.longitude,e1_0.organisateur_id,e1_0.prix,e1_0.published,e1_0.published_at,e1_0.recurrence_frequency,e1_0.reservation_approval_required,e1_0.source_event_id,e1_0.statut,e1_0.thumbnail_image,e1_0.titre,r1_0.feedback_comment,r1_0.feedback_rating,r1_0.feedback_requested_at,r1_0.feedback_submitted_at,r1_0.invoice_hosted_url,r1_0.invoice_pdf_url,r1_0.nombre_participants,r1_0.prix_total,r1_0.promo_code,r1_0.promotion_offer_id,r1_0.refund_amount,r1_0.refund_percentage,r1_0.refunded_at,r1_0.remarques,r1_0.reminder_one_day_sent_at,r1_0.reminder_seven_days_sent_at,r1_0.reminder_two_hours_sent_at,r1_0.statut,r1_0.statut_paiement,r1_0.stripe_invoice_id,r1_0.stripe_invoice_number,r1_0.transaction_id,r1_0.utilisateur_id,r1_0.waitlist_offer_expires_at,r1_0.waitlist_offered_at from reservation r1_0 join event e1_0 on e1_0.id=r1_0.event_id where r1_0.est_en_attente=1 and r1_0.statut='PENDING' and e1_0.date_debut<=? order by e1_0.date_debut,r1_0.date_creation
Hibernate: select r1_0.id,r1_0.base_price_total,r1_0.cancellation_reason,r1_0.cancelled_at,r1_0.date_creation,r1_0.date_modification,r1_0.date_paiement,r1_0.discount_amount,r1_0.discount_auto_applied,r1_0.discount_label,r1_0.est_en_attente,r1_0.event_id,e1_0.id,e1_0.banner_image,e1_0.capacite_max,e1_0.capacite_waitlist,e1_0.categorie,e1_0.date_creation,e1_0.date_debut,e1_0.date_fin,e1_0.date_modification,e1_0.description,e1_0.duree_minutes,e1_0.gallery_images,e1_0.google_place_id,e1_0.latitude,e1_0.lieu,e1_0.longitude,e1_0.organisateur_id,e1_0.prix,e1_0.published,e1_0.published_at,e1_0.recurrence_frequency,e1_0.reservation_approval_required,e1_0.source_event_id,e1_0.statut,e1_0.thumbnail_image,e1_0.titre,r1_0.feedback_comment,r1_0.feedback_rating,r1_0.feedback_requested_at,r1_0.feedback_submitted_at,r1_0.invoice_hosted_url,r1_0.invoice_pdf_url,r1_0.nombre_participants,r1_0.prix_total,r1_0.promo_code,r1_0.promotion_offer_id,r1_0.refund_amount,r1_0.refund_percentage,r1_0.refunded_at,r1_0.remarques,r1_0.reminder_one_day_sent_at,r1_0.reminder_seven_days_sent_at,r1_0.reminder_two_hours_sent_at,r1_0.statut,r1_0.statut_paiement,r1_0.stripe_invoice_id,r1_0.stripe_invoice_number,r1_0.transaction_id,r1_0.utilisateur_id,r1_0.waitlist_offer_expires_at,r1_0.waitlist_offered_at from reservation r1_0 join event e1_0 on e1_0.id=r1_0.event_id where r1_0.est_en_attente=1 and r1_0.statut='PENDING' and e1_0.date_debut<=? order by e1_0.date_debut,r1_0.date_creation
2026-04-22T09:42:00.014+01:00 DEBUG 12756 --- [campConnect] [   scheduling-1] org.hibernate.SQL                        : select r1_0.id,r1_0.base_price_total,r1_0.cancellation_reason,r1_0.cancelled_at,r1_0.date_creation,r1_0.date_modification,r1_0.date_paiement,r1_0.discount_amount,r1_0.discount_auto_applied,r1_0.discount_label,r1_0.est_en_attente,r1_0.event_id,e1_0.id,e1_0.banner_image,e1_0.capacite_max,e1_0.capacite_waitlist,e1_0.categorie,e1_0.date_creation,e1_0.date_debut,e1_0.date_fin,e1_0.date_modification,e1_0.description,e1_0.duree_minutes,e1_0.gallery_images,e1_0.google_place_id,e1_0.latitude,e1_0.lieu,e1_0.longitude,e1_0.organisateur_id,e1_0.prix,e1_0.published,e1_0.published_at,e1_0.recurrence_frequency,e1_0.reservation_approval_required,e1_0.source_event_id,e1_0.statut,e1_0.thumbnail_image,e1_0.titre,r1_0.feedback_comment,r1_0.feedback_rating,r1_0.feedback_requested_at,r1_0.feedback_submitted_at,r1_0.invoice_hosted_url,r1_0.invoice_pdf_url,r1_0.nombre_participants,r1_0.prix_total,r1_0.promo_code,r1_0.promotion_offer_id,r1_0.refund_amount,r1_0.refund_percentage,r1_0.refunded_at,r1_0.remarques,r1_0.reminder_one_day_sent_at,r1_0.reminder_seven_days_sent_at,r1_0.reminder_two_hours_sent_at,r1_0.statut,r1_0.statut_paiement,r1_0.stripe_invoice_id,r1_0.stripe_invoice_number,r1_0.transaction_id,r1_0.utilisateur_id,r1_0.waitlist_offer_expires_at,r1_0.waitlist_offered_at from reservation r1_0 join event e1_0 on e1_0.id=r1_0.event_id where r1_0.est_en_attente=1 and r1_0.statut='PENDING' and e1_0.date_debut<=? order by e1_0.date_debut,r1_0.date_creation
Hibernate: select r1_0.id,r1_0.base_price_total,r1_0.cancellation_reason,r1_0.cancelled_at,r1_0.date_creation,r1_0.date_modification,r1_0.date_paiement,r1_0.discount_amount,r1_0.discount_auto_applied,r1_0.discount_label,r1_0.est_en_attente,r1_0.event_id,e1_0.id,e1_0.banner_image,e1_0.capacite_max,e1_0.capacite_waitlist,e1_0.categorie,e1_0.date_creation,e1_0.date_debut,e1_0.date_fin,e1_0.date_modification,e1_0.description,e1_0.duree_minutes,e1_0.gallery_images,e1_0.google_place_id,e1_0.latitude,e1_0.lieu,e1_0.longitude,e1_0.organisateur_id,e1_0.prix,e1_0.published,e1_0.published_at,e1_0.recurrence_frequency,e1_0.reservation_approval_required,e1_0.source_event_id,e1_0.statut,e1_0.thumbnail_image,e1_0.titre,r1_0.feedback_comment,r1_0.feedback_rating,r1_0.feedback_requested_at,r1_0.feedback_submitted_at,r1_0.invoice_hosted_url,r1_0.invoice_pdf_url,r1_0.nombre_participants,r1_0.prix_total,r1_0.promo_code,r1_0.promotion_offer_id,r1_0.refund_amount,r1_0.refund_percentage,r1_0.refunded_at,r1_0.remarques,r1_0.reminder_one_day_sent_at,r1_0.reminder_seven_days_sent_at,r1_0.reminder_two_hours_sent_at,r1_0.statut,r1_0.statut_paiement,r1_0.stripe_invoice_id,r1_0.stripe_invoice_number,r1_0.transaction_id,r1_0.utilisateur_id,r1_0.waitlist_offer_expires_at,r1_0.waitlist_offered_at from reservation r1_0 join event e1_0 on e1_0.id=r1_0.event_id where r1_0.est_en_attente=1 and r1_0.statut='PENDING' and e1_0.date_debut<=? order by e1_0.date_debut,r1_0.date_creation
2026-04-22T09:43:00.014+01:00 DEBUG 12756 --- [campConnect] [   scheduling-1] org.hibernate.SQL                        : select r1_0.id,r1_0.base_price_total,r1_0.cancellation_reason,r1_0.cancelled_at,r1_0.date_creation,r1_0.date_modification,r1_0.date_paiement,r1_0.discount_amount,r1_0.discount_auto_applied,r1_0.discount_label,r1_0.est_en_attente,r1_0.event_id,e1_0.id,e1_0.banner_image,e1_0.capacite_max,e1_0.capacite_waitlist,e1_0.categorie,e1_0.date_creation,e1_0.date_debut,e1_0.date_fin,e1_0.date_modification,e1_0.description,e1_0.duree_minutes,e1_0.gallery_images,e1_0.google_place_id,e1_0.latitude,e1_0.lieu,e1_0.longitude,e1_0.organisateur_id,e1_0.prix,e1_0.published,e1_0.published_at,e1_0.recurrence_frequency,e1_0.reservation_approval_required,e1_0.source_event_id,e1_0.statut,e1_0.thumbnail_image,e1_0.titre,r1_0.feedback_comment,r1_0.feedback_rating,r1_0.feedback_requested_at,r1_0.feedback_submitted_at,r1_0.invoice_hosted_url,r1_0.invoice_pdf_url,r1_0.nombre_participants,r1_0.prix_total,r1_0.promo_code,r1_0.promotion_offer_id,r1_0.refund_amount,r1_0.refund_percentage,r1_0.refunded_at,r1_0.remarques,r1_0.reminder_one_day_sent_at,r1_0.reminder_seven_days_sent_at,r1_0.reminder_two_hours_sent_at,r1_0.statut,r1_0.statut_paiement,r1_0.stripe_invoice_id,r1_0.stripe_invoice_number,r1_0.transaction_id,r1_0.utilisateur_id,r1_0.waitlist_offer_expires_at,r1_0.waitlist_offered_at from reservation r1_0 join event e1_0 on e1_0.id=r1_0.event_id where r1_0.est_en_attente=1 and r1_0.statut='PENDING' and e1_0.date_debut<=? order by e1_0.date_debut,r1_0.date_creation
Hibernate: select r1_0.id,r1_0.base_price_total,r1_0.cancellation_reason,r1_0.cancelled_at,r1_0.date_creation,r1_0.date_modification,r1_0.date_paiement,r1_0.discount_amount,r1_0.discount_auto_applied,r1_0.discount_label,r1_0.est_en_attente,r1_0.event_id,e1_0.id,e1_0.banner_image,e1_0.capacite_max,e1_0.capacite_waitlist,e1_0.categorie,e1_0.date_creation,e1_0.date_debut,e1_0.date_fin,e1_0.date_modification,e1_0.description,e1_0.duree_minutes,e1_0.gallery_images,e1_0.google_place_id,e1_0.latitude,e1_0.lieu,e1_0.longitude,e1_0.organisateur_id,e1_0.prix,e1_0.published,e1_0.published_at,e1_0.recurrence_frequency,e1_0.reservation_approval_required,e1_0.source_event_id,e1_0.statut,e1_0.thumbnail_image,e1_0.titre,r1_0.feedback_comment,r1_0.feedback_rating,r1_0.feedback_requested_at,r1_0.feedback_submitted_at,r1_0.invoice_hosted_url,r1_0.invoice_pdf_url,r1_0.nombre_participants,r1_0.prix_total,r1_0.promo_code,r1_0.promotion_offer_id,r1_0.refund_amount,r1_0.refund_percentage,r1_0.refunded_at,r1_0.remarques,r1_0.reminder_one_day_sent_at,r1_0.reminder_seven_days_sent_at,r1_0.reminder_two_hours_sent_at,r1_0.statut,r1_0.statut_paiement,r1_0.stripe_invoice_id,r1_0.stripe_invoice_number,r1_0.transaction_id,r1_0.utilisateur_id,r1_0.waitlist_offer_expires_at,r1_0.waitlist_offered_at from reservation r1_0 join event e1_0 on e1_0.id=r1_0.event_id where r1_0.est_en_attente=1 and r1_0.statut='PENDING' and e1_0.date_debut<=? order by e1_0.date_debut,r1_0.date_creation
2026-04-22T09:44:00.014+01:00 DEBUG 12756 --- [campConnect] [   scheduling-1] org.hibernate.SQL                        : select r1_0.id,r1_0.base_price_total,r1_0.cancellation_reason,r1_0.cancelled_at,r1_0.date_creation,r1_0.date_modification,r1_0.date_paiement,r1_0.discount_amount,r1_0.discount_auto_applied,r1_0.discount_label,r1_0.est_en_attente,r1_0.event_id,e1_0.id,e1_0.banner_image,e1_0.capacite_max,e1_0.capacite_waitlist,e1_0.categorie,e1_0.date_creation,e1_0.date_debut,e1_0.date_fin,e1_0.date_modification,e1_0.description,e1_0.duree_minutes,e1_0.gallery_images,e1_0.google_place_id,e1_0.latitude,e1_0.lieu,e1_0.longitude,e1_0.organisateur_id,e1_0.prix,e1_0.published,e1_0.published_at,e1_0.recurrence_frequency,e1_0.reservation_approval_required,e1_0.source_event_id,e1_0.statut,e1_0.thumbnail_image,e1_0.titre,r1_0.feedback_comment,r1_0.feedback_rating,r1_0.feedback_requested_at,r1_0.feedback_submitted_at,r1_0.invoice_hosted_url,r1_0.invoice_pdf_url,r1_0.nombre_participants,r1_0.prix_total,r1_0.promo_code,r1_0.promotion_offer_id,r1_0.refund_amount,r1_0.refund_percentage,r1_0.refunded_at,r1_0.remarques,r1_0.reminder_one_day_sent_at,r1_0.reminder_seven_days_sent_at,r1_0.reminder_two_hours_sent_at,r1_0.statut,r1_0.statut_paiement,r1_0.stripe_invoice_id,r1_0.stripe_invoice_number,r1_0.transaction_id,r1_0.utilisateur_id,r1_0.waitlist_offer_expires_at,r1_0.waitlist_offered_at from reservation r1_0 join event e1_0 on e1_0.id=r1_0.event_id where r1_0.est_en_attente=1 and r1_0.statut='PENDING' and e1_0.date_debut<=? order by e1_0.date_debut,r1_0.date_creation
Hibernate: select r1_0.id,r1_0.base_price_total,r1_0.cancellation_reason,r1_0.cancelled_at,r1_0.date_creation,r1_0.date_modification,r1_0.date_paiement,r1_0.discount_amount,r1_0.discount_auto_applied,r1_0.discount_label,r1_0.est_en_attente,r1_0.event_id,e1_0.id,e1_0.banner_image,e1_0.capacite_max,e1_0.capacite_waitlist,e1_0.categorie,e1_0.date_creation,e1_0.date_debut,e1_0.date_fin,e1_0.date_modification,e1_0.description,e1_0.duree_minutes,e1_0.gallery_images,e1_0.google_place_id,e1_0.latitude,e1_0.lieu,e1_0.longitude,e1_0.organisateur_id,e1_0.prix,e1_0.published,e1_0.published_at,e1_0.recurrence_frequency,e1_0.reservation_approval_required,e1_0.source_event_id,e1_0.statut,e1_0.thumbnail_image,e1_0.titre,r1_0.feedback_comment,r1_0.feedback_rating,r1_0.feedback_requested_at,r1_0.feedback_submitted_at,r1_0.invoice_hosted_url,r1_0.invoice_pdf_url,r1_0.nombre_participants,r1_0.prix_total,r1_0.promo_code,r1_0.promotion_offer_id,r1_0.refund_amount,r1_0.refund_percentage,r1_0.refunded_at,r1_0.remarques,r1_0.reminder_one_day_sent_at,r1_0.reminder_seven_days_sent_at,r1_0.reminder_two_hours_sent_at,r1_0.statut,r1_0.statut_paiement,r1_0.stripe_invoice_id,r1_0.stripe_invoice_number,r1_0.transaction_id,r1_0.utilisateur_id,r1_0.waitlist_offer_expires_at,r1_0.waitlist_offered_at from reservation r1_0 join event e1_0 on e1_0.id=r1_0.event_id where r1_0.est_en_attente=1 and r1_0.statut='PENDING' and e1_0.date_debut<=? order by e1_0.date_debut,r1_0.date_creation
